#{"t_start": 1791126376.6734924, "env_id": "None"}
r,l,t,success,coverage,overfill,iou
-97.902676,24,4.612808,False,0.8750217663862309,0.0066247995799520246,0.8692630727470289
-90.79045,24,4.644447,False,0.901988516779686,0.013633281282309851,0.889856848068972
-110.629453,24,4.679067,False,0.8917740349237209,0.014489361937666702,0.8790373446799279
-94.639465,24,4.708961,False,0.9174032807159971,0.012359730500671153,0.9062028576169141
-96.084288,24,4.743066,False,0.9312413899102553,0.011478552215931847,0.9206733923028876
-90.466521,24,4.78454,False,0.9167446637909685,0.01574200815637315,0.9025369202312602
-94.890246,24,4.828753,False,0.8902255152221596,0.014584865702452592,0.8774283407093872
-92.078196,24,4.873209,False,0.9111822081447534,0.012869898644066733,0.8996043908152044
-109.312236,24,4.902865,False,0.8641188326055022,0.012987816258974105,0.8530397095956649
-111.176528,24,4.940536,False,0.8513402137396273,0.0033437800027313063,0.848503006354721
-113.774676,24,4.982392,False,0.8617639078086927,0.008749828301896528,0.8542890255152399
-91.810271,24,5.022108,False,0.8987955214521972,0.005587631660331105,0.8938012890713375
-101.39429,24,5.06424,False,0.8805754785584152,0.019501855439492035,0.8637311191344642
-100.216994,24,5.113346,False,0.9091125764890419,0.017209545748207496,0.8937318572058277
-121.731028,24,5.166216,False,0.8652026635728028,0.010656085379057234,0.8560801998716501
-102.388802,24,5.216293,False,0.9047808143643454,0.016388080588987337,0.8901922716764183
-104.365181,24,5.269276,False,0.8991069913379778,0.010915591272941835,0.8893986788806226
-100.299831,24,5.31316,False,0.8932901124039747,0.007694820989081026,0.8864688929602567
-92.973911,24,5.355829,False,0.8950230327584955,0.010336792516579645,0.8858660195172575
-93.79844,24,5.406774,False,0.9316374793008381,0.0085799933222886,0.9237120361985369
-107.171798,24,5.426191,False,0.8820582430021597,0.010634045126095568,0.8727770920205903
-111.057354,24,5.474642,False,0.853689556513442,0.0039023773958920885,0.8503710876030595
-87.250138,24,5.511111,False,0.9140079078556524,0.00838803562320107,0.9064049508389693
-99.922133,24,5.551135,False,0.890292060812112,0.00849960168187893,0.882788708421271
-90.024431,24,5.573374,False,0.905718392715158,0.012670392456550257,0.8943861689468903
-101.624275,24,5.608788,False,0.9112743596262375,0.011325813494317995,0.9010690199606557
-91.941105,24,5.645761,False,0.9115309720865691,0.0149708540319255,0.8980858597717891
-94.695906,24,5.684374,False,0.9121106694776637,0.00802073071515256,0.9048530865338015
-98.485487,24,5.726814,False,0.8755492604721057,0.007224993792183146,0.8692687987970585
-90.794099,24,5.767427,False,0.9055915892452524,0.01047857122141049,0.8962006865228459
-85.07274,24,5.801455,False,0.9235742341359777,0.010061298075505903,0.9143744403391022
-114.972073,24,5.829163,False,0.8537795281569217,0.005694270684420093,0.8489454032346098
-103.413707,24,5.867523,False,0.8682736335026672,0.009070494988451512,0.8604687559639769
-86.155133,24,5.910916,False,0.9182593357844175,0.013883197151539578,0.9056855250824029
-105.56374,24,5.949625,False,0.8706145082398822,0.009744306791235762,0.8622128417901358
-96.169897,24,5.985808,False,0.8892351098932068,0.01084006111443941,0.8796991176950737
-110.903943,24,6.020002,False,0.872481694118624,0.007141875508927188,0.8662947250383598
-102.115844,24,6.063237,False,0.8903440154540696,0.0104374663356203,0.8811470725476235
-95.658741,24,6.094022,False,0.9104247329433681,0.013983346553095792,0.8978695123921299
-104.605716,24,6.13763,False,0.8844420410542686,0.011292116198560076,0.8745663363607343
-113.620281,24,6.180645,False,0.8714392271958494,0.013833271564460055,0.8595488544690583
-100.986991,24,6.209573,False,0.8965399269113036,0.009930969172230153,0.8877239675560543
-104.362935,24,6.884692,False,0.9270595123225629,0.013433459094192251,0.9147709738645984
-91.76016,24,6.915745,False,0.8901660116265335,0.016244601320570356,0.8759367680475716
-111.410656,24,6.957347,False,0.8587959691064921,0.009968454132333266,0.8503195972039408
-94.916366,24,7.005513,False,0.8906907542954527,0.008404959666103207,0.8832669313629444
-95.155991,24,7.061355,False,0.9044063671464674,0.012380385504120055,0.8933463943951396
-102.825447,24,7.102212,False,0.8826011325016377,0.010710397721860603,0.87324829594216
-106.466257,24,7.142777,False,0.8468495995529752,0.005398823067440086,0.8423021592259917
-84.884525,24,7.18676,False,0.9176467815964491,0.014056514516670537,0.9049266667684954
-116.396596,24,7.23197,False,0.8681076810098344,0.006236774760254407,0.8627270467397389
-105.228159,24,7.272449,False,0.8699844356423432,0.006388236924238887,0.8644620472723548
-90.792946,24,7.312101,False,0.8972455069232286,0.006177872554001099,0.8917364726434827
-95.630934,24,7.357301,False,0.8858718593439342,0.013419527916063234,0.8741412958220663
-112.935371,24,7.401854,False,0.869167163835222,0.008551032872299257,0.8617979016489435
-84.077623,24,7.438677,False,0.9134605066784897,0.009558071092405066,0.904812246897366
-107.671202,24,7.474476,False,0.8538501609659919,0.006947718648237525,0.8479587819238821
-95.683392,24,7.517115,False,0.8825400520269779,0.010208285664144223,0.8736218704113744
-86.726912,24,7.556081,False,0.9081627743020936,0.009517222533257905,0.8996010707208855
-97.259647,24,7.596738,False,0.8964495998203501,0.014730213615339618,0.8834363930353738
-99.10258,24,7.633809,False,0.8769247773307179,0.007935172819912068,0.8700210102573714
-118.403014,24,7.67328,False,0.8974094980149682,0.01211875285256314,0.8866642333082976
-89.720146,24,7.714632,False,0.8967078262132638,0.010125218455276416,0.8877194726259237
-87.713683,24,7.752827,False,0.9267239873087852,0.01231368002194189,0.9154514115513073
-103.722358,24,7.794037,False,0.8625490355414512,0.008997214153455354,0.8548576977639395
-97.799482,24,7.831553,False,0.8921220828252774,0.011467359091377022,0.8820077828578567
-92.736221,24,7.870126,False,0.9157431974989143,0.010130726853197927,0.9065590949318768
-100.045145,24,7.917839,False,0.8943301407904035,0.01255243747095817,0.8832432846877171
-93.732596,24,7.966579,False,0.9297623129400974,0.009497056874601449,0.9210153775174318
-90.6728,24,8.034279,False,0.9090640938072042,0.014984422485716018,0.8956433947832314
-90.65784,24,8.080046,False,0.9205786625147642,0.013306782198719018,0.9084895894185678
-92.159895,24,8.123115,False,0.8936647280401165,0.010048161569090384,0.8847743721960993
-116.773549,24,8.158034,False,0.8619476301839583,0.012223203206198886,0.8515390947903135
-94.517914,24,8.204634,False,0.8997660407270063,0.0054293059302767495,0.8949073151339019
-92.379844,24,8.254486,False,0.9090006356143083,0.011893942733031418,0.8983161151841489
-99.553985,24,8.320263,False,0.8796400637314442,0.01155453814934926,0.8695923260259958
-99.194647,24,8.374655,False,0.9027536357024963,0.013569549175904373,0.8906676768619297
-93.192929,24,8.431008,False,0.8963494579300952,0.015617948407514995,0.8825655940164979
-104.874444,24,8.491262,False,0.887745262299907,0.012455301801245279,0.8768241528495446
-99.14265,24,8.558942,False,0.9152152798842592,0.007196979160885217,0.9086755608091106
-93.242295,24,8.616781,False,0.8930874348903819,0.013384883249317305,0.8812914517007461
-108.675686,24,8.678702,False,0.8679849441207037,0.00803971920345423,0.8610622454505853
-97.777686,24,8.739086,False,0.8811237866172735,0.008533794478845969,0.8736680827563039
-106.679509,24,8.783081,False,0.8859753708880881,0.0129224992582395,0.8746724172252917
-101.141909,24,8.811763,False,0.8964685567308766,0.009571061012015871,0.8879697441329559
-95.0422,24,9.211155,False,0.902207959067503,0.010548427173495177,0.8927904242956263
-98.583201,24,9.244408,False,0.9109690931707334,0.007497925453691196,0.904189547348706
-100.789369,24,9.278653,False,0.885513762496345,0.015630654496014328,0.8718856196160825
-92.689872,24,9.319535,False,0.9231747478057193,0.011611266016208167,0.9125785554378435
-103.166038,24,9.34682,False,0.8915120889944828,0.006318562435278106,0.8859143836490854
-100.972275,24,9.381026,False,0.8948154786587305,0.009830063752903049,0.8861050099194553
-116.266442,24,9.418871,False,0.8461362692566995,0.010780499752872392,0.8371117858561505
-103.94103,24,9.464277,False,0.8856408995952416,0.01056527115306608,0.8763816894130112
-110.753706,24,9.505579,False,0.8924734315731069,0.007175253391350813,0.886115329549628
-90.770251,24,9.546107,False,0.8929680504919993,0.012279634141721502,0.8821357462645363
-96.917861,24,9.585662,False,0.8733043237663259,0.00773960901856813,0.8665972002597297
-98.045731,24,9.613845,False,0.8859946534235562,0.006357906969852351,0.8803971701194157
-93.429998,24,9.634482,False,0.9061748827024854,0.015372468373008598,0.8924556366537126
-99.832772,24,9.65276,False,0.9003329716765575,0.01957195936571702,0.8830499538616783
-95.269216,24,9.686994,False,0.8851632417030737,0.00789596827505633,0.8782287751561988
-110.047767,24,9.731923,False,0.8782649615151833,0.00851403793918894,0.870850507257035
-94.855225,24,9.767085,False,0.8872580020891119,0.009202815146150331,0.8791671889664925
-116.136443,24,9.811688,False,0.8498925999016979,0.008940363717995016,0.8423615809856212
-111.477161,24,9.846045,False,0.8918512920941906,0.014725634453599258,0.8789088023526941
-90.221221,24,9.889421,False,0.9110624915397408,0.009690000711425235,0.9023190195979046
-112.094893,24,9.924555,False,0.9016247228021458,0.012554058265340015,0.8904460116892594
-110.388158,24,9.960934,False,0.8838356494496611,0.011114362039333662,0.8741203593103337
-84.000325,24,10.001878,False,0.9063083424385658,0.017756420991923177,0.8904963149780594
-73.737319,24,10.040776,False,0.9334613572357033,0.014634371295461511,0.9199977683033562
-90.082037,24,10.084738,False,0.9234632454258034,0.012477677092409576,0.9120825735909222
-104.22564,24,10.125081,False,0.8668670821288238,0.008835944419973265,0.8592745797010889
-90.170001,24,10.166917,False,0.9148420634380172,0.015279309313171738,0.9010742709382116
-97.004926,24,10.208777,False,0.8818671103826291,0.005087978560514803,0.8774029032221018
-99.578703,24,10.246626,False,0.8844452273735336,0.010611776134526537,0.8751582440058581
-109.376566,24,10.278193,False,0.8689891036229287,0.01064277591185156,0.8598380400422728
-122.813195,24,10.305845,False,0.8441516915501271,0.014239639293509828,0.8323000392078337
-103.220978,24,10.34869,False,0.9072248020810146,0.013045812138739022,0.8955417328715718
-101.759781,24,10.386744,False,0.9047334805007903,0.011650951360787648,0.8943138730644389
-113.566808,24,10.439583,False,0.8714740877769382,0.012154211078447013,0.8610092002170157
-95.472471,24,10.489679,False,0.8871992867757319,0.013700509567217965,0.8752084845597111
-92.313708,24,10.533926,False,0.9045539344390441,0.015363431348886103,0.8908671580158897
-92.582756,24,10.585864,False,0.8781909135568878,0.0037431488354762767,0.8749159728519675
-99.361696,24,10.625748,False,0.9003407566168047,0.010798516584154894,0.8907222773331465
-87.416934,24,10.666622,False,0.9099062980570295,0.01709758300222185,0.8946106187483108
-98.605747,24,10.714163,False,0.9017129005304145,0.00917839684708844,0.8935118937816925
-89.717718,24,10.747661,False,0.9022085427366141,0.011902215069396312,0.891596568621742
-104.550347,24,10.786943,False,0.8674332328591766,0.007620464804296301,0.8608729806094725
-91.628983,24,10.828481,False,0.935366271899947,0.013142888018746619,0.9232323327355179
-84.746321,24,11.242178,False,0.9157956164203704,0.015418287785377328,0.901890016593769
-105.053288,24,11.289058,False,0.9021569856242037,0.013601262214512098,0.8900511663266625
-83.131783,24,11.3349,False,0.9250238897784809,0.01001164324440039,0.9158546794639728
-100.833027,24,11.379706,False,0.8792131912723673,0.010752424622332083,0.8698600862628507
-99.251176,24,11.42692,False,0.8998940091876572,0.010399924115819715,0.890631509078087
-108.945485,24,11.489059,False,0.8778916075805094,0.010692578967355294,0.8686039908173353
-90.587678,24,11.542516,False,0.9074733832276999,0.014503599970617169,0.8944999142969853
-81.183909,24,11.603702,False,0.9276555328040514,0.015574068298163967,0.9134297160211653
-103.243284,24,11.662472,False,0.888127164366519,0.015020641277606042,0.8749843384944701
-90.557092,24,11.710142,False,0.902825272537389,0.012980466480386203,0.8912563493689735
-83.046284,24,11.757727,False,0.9312251151137153,0.012513930643659781,0.9197158546961733
-83.246072,24,11.798887,False,0.9303453976430662,0.015348750842808232,0.9162816193655793
-99.723119,24,11.84823,False,0.8825953778843008,0.013703968989240681,0.8706638277882376
-88.874135,24,11.890095,False,0.9032302680533092,0.01134399984147556,0.893098953664517
-90.460551,24,11.93118,False,0.8891391278431332,0.0072187090810645616,0.8827666919077968
-101.23904,24,11.973796,False,0.8900751658848803,0.007779900964096596,0.8832039268032501
-106.773939,24,12.025168,False,0.8825264293049301,0.01345683685040527,0.8708081066852563
-79.001517,24,12.069498,False,0.933494835152653,0.00864392586073301,0.9254949256310138
-103.50793,24,12.120246,False,0.8766625067762219,0.014005599999728766,0.8645539105271768
-83.372094,24,12.163865,False,0.9264443961028015,0.006251439303563703,0.9206887661636565
-98.27548,24,12.204839,False,0.8897088146068328,0.012355773909741916,0.8788499434055246
-103.956561,24,12.252659,False,0.8823181385279475,0.012847126782034616,0.8711266638344557
-91.864511,24,12.294256,False,0.8984585466841809,0.010954110244726355,0.8887233728805823
-88.115835,24,12.337715,False,0.9080854311205337,0.005133009462256879,0.9034480238653754
-80.128977,24,12.379045,False,0.9347866446194596,0.010555659432423736,0.9250224229553871
-72.088475,24,12.429525,False,0.9490318712382012,0.012995627027514327,0.9368568293063562
-103.03764,24,12.466026,False,0.9038615215361946,0.01829140029925351,0.8876256062562933
-88.474753,24,12.499878,False,0.911304868316675,0.01696834776641816,0.8960995396938228
-92.350242,24,12.544108,False,0.9083517980356017,0.007117826207231765,0.9019320027890092
-103.705236,24,12.604478,False,0.8915342469885627,0.009353911760969657,0.8832721967987885
-88.138828,24,12.661175,False,0.9307486419180822,0.010092051225617325,0.9214493280971155
-111.781986,24,12.699007,False,0.8606666747319266,0.007877886978840115,0.8539394363654655
-92.636617,24,12.724094,False,0.9009206075921484,0.014945744766203452,0.8876539580937688
-94.704188,24,12.792427,False,0.8964038079262914,0.013820396223588617,0.8841840342385437
-89.165301,24,12.852656,False,0.9042225127517945,0.015419591791936882,0.8904914973681867
-86.500221,24,12.891964,False,0.9287248272039026,0.01777210790832458,0.9125076429069884
-99.41561,24,12.933279,False,0.9012711663879577,0.005263395639071833,0.8965522571474875
-93.874427,24,12.978,False,0.8907550099399038,0.003969697804186404,0.8872329631941102
-101.090078,24,13.037808,False,0.8743550410573243,0.0026597809351808243,0.8720356173475043
-103.088072,24,13.104549,False,0.9060803448753411,0.009096805294803683,0.8979122123081478
-107.944339,24,13.153048,False,0.8737665072483735,0.007290286087323183,0.8674426025117308
-105.750405,24,13.193589,False,0.8568688739092479,0.015516379064044246,0.84377651761657
-85.12718,24,13.581622,False,0.9275097450560067,0.00709122563721991,0.9209788760389016
-93.19458,24,13.621008,False,0.9192194225794004,0.010162408364031178,0.9099719163654943
-95.17991,24,13.659965,False,0.9120231830325009,0.017491191670921433,0.8963450401322677
-93.888052,24,13.700941,False,0.9152660918321688,0.013774266166144872,0.9028302674257942
-114.482254,24,13.765663,False,0.8583062028726994,0.01117788977742108,0.8488182065191598
-114.842242,24,13.864205,False,0.8783115828771679,0.0170452151601709,0.8635914802852163
-92.695115,24,13.936737,False,0.9120806229393248,0.011984155946131532,0.9012795482816585
-102.832424,24,14.002919,False,0.8811817334664834,0.016628400389953092,0.8667687555536362
-98.327713,24,14.051935,False,0.8905260096185418,0.005493829609685585,0.8856603426042186
-85.433524,24,14.107062,False,0.9119784253771201,0.011951150320515703,0.9012079536529694
-88.465321,24,14.170663,False,0.9343271237478645,0.00850681755311279,0.9264460165125835
-101.503051,24,14.239248,False,0.893186347471848,0.007240965480728813,0.8867653104692325
-93.214255,24,14.310511,False,0.9019264552622545,0.014054270722744719,0.8894262184009404
-93.99144,24,14.381354,False,0.934382787900929,0.014537710311965216,0.9209936490321398
-85.447735,24,14.448527,False,0.9136753648189476,0.016590709825854116,0.8987642283052769
-81.825904,24,14.508418,False,0.9233967014384946,0.01707324675876684,0.9078959695195965
-101.871199,24,14.571693,False,0.8846322952024821,0.002090492745870167,0.8827868357262466
-95.307201,24,14.617968,False,0.8999165854190079,0.011046688408027852,0.8900841036688397
-96.416737,24,14.669108,False,0.8837312593537373,0.01270270481387895,0.8726462911108301
-75.851746,24,14.70813,False,0.9508740014353744,0.010673906600246254,0.9408316522526742
-96.724101,24,14.753131,False,0.8931297502094744,0.009934279057358655,0.8843444258997665
-97.577485,24,14.800524,False,0.8814382136695114,0.015017716668884786,0.868396875438038
-111.883794,24,14.844358,False,0.8890985984689399,0.013685179338638685,0.8770953907494407
-106.941705,24,14.881774,False,0.885202936353991,0.007673057361995466,0.8784624436336315
-90.2296,24,14.929385,False,0.9184982727741811,0.0124944002105247,0.9071638051363057
-92.621301,24,14.967911,False,0.9088649343812572,0.007738854777667325,0.9018853744423456
-96.302908,24,15.01063,False,0.8844904151511476,0.014903095035743094,0.8715023330577166
-82.815711,24,15.051484,False,0.9187749923022898,0.006694677524919101,0.9126649944759909
-87.254595,24,15.093326,False,0.911900131576896,0.015097300538220901,0.8983376579697256
-86.553077,24,15.136139,False,0.9157830506041251,0.011565185410612659,0.9053129386144229
-103.37219,24,15.174006,False,0.9016288610229855,0.013211969674996318,0.8898719004594833
-105.53956,24,15.195837,False,0.8812725638009217,0.008183359407728347,0.8741193311488871
-76.287143,24,15.238126,False,0.930417071676493,0.01872943489007591,0.9133112677527454
-89.787169,24,15.276112,False,0.9134088895671985,0.012347864490454831,0.9022678089284503
-108.034568,24,15.316454,False,0.8803849705073351,0.005429319258190023,0.875630890848585
-86.254853,24,15.355857,False,0.9023397279096681,0.017636328623768013,0.8867015676710118
-96.63639,24,15.405069,False,0.875792644738116,0.009393387642440439,0.8676425420059815
-101.847249,24,15.458974,False,0.8967458753289098,0.009184804900880831,0.8885844009680519
-93.503134,24,15.505824,False,0.9192719352320775,0.013650797841131568,0.9068921340464967
-102.744638,24,15.548697,False,0.9061631841560057,0.013132204869369017,0.8944175101736546
-97.146712,24,15.593774,False,0.9100768157212129,0.004111228378124244,0.9063506014081738
-96.117712,24,15.65752,False,0.8984329342194385,0.015223843321489109,0.8849604352081134
-95.986597,24,15.718775,False,0.9041991316266209,0.013394994673545074,0.8922474813662361
-86.699699,24,16.167744,False,0.9334180694330956,0.012042326367529934,0.922311295796653
-89.441662,24,16.218451,False,0.9153870844804348,0.005343217080329346,0.910521967949273
-95.02114,24,16.263106,False,0.8759906217303997,0.010229435475874446,0.8671204688445443
-88.262901,24,16.313901,False,0.9006852991061871,0.006948740466469295,0.8944698601926294
-81.667913,24,16.364609,False,0.9189963870980236,0.010006735073705406,0.9098913454581664
-94.830079,24,16.420759,False,0.8995668201782685,0.009744432592288322,0.8908856450625193
-106.378722,24,16.468061,False,0.8715408768045609,0.008498896575516047,0.8641961629943145
-100.090841,24,16.521989,False,0.8762719832233679,0.00873088947877087,0.8686875680749233
-79.86858,24,16.579141,False,0.9335001220178947,0.018862030363575043,0.9162183830570076
-103.979784,24,16.627206,False,0.8851924072599848,0.016275371126204717,0.8710162938210758
-92.079465,24,16.679789,False,0.9151090768144147,0.007903626795893098,0.907933112338855
-108.859167,24,16.731673,False,0.873817129671842,0.00859359863965567,0.8663718774840591
-93.17156,24,16.772855,False,0.8936158610156368,0.004116340270231798,0.8899525136451253
-101.325127,24,16.819532,False,0.9032725229728165,0.015212554157858679,0.8897373454193552
-87.95499,24,16.865737,False,0.9031866466878027,0.01102937492561574,0.8933337340017966
-100.539206,24,16.907638,False,0.8749872902785834,0.009551028203241831,0.866709325070819
-99.480608,24,16.939001,False,0.8970099380006377,0.020424527960254898,0.8790556414727576
-99.708223,24,16.982072,False,0.8751682532394186,0.007157766560075319,0.8689485225621962
-98.776824,24,17.013835,False,0.8797614972896411,0.013137671897002908,0.8683533558103436
-89.025346,24,17.054841,False,0.9267618303162685,0.010055744986780713,0.9175353290311691
-107.131957,24,17.109081,False,0.8732372679344065,0.010241826320196643,0.864384393106323
125.926854,24,17.159135,True,0.9584954033769569,0.01694057240916933,0.9425284322231795
-85.654831,24,17.20902,False,0.9377828780225373,0.017899158800277364,0.9212925169599637
-83.747975,24,17.251899,False,0.9340333993560597,0.017650697314147073,0.9178330067686525
-71.975459,24,17.294168,False,0.9508619112088328,0.01342902264439846,0.9382619699677579
-98.282645,24,17.338073,False,0.8811247771944178,0.010744668415483442,0.8717580262636782
-91.687478,24,17.377761,False,0.893194129345393,0.007210767383807322,0.8867996235439697
-102.74786,24,17.419932,False,0.8971819114007292,0.005716078464230196,0.8920826967097542
-80.281066,24,17.454033,False,0.9178621038169186,0.010477349929300755,0.9083450548210089
-86.864705,24,17.498689,False,0.9189520380650875,0.01487384034359869,0.905484013415859
-98.888756,24,17.544957,False,0.90325906920417,0.005467823257028753,0.8983470662225946
-81.256527,24,17.60001,False,0.9111492681048665,0.008197208354985856,0.9037411138952997
-97.270528,24,17.64001,False,0.9166011470608598,0.013515230966486276,0.9043782659159356
-102.450585,24,17.682553,False,0.8934576731479016,0.010410690536584307,0.8842519992275872
-93.136056,24,17.721977,False,0.8831835417396282,0.01442274601063034,0.8706267137767559
-93.367936,24,17.759863,False,0.8892475538476197,0.0140949343328493,0.8768878768067568
-97.142832,24,17.809934,False,0.9018279380978155,0.004875709063037906,0.8974522221645644
-96.396154,24,17.854182,False,0.8830630472352113,0.003107061261827493,0.880327814784186
-93.703441,24,17.896745,False,0.915435929410299,0.010026421038899825,0.9063484977637456
-93.696741,24,17.938174,False,0.9014032932873641,0.014781131188776126,0.8882736046061533
-92.14229,24,17.980114,False,0.8893677790495668,0.017006480264700516,0.8744956854336732
-94.143852,24,18.025754,False,0.9062794228898183,0.0149949722362323,0.8928905538252151
-97.493397,24,18.066122,False,0.8698428570525868,0.011884817038914622,0.8596263551003892
-85.066315,24,18.427781,False,0.9214927039614499,0.011703641035104167,0.9108326456338965
-119.724242,24,18.45114,False,0.8707012754436504,0.007076671990704666,0.8645829058104595
-104.676529,24,18.489585,False,0.8836140160452963,0.011348242581925983,0.8736990670883752
-105.748195,24,18.529937,False,0.863995042702729,0.010829555828076248,0.8547386032800952
-94.599938,24,18.57274,False,0.8976485459843995,0.010207187856926467,0.8885786567097081
-86.585409,24,18.621064,False,0.9099658953997937,0.014110884645485806,0.897304140185716
-89.321018,24,18.65943,False,0.9078587323313565,0.013200924121532707,0.896030304274041
-98.122066,24,18.699136,False,0.8866359405610066,0.011737811218062166,0.8763495153883382
-79.608509,24,18.735765,False,0.9137144099620763,0.0048984775595703614,0.9092604182076803
-100.103896,24,18.776569,False,0.8816136187729646,0.015109024319203966,0.8684915586916688
-92.978563,24,18.821016,False,0.9081731773481543,0.00979083601616624,0.8993676164967841
-88.959612,24,18.860893,False,0.92424342829298,0.010503801138547906,0.9146362707904935
-98.42668,24,18.904751,False,0.8783382251089986,0.012136538232871473,0.8678060636389271
-73.948739,24,18.940753,False,0.9360840466299953,0.010816852667694428,0.9260669172259366
-95.415193,24,18.982214,False,0.9200923803257146,0.012336657781923437,0.9088798407653043
-94.531578,24,19.023725,False,0.9016789597148034,0.0151447002240176,0.8882270276501711
-107.143679,24,19.068957,False,0.8670189080810192,0.006891177575460518,0.8610850183122607
-77.82716,24,19.126676,False,0.9352118766325197,0.015445607598859655,0.920986677803391
-95.799628,24,19.176011,False,0.886978761580112,0.01564013792037294,0.8733199176199277
-95.080152,24,19.230883,False,0.9021226970838453,0.008933610346621178,0.8941348447832155
-95.144678,24,19.300007,False,0.9131240105173972,0.013154179748199357,0.9012685618533769
-102.917463,24,19.359688,False,0.8887971041515309,0.005806984130194883,0.8836656716200352
-99.3164,24,19.420788,False,0.8911955499832914,0.01949591761053462,0.8741531325324482
-99.835517,24,19.468074,False,0.9093870966965478,0.009528414590306152,0.9008038640156573
-95.694169,24,19.512892,False,0.9146282924945937,0.013175528562340135,0.9027342910585481
-101.380093,24,19.564123,False,0.885080478619706,0.007765286363654206,0.8782605340707507
-106.918232,24,19.62434,False,0.8921422427275306,0.013727216540461272,0.8800614486529594
-89.071293,24,19.680862,False,0.9143456386687767,0.011348286144667976,0.9040858141504623
-102.110071,24,19.740841,False,0.8877960351173897,0.01240825134318317,0.8769150527364157
-106.505453,24,19.794629,False,0.8855183309563767,0.010995690757764905,0.8758873445767709
-99.322413,24,19.852948,False,0.906471933533728,0.014240749299367214,0.8937443443875773
-88.676141,24,19.912538,False,0.8998574878390003,0.008424509855893958,0.8923399610423907
-102.940294,24,19.985051,False,0.915243489628057,0.01830674190932011,0.898789580742616
-105.404876,24,20.036476,False,0.8812198982328738,0.008779180506691056,0.8735508377465262
-103.700439,24,20.089303,False,0.8838861214889773,0.006875258768797765,0.8778506709657252
-97.048319,24,20.148825,False,0.8981766223779256,0.007958580250901575,0.8910848520723452
-106.229505,24,20.193461,False,0.8756526230816327,0.013765304767675358,0.863762666727193
-86.941353,24,20.233946,False,0.9172054453902997,0.013773667456092532,0.9047438050860842
-91.738862,24,20.274478,False,0.9234878561853814,0.009949175133997302,0.9143904256992494
-89.969989,24,20.321706,False,0.9081843949032088,0.014759824856029169,0.8949747247158303
-87.090746,24,20.360815,False,0.9168361199715769,0.0079070656069092,0.9096435090664887
-110.714471,24,20.394755,False,0.856878397316136,0.008577899645378377,0.8495906936067302
-98.581528,24,20.78486,False,0.8795358675770508,0.010535257471088815,0.8703663341525854
-98.964904,24,20.805588,False,0.8952363724573338,0.009736717145501374,0.8866037624026816
-98.382528,24,20.842685,False,0.8835704256212137,0.013172446305751493,0.8720829596609193
-78.553317,24,20.882182,False,0.9466683148631472,0.020386882628671943,0.9277542969039211
-86.560469,24,20.918533,False,0.9060917481433023,0.012889188432523076,0.8945615754330507
-107.506844,24,20.95922,False,0.875915995561983,0.012191392659959131,0.86536597911601
-95.582241,24,21.001679,False,0.8906363849339625,0.008212825262167897,0.8833813284435934
-73.577927,24,21.045701,False,0.9440403179744401,0.017750287999772043,0.9275755842131009
-93.977067,24,21.090304,False,0.9000132146473876,0.013214915897176672,0.888274738682117
-78.897212,24,21.128632,False,0.9404845484720094,0.01404452464283079,0.9274588300777711
-89.4664,24,21.173738,False,0.9326770779010304,0.01550899149088322,0.9184331066648203
-87.078798,24,21.215516,False,0.9131011531093405,0.01493298289780984,0.8996664494066181
-98.986222,24,21.259149,False,0.8812473057573249,0.013032689513886664,0.8699100383228497
-94.870106,24,21.29731,False,0.8924504194958203,0.007535349531841715,0.8857757893164777
-83.280743,24,21.341326,False,0.9339978775567918,0.01272118155618839,0.9222655698003401
-88.900667,24,21.381444,False,0.898129038105727,0.005710259297527382,0.8930296074866096
-90.49041,24,21.423685,False,0.9187602614637147,0.005926227800774696,0.9133475557868409
-83.6493,24,21.457125,False,0.9161451800089649,0.014439059334984431,0.9031051905764985
-72.538346,24,21.498885,False,0.9456692074207629,0.015605620636907564,0.9311382176358122
-80.111565,24,21.540124,False,0.9452870299226017,0.021011843507638427,0.9258335600448202
-81.204471,24,21.580723,False,0.9338204126764205,0.015203431664184891,0.9198357526684515
-80.075185,24,21.617755,False,0.9365904077906394,0.017733220412890577,0.9202710386231355
-85.370863,24,21.662618,False,0.9092046907060722,0.008512202656286293,0.9015306788666999
-83.627557,24,21.713198,False,0.9117994825629342,0.017049393015951958,0.8965144552705446
-88.305969,24,21.769866,False,0.905201097087469,0.008146397478388889,0.8978865563092719
-86.344094,24,21.817511,False,0.9008930969386135,0.007025959576440299,0.894607619963971
-84.129013,24,21.870641,False,0.9080885227272336,0.010344740071800425,0.8987907658753188
-95.94884,24,21.916662,False,0.8757221293476641,0.006828854317033912,0.8697825112905567
-102.448288,24,21.961194,False,0.9011269779206658,0.014048326920595858,0.8886430301178612
-86.889574,24,22.001963,False,0.9430253124443608,0.01324454373906261,0.9306986336826649
-78.425338,24,22.041873,False,0.9417569470665781,0.010916493240474757,0.9315872808126742
-91.123338,24,22.080532,False,0.9058419289671475,0.012669606775421269,0.8945088535357172
-81.253963,24,22.11971,False,0.9323223210358502,0.020751062460145856,0.9133689450088145
-101.537956,24,22.160614,False,0.8765498674060527,0.015153313855523478,0.8634655036261873
-95.88615,24,22.203539,False,0.8829716570818678,0.012138679245129227,0.8723820907036214
-91.794661,24,22.243401,False,0.8960584927378354,0.009619579310505872,0.8875209149071533
-78.342638,24,22.279972,False,0.919512026426619,0.014666615788618272,0.9062208336399802
-90.628591,24,22.323757,False,0.9193155102240304,0.016574149923941826,0.9043270579847144
-86.686548,24,22.367537,False,0.9108776043533193,0.011901690124214392,0.9001641298192771
-88.660684,24,22.40403,False,0.9207663960601252,0.010730772370601332,0.9109907615660394
-78.37631,24,22.442721,False,0.929271218281702,0.01592258790764574,0.9147067201208634
-96.657587,24,22.482153,False,0.9025455438287865,0.01695102961431415,0.8875014799592498
-95.1559,24,22.520736,False,0.9021536501071548,0.008319776280507637,0.8947098642010386
-79.800221,24,22.899691,False,0.9392847179274673,0.011794797147603153,0.9283351926452355
-100.834714,24,22.943513,False,0.8872277482197356,0.005597973659208772,0.8822887192097822
-76.344102,24,22.984993,False,0.942301276676404,0.004417568643750795,0.9381569041536961
-86.250238,24,23.027726,False,0.9185089840356581,0.013071277963213902,0.9066578078122263
-89.036704,24,23.069806,False,0.9183503107126938,0.011409999931122856,0.9079901432408551
-82.851619,24,23.114866,False,0.9068821234906289,0.00997711904740367,0.8979234344892758
-97.325109,24,23.161435,False,0.8983021332583999,0.012737018965223303,0.8870043421304488
-99.909103,24,23.204257,False,0.893366307199099,0.008276732732895925,0.8860328501062039
-97.850889,24,23.25563,False,0.9001200498706878,0.010020426113918096,0.8911899468547632
-80.989281,24,23.299103,False,0.9201896072229387,0.01729829696932689,0.9045425613748805
-75.430251,24,23.333494,False,0.9371490945434346,0.017865697977618434,0.9207001438455404
-83.657115,24,23.371646,False,0.9159335313222116,0.018554492226619385,0.899248433257535
-78.44772,24,23.413826,False,0.9484953371352062,0.02232351982367978,0.9277839340904465
-89.492966,24,23.449401,False,0.9333508046368707,0.015691252874717534,0.9189316162713836
-80.382373,24,23.494274,False,0.9436927104999274,0.006655109746021146,0.9374538522314967
-79.498989,24,23.543842,False,0.9323472116101552,0.011301795075567844,0.9219277728469644
-110.405594,24,23.620202,False,0.871366153977885,0.007316740465006081,0.8650369034625963
-86.783542,24,23.676783,False,0.9069543037916815,0.011002902352571153,0.8970837785739565
-79.845655,24,23.728534,False,0.9254337650877639,0.016581169690603574,0.9103392750914512
-106.239013,24,23.777221,False,0.8827902998988519,0.010495379036734396,0.8736213130834712
-83.654259,24,23.826067,False,0.9385006117257343,0.012664828667846174,0.926763313149056
-102.05233,24,23.872503,False,0.884261738671282,0.008307166650993273,0.8769765483352482
-100.322997,24,23.924177,False,0.9025564320677838,0.008690887230103011,0.8947799999921009
-89.710386,24,23.984027,False,0.907573607146917,0.008920704717459827,0.899548996173169
-98.51854,24,24.044428,False,0.8878574411066072,0.015214211492104373,0.8745518246850431
-87.601919,24,24.111727,False,0.9151557082822425,0.010601755399039643,0.9055552331995407
-77.137815,24,24.18985,False,0.931778382738601,0.00698396031106448,0.9253160124325791
-82.402538,24,24.249246,False,0.9456962902976374,0.016845304279740476,0.930029657724092
-101.313288,24,24.299089,False,0.9132699841674549,0.013817437499990298,0.9008229197749064
-102.968425,24,24.340978,False,0.8975892035931508,0.010996860130823802,0.8878259062812538
-87.032568,24,24.397745,False,0.9119004681997495,0.014245704695545553,0.8990922652943175
-74.540661,24,24.447684,False,0.9405610900928923,0.014185154355152609,0.927405697129266
-94.460668,24,24.490262,False,0.9099765100687176,0.012475421845886785,0.8987640494123809
-79.601476,24,24.545547,False,0.9217741761724867,0.013424001657646982,0.9095641850447101
-105.160874,24,24.596902,False,0.8943747333675871,0.012920569732508404,0.8829663056440575
-107.809525,24,24.648551,False,0.897065014135843,0.01544266494685701,0.8834226146906983
-87.169341,24,24.697523,False,0.9157481144273146,0.017334621899908226,0.9001444507188037
-98.484521,24,24.742535,False,0.8857248353424255,0.01301337366477728,0.8743466358574714
-92.595027,24,24.805652,False,0.9111749612137529,0.013594860025084506,0.8989538099978158
-88.656246,24,24.8656,False,0.9031917382806777,0.009664633643409436,0.8945462762437063
-93.406561,24,24.926835,False,0.9134149149470845,0.016801803009749802,0.8983214941627379
-84.592514,24,24.982917,False,0.9588618604431651,0.016100620824300322,0.9436682163084391
-85.555305,24,25.044214,False,0.9045368673452574,0.022452612329542744,0.8846736332203919
-103.427616,24,25.606815,False,0.8707308966829134,0.012991025316126635,0.8595642754200933
-108.781991,24,25.683572,False,0.8831208784006316,0.0051180830317550646,0.8786240077751453
-81.505,24,25.727803,False,0.9206412851535632,0.02080613069078627,0.901876720245165
-103.332234,24,25.78396,False,0.8964145157824743,0.01178958197208209,0.8859693080010469
-81.751231,24,25.844057,False,0.9218612696275131,0.01562505676008527,0.9076787378290125
-90.350503,24,25.894059,False,0.9203671275098372,0.014778143154945364,0.9069638853753941
-92.711823,24,25.959247,False,0.9097629858000867,0.008881126820434621,0.9017543906954371
-80.906314,24,26.020095,False,0.9288453354421276,0.014434639565454942,0.9156285671002022
-90.80303,24,26.065731,False,0.9012248089990428,0.012566095631106453,0.8900404752712291
-87.254057,24,26.117918,False,0.916132488073491,0.01282651575587219,0.9045305131943369
-91.455271,24,26.164906,False,0.8995613405912566,0.01190853155241453,0.8889749542986844
-90.734566,24,26.214919,False,0.9096649936993453,0.007112490121982966,0.903240703120627
132.181499,24,26.269564,True,0.9599847356805578,0.01140735795711099,0.9491573579409001
-99.987779,24,26.319121,False,0.8885622715208525,0.00987118645930329,0.879876843140985
-83.992611,24,26.370042,False,0.9216961906089596,0.014614130865157067,0.9084204157722828
-102.223507,24,26.417459,False,0.8810124266373454,0.010725928319154818,0.8716630314436241
-79.018221,24,26.456112,False,0.9259675978677121,0.017496324815750124,0.9100451522863122
-89.005336,24,26.499912,False,0.897294273433583,0.014700179301247323,0.8842949786916235
-83.447114,24,26.55273,False,0.9186156022771088,0.010686798448712214,0.908902346094832
-83.435707,24,26.622604,False,0.924266495954654,0.008640530085279399,0.9163487569516052
-78.499855,24,26.673822,False,0.926268066264343,0.007398446819220397,0.9194654500301842
-106.534804,24,26.737483,False,0.8987271331754837,0.016534730127219784,0.884108635484601
-77.656542,24,26.789117,False,0.9489306259547455,0.026937974309964915,0.9240388900725622
-89.45422,24,26.834463,False,0.913376541302724,0.009342009488060493,0.9049227444382205
-96.568616,24,26.88369,False,0.8916552478459016,0.009409308959040555,0.883343595043151
-95.085003,24,26.920043,False,0.9200837522782003,0.00878200524888445,0.9120739143747904
-82.756329,24,26.97436,False,0.9242947585017862,0.013356858182408032,0.912111810403724
-76.417977,24,27.021026,False,0.9318445279240049,0.013539480543122673,0.9193963785452738
-85.366867,24,27.068097,False,0.9143049825767207,0.015962119519009436,0.8999400322224447
-87.799707,24,27.115786,False,0.9138641846386502,0.013811696848994144,0.9014141259950063
-90.260474,24,27.16889,False,0.9047408538338998,0.014675627460413631,0.8916552535102625
-98.187168,24,27.21408,False,0.9080932861881705,0.012241129346318772,0.897111626727315
-105.017882,24,27.262834,False,0.8742091448982016,0.01112150976161153,0.864593559189845
-97.635923,24,27.317642,False,0.9229182462051554,0.010193847721143068,0.9136050949895711
-92.498314,24,27.382679,False,0.9185718212906638,0.005463601834699883,0.9135803818402954
-84.693582,24,27.446433,False,0.9334311782270773,0.01793759545554852,0.9169827132765904
-100.437952,24,27.533834,False,0.9116779215560568,0.012651248964059772,0.9002881520056402
-102.598772,24,27.575878,False,0.9130129489906509,0.009156134581848387,0.9047291273406018
-73.451702,24,27.623167,False,0.9499443700101792,0.013687596344054054,0.937117484160041
-100.894681,24,27.6797,False,0.8955226304739302,0.009812641428776822,0.8868205781290889
-79.377633,24,27.733622,False,0.9265620942930516,0.014558547779779801,0.9132662637564919
-102.354101,24,27.785608,False,0.885392399016747,0.012089111164928319,0.874816643366164
-79.265995,24,28.244317,False,0.936703476852406,0.012828439325193886,0.9248392328680001
-95.091345,24,28.284847,False,0.9134676685484289,0.014308469713928459,0.9005817222506872
-93.254414,24,28.318472,False,0.9224108686845776,0.013502374761836633,0.9101220595574188
-87.33627,24,28.368963,False,0.9294186085739208,0.020116610521640835,0.9110905547343837
-88.083082,24,28.416828,False,0.9192498671888258,0.01858148175809858,0.9024804432947044
-107.319636,24,28.469026,False,0.8667089822618573,0.008955808177725117,0.8590158015217929
-86.265266,24,28.531306,False,0.9107236109714549,0.014441051195826192,0.8977590269024415
-90.893187,24,28.615992,False,0.9155525389256152,0.018098582563145487,0.8992769016735467
-92.154169,24,28.705665,False,0.9129259132763056,0.011077123728070636,0.9029241111797097
-86.141006,24,28.759679,False,0.9106962588241184,0.014657675309815373,0.897540403019222
-97.452997,24,28.809048,False,0.9287019101281174,0.014276688525846248,0.9156297493910627
-75.867816,24,28.866776,False,0.9287415672379296,0.017136531113337582,0.9130942983842567
133.036541,24,28.910784,True,0.9500843882383577,0.007734059461437937,0.9427927728731426
-75.342651,24,28.950771,False,0.9418095269866965,0.017064078934477183,0.9260080524851287
-86.2968,24,28.987079,False,0.9082578121937339,0.014782462057569938,0.8950271079302583
-84.736312,24,29.042724,False,0.9140478159542293,0.01014743719877958,0.9048657476070601
-101.450743,24,29.090734,False,0.9026238357234163,0.01109232737408541,0.8927214768483379
-96.08912,24,29.127155,False,0.9024316824059303,0.00921769402001749,0.8941893188686313
-98.967298,24,29.17353,False,0.8928127793860338,0.011937358706660182,0.8822806784474512
-95.373554,24,29.216925,False,0.8907788140457437,0.00813785403050297,0.8835883014256811
-81.93484,24,29.271528,False,0.9182871804510381,0.018092783299296738,0.9019680676599807
-74.467614,24,29.325795,False,0.9341446573474231,0.01183405368936675,0.9232192313960264
-89.533711,24,29.38921,False,0.9064351934348283,0.011955899452816656,0.8957259836371868
-72.848455,24,29.449244,False,0.9437168232239642,0.01588221632059745,0.9289628345321297
123.102956,24,29.512527,True,0.9503975137043519,0.00965238955890774,0.9413116073736598
-107.241569,24,29.608496,False,0.8949116884717769,0.014113592856631106,0.882457048969162
-96.121303,24,29.690647,False,0.8980842224326666,0.005398854738125335,0.8932616326349296
-85.079924,24,29.770556,False,0.9129812069118883,0.01364893071037571,0.900687781786601
-94.895605,24,29.842833,False,0.9065927300490473,0.010953461872958481,0.8967699941097532
-98.734249,24,29.917281,False,0.9006353779417332,0.01022184754922312,0.8915223721667231
-81.603738,24,29.98984,False,0.9277917209117518,0.007314015267704001,0.9210551097764498
-109.233968,24,30.07486,False,0.8809721648266418,0.005835860224162423,0.8758607638330839
-103.003082,24,30.151333,False,0.8962298786081451,0.006332888610870907,0.8905898721498503
-94.845577,24,30.225811,False,0.898333426211238,0.01337327162779612,0.8864783109665324
-89.953691,24,30.297932,False,0.9000492711308878,0.008289790213728271,0.8926493949126504
-104.808078,24,30.373867,False,0.8867284901303596,0.007342829336777618,0.8802648555250756
121.600967,24,30.444164,True,0.9542334104607074,0.017051067947098923,0.9382354933138337
-89.212835,24,30.513804,False,0.9269127415642124,0.014397312742161394,0.9137570948985888
-73.637261,24,30.574415,False,0.9499032734158176,0.00945802391090859,0.9410032422503711
-69.507068,24,30.642416,False,0.9453894536084565,0.013691792488971647,0.9326202112056086
-73.784958,24,30.747239,False,0.9346627779600297,0.01810381462274349,0.9180427030482814
-113.104652,24,30.82199,False,0.8552428388430431,0.01374701660721808,0.8436452338033482
-81.442306,24,30.898122,False,0.9196556689278482,0.018845231988849152,0.9026451123814196
-83.083384,24,31.544375,False,0.9370966639773337,0.015397182880720322,0.9228868070312692
-74.108184,24,31.650304,False,0.9342072740611288,0.012689309764316776,0.9225013684390002
-97.973856,24,31.734371,False,0.893157789892572,0.006872197346059631,0.8870617266489046
-94.405413,24,31.818754,False,0.9248132764209233,0.013133243717183512,0.912824924220022
-73.334717,24,31.908,False,0.9541810431662512,0.019293636717984588,0.9361198861582333
-94.242305,24,31.987905,False,0.9161804381656234,0.011732871854550693,0.9055556695377752
-89.648701,24,32.07571,False,0.8932706379410514,0.010798529494754338,0.8837276785390171
-79.744283,24,32.159545,False,0.9355053239332101,0.014063399392903317,0.9225313964524071
-108.422078,24,32.242215,False,0.8951743373971072,0.0149904278679358,0.8819534774111009
-78.510808,24,32.338986,False,0.9416735951089242,0.009375790892082493,0.9329266697358342
-80.948433,24,32.429599,False,0.9306513846939849,0.01512960737929239,0.9167808503749579
-83.967569,24,32.515676,False,0.9197170514933439,0.017624708834351546,0.9037880502595528
-105.511557,24,32.62827,False,0.8713419540442797,0.00999194431739335,0.8627216869865028
-80.623175,24,32.746787,False,0.9236868158144298,0.012073135067944413,0.9126680511605707
-71.49245,24,32.835649,False,0.9369207357301377,0.010256996412942946,0.9274083120006137
-81.598298,24,32.920676,False,0.9260745776749881,0.01773293824567004,0.9099386910590914
-102.370901,24,32.998616,False,0.9012972748895641,0.014825031399084131,0.8881307092386106
-100.260095,24,33.08109,False,0.8966803022138221,0.01429884522732707,0.884039557407616
-82.404915,24,33.174896,False,0.9333272221822264,0.008352240156278851,0.9255964186062356
-93.297942,24,33.272462,False,0.9124655476473931,0.014424165588174028,0.8994911385202813
-96.675477,24,33.35692,False,0.9225784043640757,0.007485420436350911,0.915723826518997
125.052738,24,33.429336,True,0.9640923940204965,0.016891705898546064,0.9480777436065377
-83.29783,24,33.492154,False,0.9339938111490325,0.018005386561702405,0.9174743311561271
-112.308994,24,33.558767,False,0.8845686609386676,0.014473720304301338,0.8719483247661974
-80.829595,24,33.637732,False,0.9454036453962309,0.011692356823353572,0.9344774021667368
-85.920263,24,33.726429,False,0.9325772943432845,0.006167344335453628,0.9268610232617186
-93.402344,24,33.81476,False,0.9181865999382918,0.00865110230948882,0.9103114028586673
-86.546616,24,33.89409,False,0.9345236777102502,0.010051955347808193,0.9252233736713572
-91.340413,24,33.977706,False,0.9054067345793687,0.010332797657187674,0.8961470286611233
-78.173194,24,34.075815,False,0.9468068278552982,0.018837555572140053,0.9293010673557354
-77.070537,24,34.194063,False,0.9364450151615156,0.009330568524317281,0.9277882235654832
-94.438135,24,34.301368,False,0.9110795218626879,0.005846397215986831,0.9057839491043588
-82.030178,24,34.376998,False,0.9194616202180216,0.01611715029829842,0.9048775723823754
-83.57942,24,34.434251,False,0.9355623386703735,0.009755692278726401,0.9265234608968432
-86.632315,24,34.512609,False,0.9186052052004333,0.009763830698567169,0.9097228255491492
-91.490495,24,34.599821,False,0.9270949646083004,0.014589635333819267,0.9137634885292991
-83.867474,24,34.657015,False,0.9159864884203941,0.010634840535547946,0.9063476259486578
-85.813354,24,34.717188,False,0.8982672084151518,0.015205097747831683,0.8848135321699043
-96.901339,24,34.774697,False,0.8989796829357813,0.0032988319372418027,0.8960238508400995
-83.312594,24,34.830924,False,0.9530766162573291,0.00929716670881389,0.9442973265893406
-71.649262,24,34.880434,False,0.9437334825467161,0.009042331611459493,0.9352764031609614
-83.583382,24,34.928014,False,0.9243254866817621,0.01575402337648448,0.9099894909686863
-84.539937,24,34.967427,False,0.9152834032702284,0.016900169587262467,0.9000720332672598
-85.048075,24,35.448744,False,0.9225050605000019,0.014007825150009373,0.9097612835123131
-85.288482,24,35.52203,False,0.9438499311325772,0.013375708552155146,0.9313919044705428
-88.038533,24,35.606359,False,0.9358820000310666,0.015633030029235565,0.9214765297699373
-101.439412,24,35.662047,False,0.9048423304678075,0.009303645805940147,0.8965015971435246
-76.778008,24,35.72557,False,0.9375130183159209,0.017481263675793886,0.9214056826255682
-89.327204,24,35.791965,False,0.9259471809401787,0.013263446772519793,0.9138266892875061
-86.898945,24,35.867485,False,0.9306578939138256,0.014224786209180211,0.9176051567348312
-80.329039,24,35.941188,False,0.9443761114017327,0.00577424648451746,0.938954357503794
-77.571843,24,36.014771,False,0.9324639739441266,0.01266806837887101,0.9207992263811188
-100.831586,24,36.09148,False,0.9218624132977151,0.01271738474640962,0.910285956558902
-88.929934,24,36.162074,False,0.9331103379075676,0.012255340479836526,0.921813203243016
-100.80307,24,36.22402,False,0.925185719929676,0.018770946415032325,0.9081390897387928
-87.590413,24,36.266511,False,0.9298677200862872,0.013562361412791121,0.9174252670453912
-85.604302,24,36.336834,False,0.9345587411916193,0.010196744667431954,0.9251254729585238
-88.080235,24,36.381092,False,0.9091402575806248,0.016452020263634973,0.8944251567770243
-80.388798,24,36.44433,False,0.9292012881981271,0.007208498424584046,0.9225510801899792
-86.570451,24,36.508372,False,0.9192325669526639,0.015278474331584106,0.905399444775826
-86.469511,24,36.589803,False,0.9181695612216643,0.013199491357429182,0.906208075560274
-90.983389,24,36.665655,False,0.9243698792596192,0.01319259589800303,0.9123338277460868
-79.760657,24,36.747431,False,0.9259562381649146,0.005603606323015292,0.920796457314497
-92.165672,24,36.825797,False,0.9156549383780348,0.014117893311636955,0.9029077826325812
-102.266349,24,36.894194,False,0.8974530949217733,0.015935356846323648,0.883376180259791
-94.663493,24,36.982443,False,0.8773452259690875,0.00417877763419953,0.8736942519698274
-99.115032,24,37.104633,False,0.9013239430637058,0.01317031667757684,0.8896075301725762
-87.236541,24,37.220591,False,0.925714017097727,0.01827492905366718,0.9091002740861335
-72.048316,24,37.293608,False,0.9617735350567795,0.014263185315732802,0.9482484911028162
-86.893813,24,37.351643,False,0.9411073265921216,0.02012401978006312,0.9225420716934227
-74.090615,24,37.418866,False,0.9419783175902944,0.010178566665164958,0.9324869371362573
-80.462474,24,37.492776,False,0.9347289803720852,0.012208511668471443,0.9234549696004106
-91.307981,24,37.561287,False,0.9066979990223559,0.008117586465290864,0.8993970655759148
-80.709325,24,37.620605,False,0.9408112654315945,0.009138591109752072,0.932291435210086
-87.65131,24,37.688645,False,0.9482171952145892,0.01399631534230664,0.9351288371245102
-75.31141,24,37.752178,False,0.9305929413120475,0.0136543424259493,0.9180574702465993
-82.055515,24,37.802438,False,0.925792512739894,0.011002886947605123,0.915716982307562
-87.230744,24,37.857762,False,0.9077336279002509,0.007565092647989438,0.900918099012967
-87.082449,24,37.934011,False,0.9048369523139801,0.010739651364838057,0.8952225739755499
-84.173246,24,37.989841,False,0.9299614603352286,0.014143746986991943,0.9169917608801832
-90.445458,24,38.045659,False,0.9245924055654968,0.006494880001392068,0.9186260396716753
-79.471086,24,38.120001,False,0.9486223975399045,0.01301957613412517,0.9364304697447481
-71.514511,24,38.191279,False,0.9457830533126971,0.013370746096593378,0.9333040814092595
-99.220816,24,38.280604,False,0.9105790416972682,0.010236550239192602,0.9013523035586777
-87.934824,24,38.341942,False,0.9180009731598578,0.007937448349923201,0.9107717692826087
-76.670442,24,38.854865,False,0.9338939520149427,0.007933599420741438,0.9265431299756758
-91.917076,24,38.914445,False,0.9015763633818372,0.006731736322079058,0.8955477719174633
-79.915037,24,38.973991,False,0.9275110027319207,0.016937601384505667,0.9120628458119401
-94.101131,24,39.017596,False,0.9333866427881345,0.015513904877307647,0.9191273879217877
-87.913905,24,39.077867,False,0.9161930004135944,0.013803238679130763,0.9037187547430688
-85.116248,24,39.142025,False,0.9359833154689018,0.021108369370941082,0.9166346526427148
-82.905443,24,39.203578,False,0.9167502582219524,0.00907228948620627,0.9085080105497081
-84.752938,24,39.274457,False,0.9117497938084799,0.010958995179249142,0.9018662459666038
-81.326768,24,39.352599,False,0.9154327502699718,0.009631688050066875,0.9066997015891766
-87.923864,24,39.42032,False,0.9190746836036926,0.013337995908666262,0.9069774224537517
-91.527474,24,39.492581,False,0.9062681187241751,0.010162204034122919,0.8971510863353999
-76.68513,24,39.579561,False,0.949570187152406,0.02161184443268397,0.9294823590066305
-88.581223,24,39.655961,False,0.8992049164925683,0.0135415284456323,0.8871909944051226
-81.3508,24,39.725731,False,0.9297955393462939,0.01010481697371374,0.9204941147909504
134.198781,24,39.792674,True,0.963015368468537,0.01782812676714501,0.946147333860083
-93.417867,24,39.853625,False,0.925819142142962,0.016606117462666062,0.9106960171100507
-86.263964,24,39.93203,False,0.9284692048184505,0.00861395188238322,0.9205397199648507
-78.706261,24,40.006564,False,0.9353520878511621,0.015897361773322342,0.9207151460836922
-81.617702,24,40.079742,False,0.9268871687825097,0.010979989454248095,0.9168204894766178
-75.714022,24,40.157959,False,0.9358570540703045,0.019669995593576815,0.9178038562618657
-96.133331,24,40.238965,False,0.8911166229418623,0.009984725260942079,0.8823070296549597
-101.531583,24,40.315967,False,0.9127941140366779,0.013951823011593154,0.9002342057293596
-78.134098,24,40.399508,False,0.9355480828714853,0.018820732194751978,0.9182656509709219
-84.129253,24,40.479702,False,0.9129002330314775,0.014385100233185623,0.8999543002175614
-86.460116,24,40.561053,False,0.9373172061463065,0.007338820123142888,0.9304885182839706
-82.413718,24,40.658786,False,0.9415108493316504,0.012558808316180697,0.9298332517568254
-90.476411,24,40.719466,False,0.9347589255417744,0.020473520019328024,0.9160050772547925
-84.160189,24,40.802248,False,0.9425060161841108,0.013285546029348923,0.9301484856636966
-99.686462,24,40.891793,False,0.903008289305584,0.012393482007244933,0.8919538750044242
-76.682336,24,40.964554,False,0.9435436552626781,0.00661486905948876,0.93734325238436
-95.856962,24,41.049073,False,0.9206149976311211,0.0074789394888223224,0.9137808856810699
-85.153423,24,41.141844,False,0.9281477320733312,0.013123272456901197,0.9161251718386669
-78.206236,24,41.206562,False,0.9532648772031371,0.013133635752446797,0.9409073428848845
-84.781005,24,41.264215,False,0.9251856631663601,0.015167837431056187,0.9113622684378954
-96.162246,24,41.320021,False,0.9013752795521142,0.015347134910857962,0.8877508475278751
-91.812198,24,41.378227,False,0.9077828434716485,0.004845557916850878,0.9034053405715166
-96.185133,24,41.431626,False,0.9190876997696023,0.01518117831357529,0.9053435183820051
-74.010762,24,41.488678,False,0.9341490240847191,0.015024264591977081,0.9203218648770248
-93.19812,24,41.559761,False,0.899375287742097,0.003330705961014953,0.8963896773005199
-78.074103,24,41.607064,False,0.9201756455978642,0.010319128474212685,0.9107772184690954
-74.226953,24,41.641472,False,0.9496113002071292,0.014414212349200475,0.9361178980408806
-81.511734,24,41.693339,False,0.9287531021822083,0.015992521362084528,0.914133797891623
-91.387334,24,41.730196,False,0.9241999252708603,0.005486764124161373,0.9191567291051249
-76.767715,24,42.270925,False,0.9350975403985307,0.016132220014640018,0.9202518353222361
-79.811795,24,42.357642,False,0.9506390892284039,0.013468895667861363,0.9380051951194283
-85.655698,24,42.479844,False,0.9527263334292436,0.015247852586674503,0.9384174819989651
-70.039453,24,42.569713,False,0.9383293716051797,0.009316198359499553,0.9296683964156138
-79.506959,24,42.639675,False,0.9230866980640364,0.010444159960542428,0.9135454829093005
-77.790652,24,42.736811,False,0.9329670111000089,0.020395666571405666,0.914318868321773
-87.33188,24,42.823501,False,0.944341793499237,0.012147279749765295,0.9330082809022694
-76.52083,24,42.916787,False,0.9406479552992912,0.011122467747108372,0.9303007155949742
120.904856,24,43.012411,True,0.9560190266182778,0.012557957624080634,0.944162276756514
-90.988101,24,43.096644,False,0.9492839007415216,0.009800577071186737,0.9400706657296759
-77.214101,24,43.183218,False,0.9513119137847676,0.020668867984532196,0.9320475460991373
119.828153,24,43.273826,True,0.9500029709446531,0.02048465361162486,0.9309331282763265
-73.061932,24,43.372841,False,0.9385392691745618,0.009496974919690298,0.9297098381589761
-76.623181,24,43.462631,False,0.9394448549537096,0.009214772236987249,0.9308671264010254
-83.849488,24,43.534289,False,0.919955265260623,0.00970579620275071,0.9111121959687101
-83.392235,24,43.610552,False,0.9238603526066405,0.010026452942983478,0.9146892637462369
-78.619946,24,43.68381,False,0.9425546411237293,0.008071170503143215,0.9350080318766445
-80.295793,24,43.754177,False,0.9399169559547872,0.011445181973878529,0.9292811639287254
-78.072913,24,43.829239,False,0.9460611449684654,0.01177159900739894,0.9350540634829057
133.963695,24,43.900535,True,0.9596675798814296,0.01316811203743465,0.9471948124695532
-82.93678,24,43.964772,False,0.9345288082344118,0.010855531563886345,0.9244929458798231
126.498446,24,44.035529,True,0.9502031525082175,0.014001483944095068,0.9370826054536667
-76.03937,24,44.09563,False,0.9529890602197414,0.014071600904106672,0.9397650613330393
-85.161438,24,44.16988,False,0.9297004833828247,0.012101368677346496,0.9185843554364457
127.223379,24,44.251179,True,0.955156516532873,0.018032766760929277,0.9382374985550718
128.417359,24,44.319643,True,0.9547142240853979,0.012375494558689018,0.9430435932287883
-70.814409,24,44.396629,False,0.9536725184217298,0.009461842127565852,0.9447335982623638
138.126594,24,44.476659,True,0.9717897934953296,0.010722291860785741,0.9614805187547808
-83.475465,24,44.531877,False,0.9342831719506958,0.009152539067629402,0.9258096628423426
-75.780521,24,44.603259,False,0.9500427948185259,0.014243251599241925,0.936701125021551
-84.332234,24,44.656684,False,0.9298271665746827,0.016579090969856977,0.9146628873584155
-90.459489,24,44.709168,False,0.9324115093399677,0.017614515132711492,0.9162718254056822
-86.262106,24,44.76628,False,0.9081796228494508,0.013326447666751359,0.8962359809522311
-77.358784,24,44.827588,False,0.9343191887989094,0.011299348976881035,0.9238799468665221
-86.075,24,44.889117,False,0.9294359548670176,0.01559967711037263,0.9151597581356937
-82.078209,24,44.94348,False,0.9356117277517123,0.0065844606397433844,0.9294915273747385
-93.904907,24,44.99756,False,0.9150102118278196,0.010473410116389872,0.9055262638948864
-76.634758,24,45.067598,False,0.9463054880142878,0.011439576325425244,0.9356025907669435
-80.657799,24,45.130027,False,0.9207199561138579,0.01625844739870985,0.9059899659093619
-79.696971,24,45.174085,False,0.9530771166261596,0.010281448646426248,0.9433778259544321
-75.025646,24,45.218615,False,0.9468817004199527,0.018104784214821222,0.930043464190381
-84.141679,24,45.265813,False,0.9226593254652017,0.005590468179006505,0.9175299037350839
-82.955083,24,45.325678,False,0.9038127180108751,0.009195546346492585,0.8955773945722151
-84.631492,24,45.85299,False,0.9412400716064951,0.01646076198518961,0.925997448015814
-70.021143,24,45.894124,False,0.9581202482534952,0.00819608559285841,0.9503312519707744
-78.886614,24,45.95682,False,0.9287737426113398,0.008032793667855318,0.9213725470496636
-84.739938,24,46.027179,False,0.9178622794383422,0.012749748604783449,0.906307091858415
-76.080594,24,46.095587,False,0.9590457884871341,0.009398846779868903,0.9501157957002149
127.26046,24,46.164057,True,0.9572673919341289,0.0159342307572779,0.9422533102566897
131.2559,24,46.233671,True,0.9602562197055383,0.016039696212159244,0.9450971485517894
-77.914968,24,46.29267,False,0.9601357151826515,0.011196010284862794,0.9495050469118966
-74.649084,24,46.351477,False,0.9250126758173073,0.014875640462284912,0.9114542106813757
-79.672267,24,46.420851,False,0.9532777809640758,0.012827621393431387,0.9412043676816121
-70.295578,24,46.466503,False,0.9494406999459738,0.018018057818174775,0.9326364033078384
-84.248824,24,46.53017,False,0.9215175866128497,0.01857696334041757,0.9047108071153875
-76.381723,24,46.594247,False,0.9531715261578849,0.013109508610843904,0.9408376074417217
135.845177,24,46.650972,True,0.9770954839206907,0.015988448953623755,0.9617190873843204
131.603908,24,46.712582,True,0.954166514608387,0.01380896850920987,0.9411699287011372
-80.135012,24,46.766718,False,0.9452515499235652,0.020393771458658002,0.9263595842733567
-78.819331,24,46.831257,False,0.9494478488212281,0.008441815936178192,0.9414998801292432
-83.533216,24,46.897126,False,0.9409229753140181,0.01346174008219588,0.9284247624756959
-79.85714,24,46.960866,False,0.962624809028088,0.01374498375862624,0.9495729443306327
136.922875,24,47.002133,True,0.9617191378786999,0.01818353358043845,0.9445439905090768
-76.87564,24,47.09908,False,0.940327934184073,0.015258225990485607,0.9261958289150424
-76.715385,24,47.189904,False,0.9651625154875085,0.016103030801128248,0.9498667814488689
-86.257042,24,47.253239,False,0.9030094111728748,0.0033781200437888554,0.8999692071553906
-82.945874,24,47.324931,False,0.9378014226791934,0.01390356509246404,0.9249414391729355
-73.134849,24,47.386147,False,0.9681676809476802,0.017691600322525366,0.9513370068504543
-74.413495,24,47.458511,False,0.9431904501441083,0.014534765503322401,0.9296778013084457
-92.61739,24,47.518926,False,0.9004317750967497,0.011771613553515258,0.8899555621394427
-77.289071,24,47.61395,False,0.945602636427271,0.012297433356532888,0.9341154143717245
-92.078689,24,47.684112,False,0.9352956229829483,0.008725168022129293,0.9272055983463178
-96.907776,24,47.769997,False,0.9150012726177406,0.01303218852444932,0.9032302062884126
-79.540748,24,47.853087,False,0.9436979989771557,0.01672014661380005,0.9281787147821889
-87.142977,24,47.932841,False,0.9402993935596369,0.009441769412735583,0.9315043443334788
-72.042025,24,47.99264,False,0.9476122094730947,0.01199670108302983,0.9363787534672479
-81.042936,24,48.055694,False,0.950138832033078,0.015024347180644526,0.93607491748568
-76.272898,24,48.123986,False,0.9468896675231719,0.011990374295027428,0.9356706264946385
-76.292684,24,48.186148,False,0.9321664257816895,0.012303011433387218,0.9208373532958013
-94.137998,24,48.250624,False,0.9110139776498621,0.01239289728412295,0.8998620793308377
129.467115,24,48.328627,True,0.9669786869993903,0.014021955661181926,0.9536072484435337
133.851068,24,48.399348,True,0.9647568671991676,0.013008986202976483,0.952367531126579
-86.53046,24,48.486155,False,0.950163053953511,0.009434798548597441,0.9412822455890074
-84.295394,24,48.577569,False,0.9311607485977303,0.01893557075939594,0.9138563568879547
-92.396401,24,48.663671,False,0.903695717259801,0.013720440445040996,0.8914644326033939
-83.712503,24,49.163278,False,0.9268451905513363,0.01031768867269811,0.9173799498343695
-92.2704,24,49.202794,False,0.9092292969123981,0.017442978752467135,0.8936415267489932
132.538903,24,49.244496,True,0.9642866702190667,0.002553215069369186,0.9618309090479005
-77.096571,24,49.274098,False,0.941267858032592,0.010145850630524032,0.9318138142576748
-71.783736,24,49.313236,False,0.9603132840928259,0.01049631776022753,0.9503382320297489
-72.036638,24,49.358836,False,0.9497669809461243,0.014714881819066425,0.9359939407249938
-84.565364,24,49.412876,False,0.9382382861169714,0.015027133340351297,0.9243479856832244
-79.308566,24,49.472243,False,0.952583211378942,0.009016986405180885,0.9440705401528517
-65.235833,24,49.534585,False,0.9480257064377019,0.007383881798138211,0.9410769058023001
132.625168,24,49.60992,True,0.9795021286412567,0.016585273661095325,0.9635218549976742
-64.734764,24,49.672247,False,0.9745288154601952,0.012850755272860405,0.9621642777939763
139.492239,24,49.738996,True,0.976837608716471,0.013519752365919409,0.9638071743902187
140.933531,24,49.801807,True,0.9822298915273149,0.01440056530271124,0.9682860253870261
-78.166447,24,49.873694,False,0.9468395389897901,0.010860496695134829,0.936666871527127
-90.372146,24,49.941586,False,0.9312789115948302,0.01220092249368578,0.9200534112343093
140.83496,24,50.018028,True,0.9816701073735428,0.0118703920123957,0.9701539990919282
-76.766617,24,50.099978,False,0.9661305095195324,0.013304844255777567,0.9534450713389294
-67.615303,24,50.160813,False,0.9482786658133814,0.013368941204232921,0.9357684326564204
-72.092079,24,50.213047,False,0.9416688927574558,0.012193673739619465,0.9303248154855533
-80.44689,24,50.275521,False,0.9551236697733281,0.019589081077425796,0.9367731446908244
-78.931428,24,50.342266,False,0.9354842755423803,0.011204071486095745,0.9251191741816908
-72.575719,24,50.413254,False,0.9618134256096674,0.017094238438531622,0.9456482882906382
129.786213,24,50.478387,True,0.9590826025010809,0.018536947558812102,0.9416276992207021
-70.955871,24,50.54678,False,0.9593497220966213,0.018673678019662354,0.9417635331086903
-72.416773,24,50.662242,False,0.9623923885933361,0.01660723036186461,0.9466708084013624
141.086949,24,50.730556,True,0.986604986105629,0.01627268979719093,0.9708073394184366
-68.028176,24,50.782084,False,0.9421385942856576,0.01570907816990569,0.9275673660249185
-78.051501,24,50.845633,False,0.9609379349886751,0.008837650267284208,0.9525198972640262
-98.72618,24,50.92297,False,0.9163689340950392,0.01628327783779711,0.9016865219357625
-75.013431,24,50.984516,False,0.9387305366900578,0.014119665458712466,0.9256605198218355
-81.865148,24,51.044165,False,0.9329748167941738,0.008301815401962348,0.9252932034266355
-77.4096,24,51.099081,False,0.949359048453633,0.017244350980729902,0.933265490772548
-74.795618,24,51.170521,False,0.9315533768226387,0.01475701256784713,0.918006345642627
-68.956891,24,51.2344,False,0.9642147067642195,0.011445312793422275,0.9533038460589031
135.450407,24,51.298398,True,0.9664496840519448,0.023039947223880745,0.9446842097168352
-81.139467,24,51.354657,False,0.9416590533008302,0.010246512718239361,0.9321081948277523
-77.176461,24,51.423782,False,0.9471850941990307,0.009963368465763149,0.9378410383714226
-79.392886,24,51.476723,False,0.9522985356482917,0.011228963946443937,0.941723951351068
-73.729323,24,51.541726,False,0.947370198249478,0.014996946351725743,0.9333724615179156
-74.258963,24,51.622838,False,0.9599518059060345,0.013650764409147163,0.9470242016396905
-91.789521,24,51.684372,False,0.9305712498250424,0.013039702172027977,0.9185930697778503
-72.623125,24,51.748647,False,0.9454552908973113,0.01622329543593371,0.9303617572471954
131.210465,24,51.820825,True,0.9595782607909874,0.016547831646413734,0.9439578059370237
-78.454448,24,52.320825,False,0.9628538601928625,0.01577793449214893,0.9478979878355535
135.054396,24,52.395787,True,0.9643803465935766,0.01927091841121236,0.9461472206985005
-64.932938,24,52.453816,False,0.9698041252243202,0.01819206502761405,0.9524766088193963
-76.339298,24,52.518884,False,0.9549130346960795,0.008495284803710102,0.9468691119184957
-76.105445,24,52.58077,False,0.9629550265600807,0.01571152074668563,0.9480595689730666
143.008308,24,52.641523,True,0.993930918301359,0.020496076257856575,0.9739683879492103
133.046033,24,52.707243,True,0.964426244394139,0.018364412084556227,0.9470345123510278
127.75592,24,52.77428,True,0.9547336481121873,0.0126031293975757,0.9428507777575046
134.480354,24,52.830959,True,0.9765322458890084,0.014053656958082958,0.9629985939978466
-72.752346,24,52.892174,False,0.9647616590791338,0.018177008196785145,0.9475382485681434
135.502069,24,52.960556,True,0.9765091432020495,0.007849234751706773,0.9689039883456595
-70.047619,24,53.019256,False,0.9721153766964321,0.01678251740342757,0.9560701133797397
133.022841,24,53.084093,True,0.9643792495045475,0.012808892101583105,0.9521828422176037
-76.422533,24,53.160589,False,0.9437539370219294,0.018475361388689687,0.9266340382894704
132.579841,24,53.252217,True,0.9688087942644532,0.016100073819797608,0.9534580492868546
-64.450915,24,53.314166,False,0.9915901143884404,0.01196081597203499,0.9798700688187937
122.832575,24,53.395607,True,0.9556705409475424,0.013257803335548792,0.943166228576346
137.332849,24,53.468151,True,0.9655308015795095,0.0137019100215164,0.9524800062367601
132.152278,24,53.534417,True,0.9717478458270229,0.015932791616337073,0.9565080031337347
137.006609,24,53.599032,True,0.9758987889231101,0.017872300095436236,0.9587634802829487
-70.460287,24,53.658972,False,0.955234885523097,0.018814494873307674,0.9375945182659412
133.280675,24,53.733553,True,0.9696233975123255,0.017027782532272075,0.9533892919798952
127.984707,24,53.792932,True,0.9515329207140499,0.017515561327155645,0.9351531877045262
125.886775,24,53.833754,True,0.9611300848589972,0.01244308298204364,0.9493176466059611
-75.357782,24,53.889199,False,0.9387493450370754,0.01585103148401891,0.9241013848907466
137.936272,24,53.924236,True,0.9809780000220149,0.017573695022871573,0.9640363197477956
-80.774018,24,53.965767,False,0.9363815788784545,0.009509903265631494,0.927560567607493
128.194142,24,54.016252,True,0.9749864113691735,0.0194885429112942,0.9563485712011647
141.922231,24,54.066823,True,0.9847215251183994,0.017891218546316808,0.9674133219507601
136.444686,24,54.1232,True,0.9730762076500021,0.013698472222814485,0.959926678705812
-72.050162,24,54.184104,False,0.9530843263387285,0.010041038584414854,0.9436095068716102
-78.411166,24,54.260658,False,0.9677619151865671,0.020101748327865206,0.9486915562814271
-66.721816,24,54.349874,False,0.9730538086572528,0.01635102234253616,0.9573993504867151
-85.18698,24,54.425511,False,0.9719733276371968,0.020602436343023497,0.9523525449536725
-85.4765,24,54.490643,False,0.9522495281709301,0.013903160467199456,0.9391917939501641
129.616079,24,54.57735,True,0.9645428436875193,0.023668694179946482,0.9422412243056898
127.418839,24,54.662016,True,0.9598856183959887,0.01471548659746893,0.9459652790110308
137.324795,24,54.749407,True,0.9639771523318444,0.016530402512392628,0.9483013493244657
139.908342,24,54.826674,True,0.9738944788305554,0.01788137575118215,0.9567858318577006
135.577402,24,54.919434,True,0.9602936723894022,0.013019529640671082,0.9479517860134729
-70.703583,24,54.995795,False,0.9554294536973167,0.016304618985788263,0.9401014576227926
-85.498367,24,55.064907,False,0.9381856484717439,0.014665237443641382,0.9246257916900938
133.073348,24,55.133523,True,0.9652921498849164,0.017672814982608122,0.9485289728422324
-85.859957,24,55.721147,False,0.9174308974097767,0.011420413815920951,0.9070717625210499
-75.953737,24,55.796843,False,0.9627961058766626,0.017582161928986602,0.9461605577396636
-79.148092,24,55.860146,False,0.9749717184781175,0.018616765899110387,0.9571526319984842
131.910663,24,55.929381,True,0.9718867551043929,0.01707239159230945,0.9555728413616902
127.286343,24,56.054103,True,0.9544529118895937,0.011751067895601848,0.9433673382473555
-64.663623,24,56.130551,False,0.9724525335031955,0.01673609055254078,0.9564453770640917
-75.352974,24,56.202899,False,0.9562665399596945,0.02164491421388154,0.936006754064358
-78.497361,24,56.2656,False,0.9401740162105539,0.019162636821319256,0.9224965498567297
125.411347,24,56.335624,True,0.9640033990381676,0.016039762415381277,0.9487851112701433
-72.825518,24,56.393258,False,0.9577619526235711,0.010352220653668658,0.947948579757589
138.162232,24,56.456908,True,0.9881634855684224,0.01939276596035656,0.9693648204747523
-67.842083,24,56.523076,False,0.9791126462326534,0.017387755921456804,0.962379034477236
-77.396051,24,56.599875,False,0.9613362668400985,0.012868473870344517,0.9491225086379356
-68.105947,24,56.67412,False,0.9618143893423976,0.01321710408422357,0.9492678177908521
134.364683,24,56.744769,True,0.9628009661367332,0.008355271563052966,0.9548231593457077
-71.020808,24,56.815956,False,0.9574313595057767,0.01443123460892677,0.9438110015164075
-76.113988,24,56.884754,False,0.9625509350904756,0.015549957095972783,0.9478124915124302
-66.930555,24,56.960523,False,0.9662687663371208,0.021243972028852788,0.9461683914936451
143.277093,24,57.035736,True,0.9882635445466441,0.02233443201599974,0.9666734422686231
-84.20502,24,57.091882,False,0.9438269098794068,0.01587247168311501,0.9290801121086176
133.442164,24,57.153905,True,0.9675530900078868,0.01425702407860609,0.953952565314352
134.769819,24,57.201745,True,0.9617050505283541,0.016674869182078632,0.9459317621395047
139.521455,24,57.276889,True,0.9850722821188448,0.01662145171956825,0.9689666497324452
128.400905,24,57.354182,True,0.9734479167743396,0.012844827148350307,0.9611027184836082
-72.105586,24,57.433275,False,0.9531583279520175,0.020249570119002268,0.9342403622290584
-75.111407,24,57.51715,False,0.950869912628838,0.006425462724741043,0.9447991409661924
-81.014921,24,57.597075,False,0.9233112645216692,0.015470199084496462,0.9092450623899021
138.075381,24,57.668512,True,0.9777845759591858,0.017299778658619237,0.9611567764700227
-69.214411,24,57.740353,False,0.945198058412612,0.005297227460542267,0.9402175123871119
-75.289634,24,57.822096,False,0.9654550113042835,0.0162042239596443,0.950060025869981
134.985909,24,57.878015,True,0.9688501699274984,0.014035498616447253,0.9554400918403746
128.485926,24,57.944052,True,0.9740918826331121,0.018913982234341577,0.9560099278420533
134.954848,24,58.021772,True,0.9659367527744552,0.017545781135982652,0.9492808782481399
-77.7654,24,58.082781,False,0.9416144198762121,0.019661552984739872,0.9234578053079776
-76.237767,24,58.125864,False,0.9467833697187893,0.012276117752224333,0.9353014983907129
-73.698884,24,58.177269,False,0.9694881875701472,0.01778139753060348,0.9525505083138405
-72.12132,24,58.231967,False,0.9562765517177463,0.010288067985874163,0.9465384992858461
137.818911,24,58.30089,True,0.9665104457660584,0.005342326313483006,0.9613744696397908
135.4027,24,58.360419,True,0.9709286430479326,0.01700692072167643,0.9546922673436219
137.352248,24,58.419772,True,0.9699953375595937,0.014967534475741838,0.9556909995752946
133.46234,24,58.490184,True,0.9520854586830381,0.00918699528176588,0.9434182794014451
-77.819922,24,58.567359,False,0.945175172945053,0.012816170517103669,0.9332149312569565
-79.966195,24,59.016592,False,0.9348100763077601,0.012105048133561143,0.923629496791522
-77.88923,24,59.052679,False,0.9544578883452348,0.015232280938306699,0.940137450577416
-72.022032,24,59.104085,False,0.9467072359663493,0.014290713008539417,0.9333687312962501
130.394468,24,59.145746,True,0.9693019745033183,0.02104557299970311,0.9493229294904352
136.264644,24,59.182418,True,0.9655058687438866,0.014259001872411962,0.9519322647977266
-71.147413,24,59.232849,False,0.9613327102118355,0.013908528352548882,0.9481454029919827
134.349208,24,59.292469,True,0.9678396979446262,0.015332697456279815,0.953224199682884
-77.394262,24,59.353178,False,0.9441062820365225,0.008667029214320837,0.9359939947396847
-66.430303,24,59.411196,False,0.9710522479058126,0.01642492815879795,0.955360519999076
139.057137,24,59.461122,True,0.9712054906844306,0.012918389869762613,0.9588190918414511
138.829105,24,59.521899,True,0.9762762208435759,0.011197647489604647,0.96546528096389
-62.159697,24,59.574051,False,0.9943151990156467,0.022328958990432773,0.9725980960155427
142.513,24,59.627701,True,0.99528047654873,0.01675964742353599,0.9788748787097972
136.390469,24,59.6831,True,0.9836551830165186,0.019409776903821993,0.9649261811124685
-76.094225,24,59.733,False,0.9632900221541455,0.01413831101791378,0.9498605976015927
137.180009,24,59.787827,True,0.9794643877924127,0.015988155519625076,0.9640509906254443
-71.491655,24,59.841032,False,0.9550337074873992,0.011785290079273715,0.9439094606846596
-70.869927,24,59.888192,False,0.963242681119957,0.01577168804447613,0.9482866006773177
-79.814908,24,59.931895,False,0.9586010172569345,0.006980138050166604,0.9519562313444336
125.751788,24,60.019828,True,0.9620284948923514,0.01436015927932333,0.9484091878922453
133.506712,24,60.118493,True,0.9614368399121346,0.011241061006930255,0.9507494078165657
126.470841,24,60.213684,True,0.9581808701299707,0.01192246304612386,0.9468915901378664
132.237573,24,60.299591,True,0.9651233451511312,0.013511980307205127,0.9522564744213412
139.856572,24,60.389715,True,0.9859104604759827,0.011824953915587456,0.9743883629877675
128.2879,24,60.477154,True,0.9635873070091046,0.004750120539894257,0.9590317904030994
136.481949,24,60.555784,True,0.9720039117896146,0.01537879437136751,0.9572820677148305
-79.136809,24,60.630738,False,0.9487982671953562,0.012391710745317353,0.9371849424733593
-77.47818,24,60.708158,False,0.9516806299564398,0.00815837932205405,0.9439792888458722
-71.321258,24,60.778597,False,0.9771102991853596,0.01119315880742858,0.9662944123729384
-78.908884,24,60.866838,False,0.9515055820392678,0.016167521069833327,0.9363668512427076
-78.334907,24,60.940186,False,0.9482044296971226,0.006485110427857763,0.9420948406221729
-68.045483,24,60.995708,False,0.9806273579695244,0.013636395455438518,0.9674350313052024
135.14991,24,61.046354,True,0.9723603433618867,0.011925243642166716,0.9609013605215774
137.866404,24,61.110846,True,0.9707697990045591,0.009048672331891617,0.9620643935451885
-71.682196,24,61.168117,False,0.9766390908835398,0.017173369161059746,0.960150079124711
-66.013086,24,61.235961,False,0.9596465869684093,0.007876487221794348,0.9521470131857819
-73.864502,24,61.305023,False,0.9414941706378948,0.007066949269285846,0.9348873690284744
139.820585,24,61.371704,True,0.9804249214966434,0.012094273646288409,0.9687090886943276
136.868718,24,61.432898,True,0.9600365315965879,0.009862432451389009,0.950660704613151
-71.315677,24,61.484735,False,0.971235394113925,0.015116609473106588,0.9567722417802246
135.574457,24,61.532132,True,0.9560608049679472,0.008494592560886687,0.9480078644152236
134.902227,24,61.588638,True,0.9661161982142872,0.017576588528052745,0.9494284844070515
134.461224,24,61.639791,True,0.973000785095633,0.01253573552563141,0.960954513462703
141.173811,24,62.08178,True,0.9864713158885878,0.020774785635154513,0.9663946737034436
133.863375,24,62.120885,True,0.9790613275934026,0.012153066685731247,0.9673055981535609
135.821562,24,62.174063,True,0.9733133865623214,0.0170374600578544,0.9570083942699166
137.768817,24,62.231143,True,0.9764640688007165,0.02013779091301969,0.9571884087607271
-67.002586,24,62.281067,False,0.9732542766187897,0.012589831022229905,0.9611535162626211
139.960358,24,62.342021,True,0.9746624895802954,0.009279631978505736,0.965701138414584
138.033673,24,62.402149,True,0.9765713859149499,0.019456783103100114,0.9579330895640203
-72.636973,24,62.467688,False,0.958630479050005,0.014064683054208467,0.9453346468617325
135.610653,24,62.511036,True,0.960766014655766,0.014831526017615755,0.946724643474555
140.497734,24,62.569164,True,0.9812802493651231,0.01819478048188602,0.9637451184936422
140.248751,24,62.62429,True,0.9824832057099641,0.012795840633390504,0.9700703402331611
135.839904,24,62.66575,True,0.9702922031582202,0.013013431379506083,0.9578275796766988
-71.228888,24,62.71806,False,0.979837332851173,0.011839141617251433,0.9683726321212193
-68.826211,24,62.781463,False,0.9858375902242178,0.01090944275644389,0.9751987156595724
136.403875,24,62.835583,True,0.9786692076206088,0.019294490142347614,0.9601437240026036
141.422587,24,62.898039,True,0.9921498600780682,0.018194052993528255,0.9744211893215353
-72.35131,24,62.959826,False,0.9591337802140789,0.017100739641692297,0.9430076518791696
-74.654431,24,63.018302,False,0.9560257456353198,0.01696313276962252,0.9400790597311581
-78.537773,24,63.071273,False,0.9462870666593007,0.005971168474516688,0.9406701666154876
136.270285,24,63.115706,True,0.9744137036583597,0.009968185821589117,0.9647964335289367
-79.166362,24,63.152506,False,0.9561211122073583,0.00795214567433185,0.9485778827006733
135.425753,24,63.203799,True,0.9642061915075009,0.016605730412675556,0.9484563805440052
-63.662935,24,63.24258,False,0.9921638648523774,0.0170290535425006,0.9755511520506587
128.427948,24,63.284863,True,0.9785011192281307,0.01526145952225675,0.9637922429248674
123.417883,24,63.339829,True,0.9566124055513723,0.013529896989771029,0.943842316238084
142.727378,24,63.400473,True,0.978234733272,0.013686744922866608,0.9650266595391216
131.226284,24,63.466359,True,0.9653019336431373,0.009469034811589616,0.956247195658958
134.633746,24,63.544738,True,0.9605534624398406,0.021402163601199373,0.9404263048094379
138.798864,24,63.600144,True,0.9886042013815081,0.01801973586464139,0.971105143204174
135.289628,24,63.638845,True,0.9778360839900015,0.008746094547146942,0.9693579873823237
-71.974712,24,63.672868,False,0.951506138191453,0.007827684053752537,0.9441158972377509
-70.347285,24,63.73467,False,0.9694305586755766,0.017341141553456306,0.9529060794644347
134.536897,24,63.811629,True,0.9664962728717648,0.01788963984127578,0.9495098830384746
-67.481679,24,63.858943,False,0.9568539186688574,0.014017508239082379,0.9436266246827495
-72.850794,24,63.917018,False,0.9755728675584496,0.016615917022232262,0.9596277721245976
136.448683,24,63.957515,True,0.9728645988616924,0.015507886480332553,0.9580079207789922
-78.784333,24,64.0075,False,0.951543364775024,0.009355182575345207,0.9427240095475451
139.836795,24,64.064414,True,0.9859468664543536,0.015349085504183856,0.9710422558412705
136.830059,24,64.1106,True,0.9789400836636292,0.013102746536438102,0.96627917258185
131.819372,24,64.152506,True,0.9634246176060344,0.014241771992711861,0.9498964095248852
137.127767,24,64.186557,True,0.9755625702477801,0.017468253415081236,0.9588137683641266
-66.877096,24,64.239919,False,0.9751540711738946,0.015146982657698427,0.9606038217450042
137.830308,24,64.273738,True,0.982350386066335,0.01500243367149849,0.9678305721031101
135.925058,24,64.711715,True,0.9610688669974653,0.00987379493991115,0.9516722503475302
-73.031815,24,64.762856,False,0.9747977936800045,0.007253946096423669,0.9677775872289189
-68.614634,24,64.817164,False,0.980128194653961,0.019112291284114746,0.9617470057386586
-65.913344,24,64.872323,False,0.9763920792369446,0.01728583307140188,0.9598011173408458
137.173553,24,64.919899,True,0.977501527428475,0.013116624965387147,0.964846004241487
141.904694,24,64.96688,True,0.9806806483973802,0.012095997409195343,0.9689601094241717
-72.052203,24,65.019853,False,0.9482873934052687,0.009663858556720254,0.939210991231094
128.651843,24,65.065584,True,0.9709963416623506,0.01253405911329753,0.9589764738508426
-70.443077,24,65.115867,False,0.9599280404896048,0.01962632745087119,0.9414508184478567
131.004031,24,65.168881,True,0.9535739146982602,0.01934310693085355,0.9354788473229412
140.267675,24,65.223089,True,0.9872541144372837,0.016905165453527684,0.9708418719625446
141.301168,24,65.274009,True,0.9841743280489927,0.01857681168736832,0.9662249491215249
139.064657,24,65.326825,True,0.9657969970135906,0.009235397971727729,0.9569590988926512
138.062098,24,65.382379,True,0.9771866583313235,0.012339090234174186,0.965276030292657
141.084015,24,65.434561,True,0.9939628821330501,0.021656097517204,0.9728937991448849
133.679719,24,65.484429,True,0.9740327818874378,0.008585448512019665,0.9657414583210996
-68.264625,24,65.522655,False,0.9691385749733173,0.011601578896735628,0.9580239841363941
-73.7208,24,65.567518,False,0.9535187823997575,0.014478783431951735,0.939910028649423
-76.343561,24,65.618081,False,0.9700479340127397,0.016876668315533392,0.9539484622256443
138.69443,24,65.673963,True,0.9937607595439241,0.022641370176255518,0.9717588086355692
134.561865,24,65.750896,True,0.9701312894253432,0.012930244548147193,0.9577473815663429
139.060573,24,65.823877,True,0.9773055380844483,0.02059230516733068,0.957586622137245
138.077719,24,65.921328,True,0.9800859182173637,0.010984516075119776,0.9694371205825072
-67.04751,24,66.002409,False,0.9533864821535634,0.012507334719801989,0.9416094574933622
133.040389,24,66.066223,True,0.9577659971533302,0.017156643522626126,0.9416111109852127
141.413183,24,66.123138,True,0.9845038946117335,0.006410758438183618,0.9782326811962475
138.851301,24,66.187963,True,0.9809944469121901,0.009880638573887508,0.9713964298766146
136.216226,24,66.251529,True,0.9788854388036332,0.016217364794219185,0.9632638377537018
-71.842821,24,66.311958,False,0.9479454791830816,0.010441131409218091,0.9381501303901036
140.276634,24,66.37084,True,0.9919296404718335,0.014404673582330281,0.9778441151782878
137.79194,24,66.4213,True,0.980909836782759,0.019849498756096536,0.9618182270807291
130.1426,24,66.458752,True,0.9790417463421152,0.016508094803384554,0.9631421051609863
132.582544,24,66.510262,True,0.9864643698307396,0.017204408948250528,0.969779880182298
-70.605737,24,66.557786,False,0.9712669801197813,0.0186373275716974,0.953496356191029
-63.380552,24,66.603659,False,0.9738629580718366,0.01108697666693941,0.9631841577884704
140.486939,24,66.653844,True,0.9856790914970406,0.01838786899126966,0.9678818076195
-67.296193,24,66.703395,False,0.9754415969080593,0.015132863506732496,0.9609004219786941
144.847445,24,66.748985,True,0.9883664041024842,0.018988952606291788,0.9699481054966462
133.894041,24,66.788793,True,0.9794172177383307,0.018837069317233557,0.9613089739605568
139.594631,24,66.839564,True,0.9800781698617917,0.015040909426399594,0.9655553394548745
-75.33084,24,66.893885,False,0.9711370597486363,0.014543906418835613,0.9572154084258236
135.875143,24,66.944081,True,0.9644597939637846,0.01257579218754401,0.9524815835071361
134.99145,24,67.383722,True,0.9755429532526736,0.01217996438293332,0.9638038566070658
-73.001598,24,67.421432,False,0.9590244141675468,0.012756305188173327,0.946944896076808
139.508561,24,67.455586,True,0.9853247941731531,0.009815479494558228,0.975747365911183
136.926336,24,67.48691,True,0.981691403231577,0.01391966937984633,0.9682141819302298
138.889594,24,67.532217,True,0.9760443912672537,0.014947699871430629,0.9616696420819467
137.92113,24,67.584473,True,0.9868593914466779,0.015029523748072893,0.972246982336657
138.890688,24,67.632593,True,0.9810140284840755,0.01845782938147456,0.9632348048027288
139.681208,24,67.671603,True,0.983041913909605,0.014862641205193679,0.9686452865603569
139.875252,24,67.709052,True,0.9915869437118651,0.01861202970993611,0.9734687150653749
132.626098,24,67.753502,True,0.9706807706753693,0.011797743526535811,0.9593624584416873
131.653902,24,67.809105,True,0.9653826402533202,0.020525556901672827,0.9459661580492246
141.704536,24,67.860178,True,0.9879557456107644,0.016466393689105435,0.9719512142699904
142.941016,24,67.908088,True,0.9929695496556801,0.009849848414693479,0.9832843478805164
134.647656,24,67.956232,True,0.9689129873998966,0.016073797992866654,0.9535852507109912
132.92403,24,68.012156,True,0.9581873319289942,0.00790370657963077,0.9506734876297342
-69.010845,24,68.054291,False,0.9666336251906019,0.02022163568425732,0.9474741481465306
128.789167,24,68.102884,True,0.9625225864102772,0.01637998385778298,0.9470105685837258
132.269118,24,68.147827,True,0.9685717641433312,0.015871423924476588,0.9534393244388951
-69.064687,24,68.190519,False,0.975106434020332,0.012393551540152748,0.9631693450999406
139.719349,24,68.239724,True,0.9719529147656688,0.014571537719114458,0.957993476685481
142.659224,24,68.288172,True,0.9854475162428026,0.02464576907998501,0.9617445813762759
136.267824,24,68.325584,True,0.9624023275464085,0.014419985632848438,0.9487217732071904
-68.690498,24,68.37329,False,0.9683052218905852,0.01631203012921534,0.9527637115222115
-75.609059,24,68.412499,False,0.9535203781466658,0.016102929401854895,0.9384092403984811
132.91816,24,68.450587,True,0.9890270058884885,0.02544315529681737,0.9644874031093533
139.100991,24,68.508554,True,0.9872051850062374,0.014556321196065222,0.9730412835459115
-69.689569,24,68.564579,False,0.9644603200522538,0.017198693643871766,0.9481533215475381
142.408507,24,68.614992,True,0.9941099317768606,0.016953479989946944,0.9775372731766332
139.727462,24,68.647866,True,0.9870844825410063,0.010582732864374944,0.9767478212726182
-73.142165,24,68.682376,False,0.9677689506926341,0.014551241115650424,0.9538886864190597
137.081831,24,68.717727,True,0.9699499842435606,0.023261668048201043,0.947900243437899
137.215903,24,68.774274,True,0.9856532468603685,0.021162620263781406,0.9652265244548022
-74.04021,24,68.833203,False,0.9734469918770446,0.012548845644568016,0.9613827481649718
139.240553,24,68.865723,True,0.9776623116300822,0.008649509718558634,0.9692785275857388
141.253462,24,68.909446,True,0.984948709636516,0.012821397628108513,0.9724801548852875
-73.731585,24,68.961841,False,0.9649506945514064,0.013118274772414769,0.9524561135452535
-63.13176,24,69.022541,False,0.9866596229212633,0.011134209746291574,0.9757949176389065
138.124878,24,69.076937,True,0.9706193197223293,0.02000406731200458,0.9515837738570807
136.391736,24,69.133719,True,0.9742246957272346,0.01098805873410003,0.9636362045137323
132.327448,24,69.182459,True,0.9755676639249747,0.019034747757196806,0.9573448462597675
138.459372,24,69.221724,True,0.9830803864701183,0.01530544199752009,0.9682607280583447
129.763856,24,69.280372,True,0.9590457949013426,0.010905637359553013,0.9486996208729566
142.467774,24,69.329945,True,0.9814141094666508,0.020284277719320287,0.9619026097907171
-66.8309,24,69.789673,False,0.9697483775242544,0.008840084965451587,0.9612508384393388
142.117608,24,69.838917,True,0.9824037079332085,0.015640483144179852,0.9672750586821057
139.931967,24,69.884458,True,0.9792460878455187,0.00887528251317579,0.9706314594269283
138.469098,24,69.937838,True,0.9810296932543029,0.017057822931497185,0.9645761245183198
-66.637358,24,69.985736,False,0.9620267747733262,0.009288546556176029,0.9531731813026975
143.953604,24,70.049329,True,0.9974949259214682,0.014590804297869174,0.9831499770114399
140.835,24,70.114963,True,0.985198982773344,0.017621557774635088,0.9681388677808735
133.505537,24,70.177111,True,0.9626235617908989,0.015748276696758743,0.9476989367103602
-63.415281,24,70.230124,False,0.9880314619531221,0.013243924609704763,0.975117084796443
-67.418394,24,70.295792,False,0.9803922131911301,0.00814607164098411,0.9724703996468701
134.769799,24,70.35903,True,0.969594973016849,0.01586751217193341,0.9544502224939222
138.186585,24,70.417865,True,0.9856017083948915,0.010416180011785434,0.9754413358497439
135.627783,24,70.484685,True,0.9912031249046855,0.023657691656509286,0.9682954887983063
132.966455,24,70.544475,True,0.9744916073993322,0.010111711655261181,0.9647364703874596
138.217376,24,70.603389,True,0.9837123099117595,0.014244082180003989,0.9698970170941298
131.764086,24,70.660708,True,0.9598078417896739,0.014272069612552176,0.946302151607425
138.107601,24,70.705647,True,0.9764257520162141,0.01696317148982953,0.9601387536834504
-62.365333,24,70.766896,False,0.9783953558135075,0.013271884485360621,0.9655802857990409
141.781838,24,70.82874,True,0.9828749794004417,0.017789642915284655,0.9656955995201169
-67.579862,24,70.890255,False,0.9726156311129542,0.017691310102811504,0.9557079061770674
142.554065,24,70.928941,True,0.9871513454309064,0.020512896051918125,0.9673090357308778
-73.601583,24,70.986733,False,0.9545426053045538,0.015262788819031163,0.940192643537041
141.071171,24,71.038927,True,0.9781884209405085,0.014953463178305112,0.9637766227008405
141.875849,24,71.093727,True,0.9906217879226177,0.025575166783202884,0.9659182671415304
135.798916,24,71.142682,True,0.9803932804955179,0.021315055669435833,0.9599322707065203
130.877785,24,71.202821,True,0.9802036827648192,0.017665549031999017,0.9631884303219134
-78.233335,24,71.264956,False,0.9371498086967853,0.02176152191685945,0.9171903507764321
130.522592,24,71.330528,True,0.968988603851331,0.018201536744177894,0.9516668055224007
142.254549,24,71.392713,True,0.9865973291715185,0.008917550776341453,0.9778770608285604
126.3468,24,71.466613,True,0.9724292420840337,0.016776673925778862,0.9563842946253679
136.329756,24,71.552516,True,0.9728215641210959,0.018024509942682496,0.9555973894733325
134.283235,24,71.620656,True,0.9707229237940341,0.01825356940338398,0.9533214053576077
142.935889,24,71.688745,True,0.994583294234071,0.0071792555563282056,0.9874938237133372
-72.532831,24,71.759156,False,0.9854491424773149,0.016492906208346245,0.9694599307664344
139.097908,24,71.814219,True,0.9807037200546771,0.015149005104936712,0.9660687397839699
140.563888,24,71.892132,True,0.9825308838855343,0.011348292460949585,0.9715059502347182
137.303942,24,71.958626,True,0.9697384950123425,0.02225830438416099,0.9486237390818187
136.836529,24,72.025665,True,0.9683484451180485,0.013154207615308838,0.9557759695804638
-67.854618,24,72.093608,False,0.9446966411514303,0.012173218248458012,0.9333349510928628
144.927362,24,72.160225,True,0.9938539014925147,0.01661158733969468,0.977614178187037
136.387467,24,72.219645,True,0.9783083196910182,0.013702149831394917,0.9650845860924103
-71.662501,24,72.265772,False,0.9600546202816093,0.023255808465565384,0.9382352021253313
140.004509,24,72.330356,True,0.9790256651230803,0.016417300764858055,0.9632123187851679
-69.664152,24,72.772191,False,0.9755963018580756,0.01658390933107729,0.9596810385283673
137.039058,24,72.820734,True,0.9746082031676911,0.017799194648811547,0.9575643292820412
138.801369,24,72.843861,True,0.9756750029348562,0.010241316005735562,0.9657841027453256
139.246758,24,72.889602,True,0.9878082356003771,0.019050410692420413,0.9693418747843741
-66.203989,24,72.933201,False,0.9765006332816522,0.00962454878410123,0.9671918481554944
140.924998,24,72.974837,True,0.9855472898530143,0.01384540922219994,0.9720883291360018
142.288216,24,73.02941,True,0.992747898233986,0.02256748640080152,0.9708385132879851
143.608167,24,73.086549,True,0.9961864976523445,0.025849675661990822,0.9710842838737513
131.750711,24,73.149595,True,0.9735604653005735,0.01889220007122536,0.9555088018462766
141.049163,24,73.20647,True,0.9886891757716563,0.01916508522959115,0.9700971806240107
141.702862,24,73.264942,True,0.9864493129724011,0.022457551198575152,0.9647826570560671
-69.432867,24,73.321224,False,0.9716052937428208,0.015387169458258177,0.9568815944968101
144.970641,24,73.383446,True,0.9838648684685588,0.011168079972388783,0.9729983451370663
133.26807,24,73.442108,True,0.9595379377912278,0.014502776793886004,0.9458209082715747
142.543194,24,73.499315,True,0.9885513433607289,0.014962321708079516,0.9739783657161739
135.139756,24,73.560312,True,0.9683494065154138,0.021438341885284855,0.9480253156819199
135.858262,24,73.620187,True,0.9700634209998859,0.013657732253297746,0.956993065937055
144.115686,24,73.685491,True,0.9963401381845657,0.021202737096033347,0.9756536111701298
137.327638,24,73.732213,True,0.9754553396425758,0.018123341986927475,0.9580915193820398
143.039566,24,73.794261,True,0.9785879146474619,0.011824418463338706,0.967151905795718
142.130948,24,73.860138,True,0.9899895345230315,0.020284900871637295,0.9703069541431771
-70.447091,24,73.915665,False,0.9513943230743455,0.008843593924273235,0.9430543335003421
134.065191,24,73.974832,True,0.9706971317340449,0.02604017847830988,0.9460615208788972
131.146265,24,74.033065,True,0.9839083706008593,0.01887441118267917,0.9656816971767577
136.304186,24,74.108529,True,0.9736268059798039,0.023937852850565475,0.950865136267109
133.593722,24,74.168035,True,0.9602465362773543,0.013576745393599694,0.9473841429782056
137.541085,24,74.211251,True,0.9749668213613912,0.009373766964522481,0.9659125819104619
134.722589,24,74.271095,True,0.9748213696102296,0.012841651921636698,0.9624617705647546
135.541102,24,74.319404,True,0.9825896078794548,0.01967676726602536,0.9636285138809143
138.258657,24,74.374094,True,0.9838099269037037,0.023717692173628836,0.9610168256590448
139.633258,24,74.426292,True,0.9931043153675843,0.0263116364493852,0.9676440177598646
132.689313,24,74.483572,True,0.9687916456846275,0.014753256517610997,0.9547066141076377
142.687381,24,74.5349,True,0.9887210878448552,0.015910965109141088,0.9732359643727589
140.205956,24,74.593621,True,0.9810692906955204,0.010242463548200834,0.9711226028351475
131.706133,24,74.624236,True,0.9686247807782702,0.015363530883570018,0.9539684569283006
140.202108,24,74.654887,True,0.9817675268390718,0.018912503204300154,0.9635444886107354
139.250714,24,74.688949,True,0.9850968145774288,0.014013611622639281,0.97148283147902
135.004126,24,74.737678,True,0.9801598313217363,0.016822926555284334,0.9639434809384636
137.835845,24,74.814316,True,0.9783885160007546,0.026573577418092114,0.9530622427098441
138.620361,24,74.852988,True,0.9830335552590269,0.015389664853597157,0.9681342929571424
136.157856,24,74.885879,True,0.9787060454771489,0.01622858286140002,0.9630766758413756
136.521845,24,74.92879,True,0.9666821195336934,0.015658726326108402,0.951778480780079
141.698804,24,75.41578,True,0.9980348689087921,0.02097910346327162,0.977527224135489
-67.276677,24,75.473906,False,0.979660631173566,0.0192379170424732,0.9611697276885569
139.747257,24,75.532557,True,0.9757221815291628,0.011669042711461504,0.9644677659741825
132.163007,24,75.590367,True,0.9579480682997257,0.010693666777210275,0.9478124774980792
-73.023835,24,75.649295,False,0.9519544500130958,0.01844101933736328,0.9347173100239752
140.773777,24,75.714004,True,0.9897008304864705,0.02396678462113708,0.9665360686993916
136.998181,24,75.788639,True,0.9915673786127981,0.017124155371550077,0.9748734934434663
138.170523,24,75.857663,True,0.974628821450302,0.01596908279520049,0.9593095281687505
137.494153,24,75.941556,True,0.9830897122836352,0.024930472107658305,0.9591769774022018
139.710116,24,76.036394,True,0.994041866480891,0.020034099358900142,0.9745182706202219
141.355124,24,76.108245,True,0.9822706687521154,0.007024142553780448,0.975419185344563
143.456199,24,76.181929,True,0.9917597925184751,0.02466496439861684,0.967886896670217
-67.923548,24,76.260353,False,0.9693711439056591,0.020437358219480038,0.949956541768596
135.448159,24,76.331885,True,0.9695512239773958,0.016614306791146814,0.9537060589258266
-67.847238,24,76.391665,False,0.9734384914626455,0.017990954906262378,0.9562349122760926
138.193615,24,76.465637,True,0.9752979271940658,0.021906576604058748,0.9543904986257354
139.939447,24,76.526967,True,0.9787202033341346,0.0216336445660686,0.9579952740787417
136.031516,24,76.583349,True,0.9643178462693923,0.023048427645630934,0.9425925696289894
127.813057,24,76.640092,True,0.9663051063473983,0.013934408235620366,0.9530252632701328
141.517678,24,76.69282,True,0.987365815714948,0.02863454335213436,0.959880087729993
136.705839,24,76.767981,True,0.9662089293396734,0.013550727189372587,0.9532911411538518
139.780502,24,76.834885,True,0.9825754342340999,0.016560984937422387,0.9665681142529637
139.011624,24,76.893086,True,0.9879814057653629,0.023437863330151187,0.9653555346785615
134.984782,24,76.964618,True,0.9737193904856853,0.025075926491772337,0.949899773588626
131.576205,24,77.04388,True,0.9815932343716609,0.0167806403725436,0.9653933163125628
142.49163,24,77.112222,True,0.9914981573763572,0.018087720533421708,0.9738828367921645
141.308167,24,77.176809,True,0.9934041451425704,0.015515334981814892,0.9782266312702799
140.847061,24,77.261006,True,0.9921730624242827,0.02158860217643415,0.9712060807163635
141.7567,24,77.327792,True,0.9901038831923464,0.023642674566679917,0.9672358409749467
132.070719,24,77.405696,True,0.9635233891183366,0.01918315970760743,0.9453878627613519
139.389062,24,77.449447,True,0.9777818600440004,0.009438857404397148,0.9686390145097074
134.253433,24,77.529264,True,0.9690961394844849,0.017598327007142384,0.9523366084284873
142.773173,24,77.616948,True,0.9836307727484971,0.014868262554815518,0.9692201530396846
139.039713,24,77.678715,True,0.987908115045118,0.02066712540807798,0.9679043151802673
135.944971,24,77.769369,True,0.9721943375276416,0.013365419646931583,0.9593719290977638
136.676189,24,77.833658,True,0.9852183747462187,0.02020140438779433,0.9657096829203364
-67.112236,24,77.885574,False,0.9843082682695626,0.017053528447952666,0.9678037986571267
134.665526,24,77.928315,True,0.9755523104003596,0.02218392479676236,0.9543804072191074
140.706848,24,77.975901,True,0.9796447664536677,0.017244363211723915,0.9630377929651596
137.119443,24,78.039761,True,0.9755811000387599,0.016708064377466463,0.9595488953223866
136.585793,24,78.097083,True,0.9801312660266552,0.022624627420000577,0.9584467650651515
-65.041953,24,78.143767,False,0.9846980271265279,0.031172141593390025,0.9549307893490514
-63.788633,24,78.201477,False,0.9808174322735208,0.01789738448998759,0.9635720134647504
141.239939,24,78.665741,True,0.9901387749150384,0.019954284026997927,0.9707677985387332
142.89295,24,78.718379,True,0.9891944174626598,0.011952794371313191,0.9775104362226775
132.71945,24,78.771479,True,0.9821185820124144,0.02315898622907415,0.9598885366115808
139.453245,24,78.817543,True,0.976986754660627,0.015082876206186945,0.9624699397078377
133.877677,24,78.876041,True,0.9933638886247608,0.022866483010344454,0.9711569448450829
137.144696,24,78.914039,True,0.981612340500387,0.019954965718117,0.9624075312082685
138.872625,24,78.972344,True,0.9777841037676821,0.006410748847234563,0.9715557041572319
-66.403918,24,79.021696,False,0.9756283325229385,0.01594679076175523,0.9603143997250227
144.729479,24,79.078136,True,0.9999807132730556,0.025605414077293064,0.9750150492065304
129.865425,24,79.137259,True,0.9762498758212909,0.023261495465623894,0.9540570813495324
139.909232,24,79.18436,True,0.9911537302576068,0.022639743801946527,0.9692110406082187
138.957903,24,79.230207,True,0.9872220190541922,0.017186123164682002,0.970542161922869
136.463245,24,79.276912,True,0.975691399841852,0.014466465277034407,0.9617778736287815
139.280358,24,79.323658,True,0.9834357759282139,0.020277349888841858,0.9638906284015403
137.661147,24,79.376843,True,0.989599241807464,0.02334503110463557,0.9670240356170533
132.764685,24,79.426535,True,0.9843566732383136,0.014521868038076686,0.9702665898586322
139.677989,24,79.472436,True,0.9754730910336166,0.01652650146847918,0.9596140283843493
135.966762,24,79.535695,True,0.9857678715219762,0.020569425477974856,0.9658998662048889
138.939274,24,79.587494,True,0.9881120848277167,0.019458076794294794,0.9692522991576604
139.354752,24,79.648577,True,0.9848838940937444,0.02500549516909872,0.9608571844107674
137.205161,24,79.694116,True,0.9838156145465157,0.01841587627442061,0.9660254101158754
136.649549,24,79.749883,True,0.9865982690100976,0.011845002398366883,0.9750488134759502
143.111492,24,79.808056,True,0.9934922479050676,0.024027724060372076,0.9701810063947998
140.217746,24,79.859147,True,0.9908451703920418,0.028956023773958072,0.9629616305251462
142.375867,24,79.918923,True,0.9912942300701355,0.022099479206238937,0.9698608112392089
131.588613,24,79.965841,True,0.978381156821189,0.00989518889158222,0.968794749774992
138.701302,24,80.015738,True,0.9841352575678974,0.0156753508116429,0.9689466784651797
139.697512,24,80.067833,True,0.9834270118452527,0.018677249974861136,0.9653960681555633
142.014566,24,80.122084,True,0.9815538298989338,0.013750765091826675,0.9682397919670359
130.539113,24,80.169873,True,0.9804204818692446,0.017567374628488855,0.9634944145366235
135.579571,24,80.19876,True,0.9769829600164851,0.017637409941384498,0.9600501617494183
144.102339,24,80.24248,True,0.9906832950586791,0.0109528882413493,0.9799500120941035
140.737295,24,80.291852,True,0.9811556589212542,0.012652517187871777,0.9688966770614623
135.381673,24,80.339863,True,0.9813206367014384,0.01938611283008971,0.9626584317271387
145.95215,24,80.395777,True,0.996053202451192,0.023540562784242818,0.9731448255863162
132.24881,24,80.443364,True,0.9645574072076907,0.0164663503606266,0.9489319610683428
141.762852,24,80.495571,True,0.9915186667977036,0.018810893257173434,0.9732116856620804
136.360022,24,80.542079,True,0.9734280707153552,0.016717138610158545,0.95742270268604
136.894969,24,80.584643,True,0.9788829027601739,0.016953571461756006,0.9625640051129769
136.622042,24,80.638189,True,0.9831981885166365,0.02351808137947506,0.9606065651439238
131.624595,24,80.692848,True,0.9601303826061596,0.012160231878609082,0.948595244474405
-71.141318,24,80.736809,False,0.9539497820468137,0.016563035429629922,0.9384069150651797
144.435634,24,80.778589,True,0.995965700345865,0.019007068189189538,0.9773884121488288
131.563719,24,81.18399,True,0.9506203003553341,0.013855710342846609,0.9376287874670757
-70.82783,24,81.23385,False,0.9692189945178611,0.023106274417753345,0.9473297337262844
139.35833,24,81.277583,True,0.979993058822511,0.016325331559325282,0.9642513360548925
130.69534,24,81.334572,True,0.9803311334301597,0.019414880458305826,0.9616606076903889
137.474009,24,81.401805,True,0.9764304245358078,0.019338880432418794,0.9579056026211731
140.849214,24,81.456069,True,0.9827105076326846,0.016977829049881297,0.9663047507641233
137.101828,24,81.513494,True,0.9890621803879349,0.023845219639398764,0.9660270531284852
141.745629,24,81.56668,True,0.9988704488951449,0.029490796343867556,0.9702568031132793
141.53204,24,81.624506,True,0.9950496466076126,0.022040994998320917,0.9735907380204916
-66.534861,24,81.677608,False,0.974237101815619,0.01723193197932347,0.9577335032335786
140.389418,24,81.736881,True,0.992265123228618,0.02283085695652626,0.9701165314675217
143.32088,24,81.800413,True,0.9922832945625171,0.024064507255044016,0.9689656145024353
141.550474,24,81.861194,True,0.9833549380261541,0.010917396014778875,0.9727352026018338
140.335999,24,81.92853,True,0.9819059170537918,0.027213052953981395,0.9558931462466346
136.28437,24,81.995938,True,0.981405206730171,0.015527022320341543,0.9663998940055707
138.332024,24,82.063136,True,0.9776104204397055,0.021433766209463277,0.9570962433204199
139.284939,24,82.10015,True,0.9793084431627042,0.024345124996530108,0.9560336836337475
138.988679,24,82.164393,True,0.9875696908581667,0.018812998371974497,0.9693336190608742
-64.719815,24,82.218609,False,0.9772596863257688,0.021909923461763115,0.9563070715814758
138.488342,24,82.288113,True,0.9792174533561213,0.016441759437637333,0.9633778268790226
136.919521,24,82.33205,True,0.9707693947173668,0.016005040237457812,0.9554769477230953
138.937192,24,82.396714,True,0.9882732454566738,0.020306322896998453,0.968604450720866
142.154859,24,82.465692,True,0.9897279414072765,0.02036380212802693,0.9699755512133441
140.218285,24,82.52924,True,0.99078330453557,0.02022042372184263,0.9711463145592756
139.216639,24,82.60463,True,0.9787111323122667,0.020558500139926963,0.9589956207097164
143.715116,24,82.656584,True,0.9905160462963727,0.02353614895226399,0.9677391925144099
135.099314,24,82.723812,True,0.9764302123790182,0.018848895865005356,0.9583660701227205
142.990384,24,82.784269,True,0.9927237534579376,0.020616228057747436,0.9726709473815741
142.17475,24,82.851701,True,0.9940392102111154,0.013161790724339362,0.9811258372667683
133.487018,24,82.937829,True,0.9771160519505645,0.016755560139191158,0.9610137286259832
142.062828,24,83.026637,True,0.985045209964787,0.01814305590539322,0.9674919494381133
136.835871,24,83.120575,True,0.9776403347017087,0.01779728675885927,0.9605452356971507
135.8119,24,83.19979,True,0.976720900655601,0.02162916961925753,0.9560424953602362
-71.24219,24,83.266918,False,0.9767487437735585,0.019138949465910937,0.9584058624051534
-71.593481,24,83.351318,False,0.9790543715461507,0.020554187548393124,0.9593359994906943
144.578732,24,83.426073,True,0.9882440319605906,0.018318982970892794,0.970466080360635
-61.879236,24,83.52059,False,0.9929303530345943,0.017469279745560076,0.9758823905552192
134.88012,24,83.639261,True,0.955893716838893,0.016003162406203815,0.9408373440246449
142.653008,24,83.728564,True,0.9834700071618147,0.015493050964875873,0.9684655214798034
140.143358,24,83.796904,True,0.9894131079129365,0.01950413529818117,0.970484644109419
142.73608,24,83.855572,True,0.9890766945566075,0.022636830409655924,0.9671827428319743
141.263034,24,83.916647,True,0.9844287350646604,0.020639550231995252,0.9645214462254534
136.830219,24,84.449725,True,0.9820937688131239,0.024031182307099986,0.959046741721778
141.438101,24,84.520566,True,0.9955608551658256,0.025495364248748185,0.9708097080430472
139.74671,24,84.598716,True,0.9849813648007957,0.023862800524568798,0.9620247598566406
141.453147,24,84.664358,True,0.9822212209946003,0.01663583125889257,0.9661485369626639
138.158518,24,84.703751,True,0.9754403364031666,0.017489632018881443,0.9586734898396149
136.599714,24,84.756871,True,0.9841553262775885,0.017080782669477972,0.9676274913921076
135.61767,24,84.79688,True,0.9833123487440695,0.02192695408990987,0.9622139281175639
139.227267,24,84.842115,True,0.9723293575382724,0.012762650587640468,0.9600762399502912
138.091401,24,84.888995,True,0.9820373540268807,0.023028914797804778,0.959931180655802
135.002042,24,84.928085,True,0.9788728948619274,0.016989242392543333,0.9625204024371541
143.603077,24,84.964191,True,0.9924200537444817,0.02111446084591398,0.9718989318027473
143.933597,24,85.004154,True,0.9975017175587096,0.024746658316986598,0.9734129986790849
141.008308,24,85.049057,True,0.9757482047719511,0.010213652211736753,0.9658830116140998
137.086113,24,85.094856,True,0.9813815185512078,0.020142363584770784,0.9620044746525792
132.120732,24,85.137862,True,0.9611308583774726,0.01932725309796354,0.9429070550761603
141.849732,24,85.186128,True,0.9830052874959923,0.015497278588604007,0.9680038619721651
142.203219,24,85.228438,True,0.9937673806690668,0.02465267084600375,0.9698577956651045
140.233891,24,85.261031,True,0.984865421189268,0.018805946793792914,0.9666859761553844
136.684169,24,85.289952,True,0.9697592000610834,0.022814861505147957,0.9481277957127165
141.415019,24,85.333767,True,0.9825654457544365,0.010170508673025967,0.9726728679152872
-65.719143,24,85.377704,False,0.9720783924126076,0.016888305104600983,0.9559342825883083
-66.759667,24,85.424664,False,0.977588666981268,0.01620963555306866,0.9619950773732023
138.922335,24,85.466571,True,0.9815366058827337,0.00812661036116007,0.9736243402315307
137.292725,24,85.51447,True,0.9778153168935282,0.019392205065120332,0.9592140414994285
142.367283,24,85.55417,True,0.9815588721126275,0.014346557744423935,0.9676760517581826
-72.989392,24,85.601785,False,0.9764374306129531,0.018173131111039145,0.9590092301369773
-66.242465,24,85.651489,False,0.9799134741296203,0.015799366659167473,0.9646722633352576
-67.224187,24,85.696715,False,0.9595954425702641,0.014642031921033282,0.9457477734816989
139.946839,24,85.744141,True,0.982558983599693,0.015958228267434885,0.9671253760849012
127.953762,24,85.795604,True,0.9823626792230882,0.024610975065104557,0.9587665007791549
143.499153,24,85.84574,True,0.9902443658277097,0.024234543755651292,0.9668140679933458
139.580042,24,85.886248,True,0.9809033418296146,0.019571637443483128,0.9620739787242151
-70.609266,24,85.938047,False,0.9789970792316984,0.02229970214632031,0.957641949006042
140.534075,24,85.99807,True,0.9844386950505519,0.018933441216690942,0.9661462223430909
142.933768,24,86.056957,True,0.998030490365947,0.017351555493273628,0.9810084675027025
140.345648,24,86.115869,True,0.9833082053021365,0.017078183209559464,0.9667970678509137
144.632108,24,86.179976,True,0.995880021307845,0.026391955995736138,0.970272628785082
140.269868,24,86.238829,True,0.9951644520840549,0.02259207246084046,0.9731783365865712
-70.981081,24,86.293939,False,0.9855660545459379,0.0234326898102205,0.9630003656896046
-72.669225,24,86.3481,False,0.9713404300301556,0.015454886184990226,0.9565569512195958
136.629531,24,86.401021,True,0.9679422817299799,0.01793876777108443,0.9508845840004907
141.329423,24,86.434081,True,0.9775004861042875,0.011647259213530355,0.9662463642359005
144.390677,24,86.47773,True,0.9919536767688085,0.018279412719254744,0.974146844548153
141.240122,24,86.882441,True,0.9913524722511527,0.015545161095466054,0.9761776336778398
132.873402,24,86.914091,True,0.9719943413010202,0.017550585346772726,0.955229504359012
137.595295,24,86.954692,True,0.9907895131007776,0.02347910043968038,0.9680603274411175
132.297495,24,86.987956,True,0.971028253852335,0.020223280625912422,0.951780137046671
142.54608,24,87.034061,True,0.9895573406305346,0.020488135841433927,0.9696901961673513
142.334363,24,87.083785,True,0.9811997490760856,0.021526333653580334,0.9605232060604224
137.087363,24,87.124841,True,0.9891047175269133,0.027093023138418573,0.9630137633537548
144.89202,24,87.167665,True,0.9956268845144931,0.016638660399316493,0.9793321101161249
138.162703,24,87.217042,True,0.9790447697474353,0.013157439256884675,0.966330337035802
144.045424,24,87.273043,True,0.9903175959852154,0.0206190950782142,0.9703106680649783
143.549854,24,87.337807,True,0.9929930117689534,0.019882790909618708,0.9736344417414056
136.325825,24,87.392048,True,0.9733895202929616,0.013637299878928144,0.9602937070382336
-70.097578,24,87.448201,False,0.9717220483345158,0.013609846994622202,0.9586746332582456
139.551229,24,87.50061,True,0.9771610877938063,0.017747138226254087,0.960121675701116
142.723162,24,87.552907,True,0.9999848121423542,0.023908835019594555,0.9766346162285215
141.492907,24,87.604397,True,0.9903000488829053,0.01843842983311008,0.9723710534422625
140.736009,24,87.656128,True,0.9803835808820671,0.01639793332836907,0.9645666807601954
139.100948,24,87.702399,True,0.9860288475932115,0.017611147149451462,0.9689642751607932
-71.363129,24,87.751123,False,0.9749265388794719,0.01407213379053337,0.961397622904065
136.325644,24,87.798706,True,0.9864480034092713,0.019168256585080024,0.9678951409991475
143.133125,24,87.856871,True,0.9975045550057868,0.02335423454402008,0.9747402427569462
139.282737,24,87.90668,True,0.9922906758027868,0.02206065183477613,0.970872593540758
138.30838,24,87.948452,True,0.9860947305578484,0.022205330194975018,0.9646738296402361
-64.526553,24,87.990854,False,0.9692403852074956,0.013492490427550997,0.956337017157979
-62.968229,24,88.032339,False,0.9827605505555079,0.015163326252175912,0.968081219190321
137.000798,24,88.093894,True,0.9716920940410199,0.012567581437305393,0.9596318427079562
133.992291,24,88.148917,True,0.9914473632175693,0.026555832258036285,0.9657997471377263
134.70278,24,88.191589,True,0.9771737036966942,0.02072023669208523,0.9573374452371836
-67.109568,24,88.239259,False,0.9797035779879634,0.016127739768187134,0.9641539539226307
144.371261,24,88.285949,True,0.9960567437713771,0.021881949325812732,0.9747277994571938
145.631189,24,88.334543,True,0.9919516307315807,0.019246914222651946,0.9732201460605956
137.778286,24,88.383733,True,0.9765110219741625,0.013268934033467041,0.9637234392324805
140.66807,24,88.415759,True,0.9891374507366432,0.026305750968211777,0.9637843788788047
140.605131,24,88.451807,True,0.9812343883014895,0.014907086624274656,0.9668218906276581
141.300808,24,88.491311,True,0.9895105630215895,0.021815425804870035,0.9683848354923447
142.409947,24,88.534095,True,0.9902813956414637,0.022651038466609527,0.9683473231751845
140.36319,24,88.58552,True,0.9808618814198776,0.01855590345563988,0.962992682180842
138.691671,24,88.633372,True,0.9856310575950963,0.019002400067480434,0.9672509677404348
136.805667,24,88.713137,True,0.9883690979389712,0.017998412187596124,0.9708945378559539
140.897592,24,88.79568,True,0.9835488338271845,0.015725882558135916,0.9683211294666308
138.83332,24,88.881147,True,0.9914539170612562,0.017312584789429843,0.9745813940426913
129.820525,24,88.960833,True,0.9759204615877443,0.017224748935384785,0.959395121490242
140.47427,24,89.045647,True,0.9849477529285666,0.014025138854919059,0.9713247879049747
143.687585,24,89.587983,True,0.9972222062054976,0.016645828254731536,0.9808944063808552
138.850898,24,89.654293,True,0.9821785071999101,0.02084668479566129,0.9621214642985381
140.81882,24,89.700805,True,0.989551241778175,0.011372125421125931,0.9784244759228806
142.241499,24,89.772614,True,0.987051156571232,0.015634747361151207,0.971856426865873
144.138096,24,89.842858,True,0.9939555975524634,0.017231647317391234,0.9771182406423253
142.136714,24,89.912546,True,0.9873440805044698,0.01933282109752199,0.96861796271937
142.6194,24,89.986851,True,0.9930400635754988,0.023609123174487923,0.9701360031804072
130.195419,24,90.058026,True,0.97344739911623,0.01800034249120534,0.9562348444147406
140.354749,24,90.132588,True,0.9880558409445881,0.018679854161739846,0.9699375489835793
144.19758,24,90.199676,True,0.9961803558770548,0.021612849739687436,0.9751055462261333
144.981503,24,90.282043,True,0.995452030076035,0.019143249728004616,0.9767537883822593
144.669245,24,90.347685,True,0.9999818214388921,0.02771185317218466,0.9730176978618086
144.489846,24,90.39456,True,0.9998446017936347,0.02753754775230409,0.9730492126353474
145.466262,24,90.460768,True,0.9955108154391203,0.015419700575171724,0.9803934421158325
140.232467,24,90.535758,True,0.9759792514433534,0.011492144959560562,0.9648905889253078
138.265878,24,90.602882,True,0.9797107050359106,0.015078344207989302,0.9651577246486582
139.41622,24,90.639991,True,0.9864172377015124,0.020472410388394886,0.9666280319387364
138.987771,24,90.684384,True,0.9853141868930348,0.028837665466081863,0.9576964568522771
141.825589,24,90.718911,True,0.9911404278449413,0.0156974254338137,0.9758225264985942
138.800462,24,90.765664,True,0.9772571888651418,0.01887630530993016,0.9591519439328521
143.366036,24,90.804859,True,0.989221294855266,0.01879447337300882,0.9709723803076473
136.616704,24,90.849153,True,0.986052619780608,0.02457099525293101,0.962405362194726
141.146028,24,90.889902,True,0.9988635955572406,0.020191177254515826,0.9790945244648451
140.827778,24,90.924767,True,0.9865641849155676,0.025831069554506605,0.9617218801376417
141.038937,24,90.958701,True,0.99886950646583,0.027409655270430898,0.9722212569658122
141.084315,24,90.992013,True,0.9791384693565613,0.012598767597454003,0.9669560152435476
135.070492,24,91.033779,True,0.9808684898119349,0.018596122075585135,0.9629611467725081
141.233607,24,91.078688,True,0.9926318720178735,0.027574833590269673,0.9659947281403264
145.983547,24,91.11429,True,0.9967891251334604,0.025769992636356192,0.971747206770583
136.356166,24,91.152952,True,0.9747987652889255,0.022191825790707397,0.9536358447543628
139.805853,24,91.193623,True,0.9760125559522685,0.014354798122724971,0.962200363973812
137.588161,24,91.2358,True,0.9704492925476105,0.016850180313127603,0.9543680193367045
141.998261,24,91.284395,True,0.9898645795438695,0.021027945268300256,0.9694784399693963
-65.421065,24,91.324248,False,0.9706903717906729,0.023945419557021817,0.9479903452379443
142.132839,24,91.375508,True,0.9745646872116138,0.017704050168294194,0.9576110923902225
142.351272,24,91.426489,True,0.9999903386868476,0.02861351718049184,0.972173048462262
144.248003,24,91.482906,True,0.9886728854781056,0.02216374435201696,0.9672353289196909
145.132769,24,91.534382,True,0.997104957352251,0.026461223841551057,0.9714005109911183
143.670252,24,91.583005,True,0.9930306722752187,0.01855023282441735,0.9749452116088244
130.291109,24,91.629106,True,0.9801724566209303,0.018667375680845692,0.9622105115183585
144.685944,24,91.673224,True,0.9957420972467294,0.02631982076439159,0.9702064377019547
141.254121,24,91.714357,True,0.9940261629908028,0.022669048077603414,0.9719920289553663
135.171679,24,92.141914,True,0.9674387911310871,0.016029854947001716,0.9521755550987728
-63.896622,24,92.184285,False,0.9868890759807701,0.02092174915454925,0.9666647583892082
139.767302,24,92.253271,True,0.9882806438618247,0.026088531294784698,0.9631533865939896
141.505903,24,92.305941,True,0.9942346842960669,0.020626580335137826,0.9741414768657063
138.684919,24,92.328779,True,0.9848066348202698,0.018916320471273992,0.9665235653157195
143.821638,24,92.369936,True,0.994703992935001,0.022042783139826664,0.973250835820358
133.577114,24,92.417549,True,0.9783770526731835,0.021601643670448555,0.9576893877715721
138.164777,24,92.464446,True,0.980705177772307,0.015543525856355121,0.9656948745208427
141.250143,24,92.509029,True,0.9938721060409169,0.0264228088087361,0.9682872374927081
137.389158,24,92.560326,True,0.9817418692745176,0.022622139112247298,0.9600240711850634
141.816945,24,92.607738,True,0.9955347314459365,0.016980652534770057,0.9789121641248726
139.79687,24,92.657209,True,0.9813255931308659,0.019233419585981792,0.9628075122669013
137.952195,24,92.706033,True,0.9803642667295492,0.02615241621621188,0.9553788026387934
138.907521,24,92.757631,True,0.992196583145564,0.021211191154007842,0.9715880434333508
142.79396,24,92.811596,True,0.9873054729171908,0.0228897663434474,0.9652119958600616
139.504447,24,92.860493,True,0.9844991870507647,0.025000206599133747,0.9604868181609952
140.567967,24,92.913632,True,0.9838556955121072,0.014319869095612605,0.9699659106444719
138.522252,24,92.962164,True,0.9795478923761558,0.016632211661416714,0.9635223841425836
142.075889,24,93.007835,True,0.9988657860671952,0.027299314181482806,0.9723220606479793
144.026029,24,93.056833,True,0.9889454434794763,0.021966848227854784,0.9676883797105168
139.364013,24,93.101307,True,0.9917586979412863,0.020059130820183065,0.972256085923037
142.477546,24,93.153209,True,0.9888990396891514,0.022390926316768436,0.9672416041990185
141.909956,24,93.20035,True,0.9866277539668475,0.018301309025110502,0.968895694449626
143.715252,24,93.250268,True,0.9915989368448005,0.012738216498652602,0.9791266101056822
137.336652,24,93.293989,True,0.983258663795407,0.027169984500250044,0.9572501909445814
144.019975,24,93.343025,True,0.9999852207191231,0.02875458082260165,0.9720347684085411
142.754573,24,93.396193,True,0.9978977589886663,0.026175622793177537,0.9724434461544306
139.853043,24,93.440788,True,0.9881893615446281,0.019439014883693848,0.9693462258332042
141.414611,24,93.500482,True,0.9792956734416496,0.020402763955995527,0.9597148381341324
137.585878,24,93.553393,True,0.983554185944408,0.02678349161946741,0.957898324205742
138.518302,24,93.60827,True,0.9885589013219372,0.015991684725601474,0.9729990079485019
137.872583,24,93.657801,True,0.9728298039464388,0.02069232453327638,0.9531077882762335
140.396707,24,93.717161,True,0.9922886611229128,0.022732326264167175,0.9702330078365089
141.552347,24,93.76161,True,0.985879896611897,0.01795721940744069,0.9684885354865737
135.638433,24,93.799277,True,0.9707056021828285,0.020984288346696404,0.9507546915875805
132.078704,24,93.8469,True,0.9804320192525248,0.01463888828749408,0.9662866568295017
138.315299,24,93.89588,True,0.9802092048503539,0.02020025357758283,0.9608007853487682
142.965761,24,93.948884,True,0.9870411588805621,0.01994293979473945,0.9677415474626466
136.090332,24,93.995892,True,0.9708921816474635,0.017156819952206092,0.9545157271747767
139.83073,24,94.043568,True,0.9842112919065912,0.030655996855499794,0.9549367537853461
143.187081,24,94.095719,True,0.9930180211254125,0.020509252684342873,0.9730612618292118
141.699095,24,94.156626,True,0.9930282747226433,0.021576335434496597,0.9720548923055158
135.815594,24,94.207624,True,0.977020931392054,0.02045034406509166,0.9574409348523213
141.440011,24,94.700993,True,0.9862723821307409,0.020969518157272087,0.9660155025106375
144.361782,24,94.779031,True,0.9920270069850624,0.01799283898493813,0.9744931093761258
-65.394402,24,94.852981,False,0.985126611154197,0.022236722881810927,0.9636971448032154
144.418607,24,94.925586,True,0.9999846867458116,0.02810915150381043,0.9726444758157619
137.272113,24,94.99702,True,0.9820107464836467,0.023684135177806754,0.9592907741146914
142.411433,24,95.051727,True,0.999988789908148,0.02646387525235502,0.9742074845666653
139.241124,24,95.099553,True,0.988235467715187,0.026664338791785567,0.9625691965478972
144.899007,24,95.153728,True,0.993001026305966,0.02067783040517785,0.9728838980579948
138.815581,24,95.200041,True,0.9816579298777416,0.019493106639348206,0.9628882466048976
141.758893,24,95.245798,True,0.9987310358860395,0.02746381535566918,0.9720352395478926
143.840444,24,95.300829,True,0.9943164179192759,0.024306648956153306,0.9707214328175656
140.965172,24,95.364753,True,0.9894339222665542,0.019399715195636866,0.9706044719432437
138.185715,24,95.420998,True,0.9928259132606914,0.020682639267493273,0.9727077497597161
129.725963,24,95.476451,True,0.9810630260701328,0.02624619981750848,0.9559723838632384
136.663165,24,95.544053,True,0.980681694383647,0.026159088593603386,0.9556819262086498
141.822938,24,95.617762,True,0.9836693257220063,0.01975157269023287,0.964616630231776
-75.765405,24,95.684937,False,0.9619977202355313,0.017992932177733838,0.9449944983189468
137.690749,24,95.773911,True,0.9813681967448736,0.02185799827640971,0.9603762933794802
142.534346,24,95.828701,True,0.9905059770057776,0.021021313578304217,0.9701129289205711
139.488935,24,95.870146,True,0.9935966596386723,0.025135110596033995,0.9692348348706692
137.871038,24,95.909922,True,0.9825542994179812,0.018240437659396473,0.9649531319700427
143.69152,24,95.943045,True,0.9918371126884358,0.01898761584873771,0.9733554140030568
136.822079,24,95.982198,True,0.9822194937032123,0.020888490132482798,0.9621222133435432
144.574689,24,96.031074,True,0.999981490087825,0.024611313509120745,0.9759617885372137
138.768277,24,96.078833,True,0.9929500944997443,0.015395295224600383,0.9778951105737679
142.070717,24,96.129992,True,0.9922871775925611,0.02219601242426354,0.9707406070184427
136.878402,24,96.176543,True,0.9901456680591694,0.024500391656685983,0.966466851670049
132.395934,24,96.227734,True,0.986008230235369,0.02211552691404847,0.9646739573679174
139.943467,24,96.288684,True,0.9938331454766546,0.022200414967837034,0.9722488182593088
-64.425976,24,96.337204,False,0.9881918971993214,0.018631570055656216,0.9701170926258729
138.946386,24,96.384623,True,0.9864953833654028,0.016988629836049807,0.9700161382575504
139.101996,24,96.417825,True,0.9890487757313337,0.021680589219532725,0.9680606504297721
144.567308,24,96.448135,True,0.9999839470833819,0.02893139444218956,0.9718664941946876
144.40123,24,96.492424,True,0.9960559594643388,0.018959980495048365,0.977522158407456
144.827199,24,96.527709,True,0.9935733440016471,0.0179734002583944,0.9760307526203004
142.455938,24,96.575863,True,0.9833645686035977,0.016771022701893075,0.9671445651455294
131.785103,24,96.607841,True,0.9804260821946978,0.016137934249609093,0.9648553106313427
137.582718,24,96.6393,True,0.9763314139870063,0.018938034544778867,0.9581852682760956
141.059573,24,96.676851,True,0.993090847968074,0.014590230145828864,0.9788097878937148
133.917113,24,96.722577,True,0.9642753748159728,0.023571370940869182,0.9420695050601194
143.144159,24,96.787011,True,0.9915458234577882,0.018588214743385612,0.9734511052708281
-68.047741,24,96.838379,False,0.9708141272212919,0.02211490202638403,0.9498091900398025
139.470794,24,96.889781,True,0.9752353340876513,0.027266021419983383,0.9493503277170497
140.291643,24,97.310127,True,0.9885798176196546,0.025588713378890387,0.963914486112755
138.673655,24,97.357608,True,0.9776466045449022,0.020392728387012532,0.9581081649712644
135.48142,24,97.398712,True,0.9820609535436353,0.013852887284095396,0.968642458744065
145.450635,24,97.42916,True,0.9960449170915944,0.027665976935599024,0.9692302162826338
139.464371,24,97.463724,True,0.9922425074144047,0.019888189343819994,0.9728934188881997
137.101553,24,97.520162,True,0.9905427356375924,0.026315477034369178,0.9651444977716351
142.865239,24,97.569185,True,0.9925398362286575,0.03047720514400005,0.963184659761551
137.581077,24,97.626992,True,0.9744941090889803,0.022508654095286865,0.953042407207018
143.872304,24,97.670494,True,0.9924743414662951,0.02559169584213663,0.9677090263990014
141.182389,24,97.711739,True,0.989600012913064,0.018652505522814125,0.9714794864271804
144.033501,24,97.761718,True,0.9959131117157937,0.026099560108986165,0.9705813650383144
131.537739,24,97.814558,True,0.9652414202952171,0.014830101843046612,0.9511359768913329
139.756134,24,97.857517,True,0.9818318124872031,0.02097492726048218,0.961661042080329
143.064223,24,97.903978,True,0.9980297530753884,0.01774772747390799,0.9806258723392483
136.473823,24,97.938929,True,0.9841354489401456,0.02559381430734287,0.9595762330185299
133.345181,24,97.969515,True,0.9840118005421894,0.018044704827832277,0.9665703243440589
-68.502677,24,98.00689,False,0.9706190994286144,0.012017004771656679,0.9590936662646466
140.570364,24,98.039332,True,0.9893502626211814,0.02616422307601606,0.9641246891803716
143.744358,24,98.083763,True,0.9922586762769315,0.01931003716816848,0.9734611061356849
145.35233,24,98.135604,True,0.9929846483768816,0.015909206817676855,0.9774344416932633
146.005251,24,98.164946,True,0.9999814700451746,0.02995695603854723,0.970896370166123
139.313812,24,98.231015,True,0.9851085207404028,0.020629707550531624,0.9651967931686233
-64.166791,24,98.265953,False,0.9866158143704866,0.019043093739397266,0.9681786966928768
132.426396,24,98.30011,True,0.993904173654307,0.026629879938295607,0.9681231698750525
141.459266,24,98.342418,True,0.9950737553564422,0.03204440901614325,0.964177264721636
-63.455609,24,98.388738,False,0.976735212879905,0.01952589649578121,0.9580288408926617
137.833313,24,98.430736,True,0.9852115725263028,0.024200325907404965,0.9619324927019922
142.488606,24,98.49367,True,0.9898507608874969,0.024119519627586194,0.9665383208860715
143.220162,24,98.559949,True,0.9934670744493336,0.020189178196223283,0.9738067171089418
146.562701,24,98.624674,True,0.9999779396822429,0.02942500573411181,0.971394646634925
137.65246,24,98.684282,True,0.9826478116378513,0.01995554153768173,0.9634221999092378
138.559688,24,98.732433,True,0.9821261247428829,0.025953185270445774,0.9572816175661952
144.144139,24,98.789407,True,0.9999819917387011,0.024474484767431047,0.9760926275930727
138.182718,24,98.838553,True,0.9816132056171465,0.027169877917428215,0.9556483564406628
142.209366,24,98.89141,True,0.9935430885853377,0.019443501296769986,0.9745935771050717
143.833666,24,98.941797,True,0.9901697341324814,0.024542872351216306,0.9664502685574768
141.419612,24,98.992873,True,0.9859797297384492,0.022581586259832313,0.9642064193085492
132.050459,24,99.040414,True,0.9930379775043564,0.02308676632578057,0.9706292859897517
143.615059,24,99.076904,True,0.9999824960770287,0.02484971120932163,0.9757357446069341
137.174503,24,99.102148,True,0.97764649156327,0.02919661547816441,0.9499122683269376
143.972546,24,99.143548,True,0.9959732561772504,0.028768928088108252,0.9681214400868362
-70.099221,24,99.222583,False,0.9686555034317804,0.019882167365248313,0.9497719780062372
140.888957,24,99.762496,True,0.9988731048867112,0.031058282193605853,0.9687843278476755
135.0057,24,99.830735,True,0.9782286441194158,0.018454249190731558,0.9605032772917592
138.167703,24,99.883464,True,0.9841871794028034,0.02088210324957631,0.9640556693765432
142.68847,24,99.922536,True,0.9933365660952788,0.029310872357840634,0.9650501056302307
139.051193,24,99.985899,True,0.9846808659416479,0.033711942964014696,0.9525679495568395
142.193648,24,100.084513,True,0.993590842192091,0.030279738482441025,0.9643893838537568
139.997902,24,100.158106,True,0.9954340570398541,0.027029820226286055,0.9692357879350857
138.484937,24,100.248669,True,0.9776056684604324,0.02796591246085535,0.9510098113274347
141.415591,24,100.331092,True,0.993469105584206,0.018638194886101262,0.9752914337708403
141.836217,24,100.412246,True,0.9963526935925369,0.028446612521716073,0.9687937919786758
142.072047,24,100.482721,True,0.9924242137483359,0.02151603357258481,0.9715209366587175
140.271504,24,100.559998,True,0.9908625378041196,0.029130752200803627,0.9628150122665686
140.38211,24,100.639857,True,0.990643133552233,0.024239873253502787,0.967198367707996
140.83259,24,100.693838,True,0.9903743784693043,0.025955560937927658,0.9653189827870374
133.624964,24,100.766273,True,0.9797067696892253,0.024144750392846113,0.9566096680312282
144.171987,24,100.828444,True,0.9885204871742708,0.0217048308443701,0.9675206158684064
138.698962,24,100.870593,True,0.9782264300750092,0.023740908347598556,0.9555410183363157
-63.266236,24,100.913731,False,0.9911713179907361,0.028416560053439226,0.9637838950582753
145.511407,24,100.949687,True,0.9958767004407224,0.02160642501289749,0.9748144452284061
138.718515,24,101.033818,True,0.9830216020324938,0.024812070146034194,0.9592213349833155
144.887976,24,101.09882,True,0.9954566054006347,0.025202936024164457,0.970984934222985
144.859109,24,101.14565,True,0.999979955836383,0.025936887740170472,0.974699289777013
142.828342,24,101.188637,True,0.9975086267424277,0.026089045061599894,0.9721462591802096
144.154186,24,101.239155,True,0.9999845683048447,0.029233311240423065,0.9715820090390122
-69.92776,24,101.289796,False,0.9868258983091969,0.02596846392271795,0.9618481785844938
144.052249,24,101.344506,True,0.9913468647988386,0.024862360153005404,0.9672975643781443
141.664035,24,101.396855,True,0.992860846583263,0.026403909836301954,0.9673198212403651
137.949926,24,101.441073,True,0.9832113256753215,0.027156858112826775,0.9572163374168136
144.358571,24,101.484561,True,0.9999863093220819,0.030360876786877017,0.9705204572988866
128.174189,24,101.538053,True,0.9570254283937937,0.02130426148035355,0.9370620142195535
144.319535,24,101.614334,True,0.9999871339263651,0.03299947479375049,0.9680422481589579
140.524151,24,101.672173,True,0.9929521238703761,0.0256278656560688,0.9681407429732903
138.468037,24,101.714642,True,0.9927639359141553,0.03498305411065803,0.9592079135703525
144.971968,24,101.765828,True,0.9919776495048566,0.02257442704672096,0.9700786791331852
140.805367,24,101.814307,True,0.9919833862740739,0.027943926256940584,0.9650170217807402
138.555711,24,101.855633,True,0.9834554072991899,0.025523550972470103,0.9589788614475129
141.293994,24,101.891672,True,0.9823629938073835,0.02717968781969548,0.9563691781060817
139.560254,24,101.938594,True,0.9947758595362145,0.030308553644107703,0.9655125700138883
-71.736117,24,101.985687,False,0.976019615232068,0.024309740153497947,0.9528559350473489
-64.358975,24,102.054226,False,0.9870263262236697,0.02915683217057479,0.9590630848186198
143.88577,24,102.11353,True,0.9965473351786746,0.029741955007417567,0.9677641377363287
144.761979,24,102.158704,True,0.9936614440016037,0.016592884362313303,0.977442847856353
133.976954,24,102.209669,True,0.9934559346971608,0.029384196546057076,0.9650973252071984
140.045565,24,102.658932,True,0.9946572267525277,0.023335120398095426,0.9719760486335973
143.57697,24,102.68429,True,0.9967933027662245,0.02105930622735614,0.9762344818629678
143.130447,24,102.714553,True,0.9961829824756869,0.022872338961901176,0.9739074413593968
142.359237,24,102.748594,True,0.9900404610661165,0.02011227768399105,0.9705210717724642
144.585177,24,102.780944,True,0.9999834583046963,0.029310822621900837,0.9715077664854427
141.530494,24,102.818795,True,0.9925500347314816,0.023533476965055956,0.9697289410352797
141.306064,24,102.849975,True,0.9833821087622718,0.021257055799583844,0.9629134047865568
-68.087321,24,102.886196,False,0.9745572801814608,0.02367143360017138,0.9520215649214907
140.462959,24,102.926014,True,0.9879617094361858,0.019611469521930942,0.968958999548539
143.640309,24,102.969562,True,0.9909192776279161,0.017439906203439826,0.9739339607048786
137.100441,24,103.012883,True,0.9913069330971225,0.027285024522051008,0.9649774983903152
141.09687,24,103.056787,True,0.9935924828946898,0.030003364031594846,0.9646497454198719
141.79911,24,103.107852,True,0.9917869616843025,0.023105587867143857,0.9693886666691648
140.555898,24,103.165726,True,0.9955578248606417,0.019524582573695295,0.9764922218427028
140.895911,24,103.210452,True,0.9950768259206344,0.03243772369269577,0.963812928455933
142.764896,24,103.26006,True,0.9902723097127415,0.017959091337651032,0.9728016755677998
143.818469,24,103.302826,True,0.9939622176806899,0.024068750594647418,0.9706010627738857
143.070997,24,103.35094,True,0.9923611911977372,0.01660014204242924,0.9761568488511188
139.447885,24,103.408273,True,0.9888847209058244,0.023751201084080627,0.9659424280612957
135.522614,24,103.469369,True,0.9847714014659216,0.03202649645636663,0.9542113548899153
-65.380006,24,103.534944,False,0.9870238911453871,0.015945311016467054,0.9715325032189541
138.907348,24,103.599559,True,0.9891386579468373,0.02060188715385252,0.9691718880760088
139.01744,24,103.662621,True,0.9843006116766395,0.028295014126431373,0.9572161667173246
139.454852,24,103.724547,True,0.9868643337910754,0.026490770577513093,0.9613962074260602
141.687071,24,103.767197,True,0.9965172245036126,0.02634453985649887,0.970938301715858
-67.175414,24,103.819878,False,0.976549178947583,0.026525702991406323,0.9513148829121507
140.430706,24,103.865636,True,0.9928469790119097,0.02320117553067179,0.970334087523874
142.934398,24,103.913793,True,0.9999885584438518,0.029662033371767402,0.9711813449790456
141.412674,24,103.957619,True,0.9968066493567023,0.029967254967431654,0.9678042137254375
143.887025,24,103.988903,True,0.9948631188570048,0.028957229387564266,0.9668653763666614
145.692072,24,104.042974,True,0.9967871797008454,0.021715079020329247,0.9756019071937494
140.282376,24,104.089825,True,0.9856486507711237,0.015536048197585984,0.9705698310960919
143.066255,24,104.133819,True,0.9988617074024894,0.02698554378448225,0.9726151584584576
145.34874,24,104.170291,True,0.9998366294542701,0.02056393410444598,0.9796903418222748
138.985974,24,104.21593,True,0.991273425992608,0.02260535952009887,0.9693606793316687
144.128814,24,104.264005,True,0.9956913178859688,0.01915023123450743,0.9769818888034568
136.791044,24,104.324991,True,0.9805529315433328,0.022726751251246836,0.9587633552595388
142.923086,24,104.395691,True,0.992750121012395,0.026516782825158156,0.9671055920587767
142.121335,24,104.481158,True,0.9961883710142593,0.02284244803486268,0.9739411704394825
142.085778,24,104.549852,True,0.998865191839286,0.023956306009805885,0.9754959132306185
140.396313,24,104.595873,True,0.9933052676066322,0.029918837394146094,0.9644500435780439
140.868429,24,104.65153,True,0.9908757440958728,0.02335685156156549,0.9682602335479272
141.970848,24,104.715914,True,0.9958897969161646,0.02651346149625642,0.9701673034706686
142.016324,24,105.218324,True,0.9971131434482807,0.028728736690961876,0.9692673178894792
144.07425,24,105.273512,True,0.9970993036703326,0.01647121110531407,0.9809420008915786
-65.051076,24,105.323684,False,0.9775508781044948,0.01775504327222472,0.960497208602899
140.916492,24,105.390911,True,0.9952237915973616,0.018493080087214574,0.9771532188634406
138.863223,24,105.459841,True,0.9841649600155088,0.020548979621881402,0.9643485806826704
132.608959,24,105.529695,True,0.9720097073511024,0.01864008660999184,0.9542229096696223
144.374717,24,105.595716,True,0.9959671505573843,0.021176453607105336,0.9753134701053142
132.78573,24,105.654368,True,0.9910933458108336,0.02530038131660285,0.9666370596079917
142.932612,24,105.722785,True,0.9959679412788044,0.019179825625896457,0.9772249373825298
139.103701,24,105.756951,True,0.98564757111688,0.026759657516176292,0.9599593866993663
143.596427,24,105.819406,True,0.9967931470537096,0.021517622426203857,0.9757963300586326
143.661999,24,105.879699,True,0.9847828710452393,0.01542803727802454,0.9698204450657745
142.999432,24,105.958067,True,0.9959722767103054,0.024250348119910718,0.9723914456446003
140.47735,24,106.052634,True,0.995559135589378,0.021179473573739744,0.9749110331265275
139.20451,24,106.135974,True,0.9898358113704807,0.015991701401367634,0.9742558034727942
142.695016,24,106.213187,True,0.9959702448975581,0.019843587042984348,0.9765911729516812
140.494525,24,106.291508,True,0.995226173089933,0.019413615158458145,0.9762731812594384
141.679132,24,106.365522,True,0.9934318996796362,0.018049770439122433,0.9758185979955896
144.180889,24,106.457301,True,0.999983738493829,0.026265046136440123,0.9743913058896901
145.756362,24,106.532191,True,0.9943641076322202,0.0186320279588368,0.9761759696725368
143.200211,24,106.62456,True,0.9975002038769235,0.01674820254427605,0.981069060541059
145.35602,24,106.700787,True,0.9999752829579549,0.023004907394786986,0.977488256145828
141.491418,24,106.775631,True,0.995678782055755,0.025171002780599354,0.971231901170779
142.733921,24,106.846826,True,0.9951616002688938,0.023795653443510974,0.9720314761267962
138.742608,24,106.910063,True,0.981543137806378,0.02580165584524909,0.956854702089165
140.779806,24,106.967109,True,0.9860716878434721,0.02124996984786722,0.9655537008146643
145.35384,24,107.042277,True,0.9999755427558109,0.022942159184354143,0.97754847014336
140.617343,24,107.109656,True,0.9863457200563983,0.02823889812642588,0.9592573494872041
144.665019,24,107.163529,True,0.9999820540715629,0.02763123428300519,0.9730942586318588
135.845405,24,107.216006,True,0.982127190600168,0.02090427473368541,0.9620169245117198
141.613008,24,107.265676,True,0.9898588701033366,0.02523949595738459,0.965490379571254
139.229541,24,107.324132,True,0.9777709661006775,0.016584179223703102,0.961819971315445
144.614246,24,107.381347,True,0.9999805378838185,0.025457764928943017,0.9751552643936635
140.651755,24,107.430442,True,0.996918701756449,0.025995916241436184,0.97165952220209
141.571965,24,107.484156,True,0.9975073324465434,0.022119184012490366,0.9759207615404212
145.866872,24,107.544351,True,0.9959157808780024,0.022791658981765894,0.9737230179110774
140.733789,24,107.603262,True,0.9963880791795363,0.022863362954683816,0.9741165000781042
131.475123,24,107.667573,True,0.9868215182647494,0.02587648076814545,0.9619301512067489
142.649076,24,107.725319,True,0.9924459772498122,0.021194291054565936,0.9718483406570301
143.24405,24,107.778137,True,0.9999821048898886,0.022530568539063465,0.9779483720654034
141.767415,24,107.828076,True,0.9782248251378567,0.023484804222255674,0.9557785529421786
143.967306,24,107.879781,True,0.999988324866169,0.03207067907386758,0.9689145764353195
136.917867,24,108.390751,True,0.9795272236882075,0.021364614627040982,0.9590377517101364
137.83803,24,108.454553,True,0.9866857568386935,0.021942949778146335,0.9654998422885479
139.173682,24,108.498346,True,0.9812210079416468,0.020923050904985425,0.9611116205789014
142.32732,24,108.544292,True,0.9952176421500393,0.016198478348982106,0.9793536039996534
141.367973,24,108.59995,True,0.9950245552145788,0.01819199763837018,0.977246489387535
138.518003,24,108.659678,True,0.9930679703318945,0.02660376779090359,0.967333260882947
138.578691,24,108.722601,True,0.993943937781383,0.018935551206898965,0.975472822205571
143.552859,24,108.772977,True,0.9973912662686638,0.010286180400344644,0.9872363748194887
143.611063,24,108.822814,True,0.9951534077372016,0.01928344327846329,0.9763264716008253
143.914674,24,108.873749,True,0.9999872246984994,0.02988077594715662,0.9709737748807238
139.695815,24,108.934947,True,0.9830751569645775,0.017911431183216777,0.9657767138166965
142.103178,24,108.989317,True,0.9954224680050049,0.020414271027455497,0.9755081796364076
145.639595,24,109.047946,True,0.9960511977700646,0.018933770085156326,0.9775426303584195
133.667714,24,109.109424,True,0.9867506605877767,0.022315879749251213,0.9652111251854977
138.092353,24,109.157908,True,0.9929019109415244,0.025032206082945894,0.9686543554917127
142.210066,24,109.261643,True,0.9947079181436623,0.01962348998701104,0.9755639487634146
144.051641,24,109.314287,True,0.9999840976896864,0.0258909048171263,0.9747470154908353
140.488113,24,109.364423,True,0.9908392275120667,0.020880163689630294,0.9705734940828011
140.580283,24,109.417101,True,0.9836556063892391,0.016778760961656678,0.9674234397450533
144.604989,24,109.462324,True,0.9959097215218247,0.026003966035056045,0.9706684910492801
140.3523,24,109.530804,True,0.9904437817739044,0.023597814224096868,0.9676102938190387
141.221299,24,109.600218,True,0.9899150176108734,0.027904853513319734,0.9630414860163379
139.165319,24,109.669149,True,0.9852819109312755,0.021131946041672782,0.9648918680398095
139.550885,24,109.722267,True,0.9795722888973931,0.025759695078793284,0.9549724887778395
142.039592,24,109.767473,True,0.9924256220629081,0.02441589760344486,0.9687721797217556
140.475823,24,109.805629,True,0.992907594962081,0.025673674971071987,0.9680540889285133
145.51838,24,109.856541,True,0.9964094846343249,0.02442845623677316,0.9726491670239464
134.846318,24,109.917382,True,0.9905721101259359,0.020585271067881047,0.970592206459593
144.743299,24,109.959139,True,0.9999801753333608,0.025863414728921917,0.9747693123432027
135.844657,24,109.995826,True,0.9721185826915543,0.019915281937425967,0.9531365986054475
144.186371,24,110.041764,True,0.9959688222801292,0.023030104411098037,0.973547912212665
143.235837,24,110.081269,True,0.9921740505375114,0.024758170130978186,0.9682031131410233
140.762314,24,110.121007,True,0.990862835473022,0.017328138730685224,0.9739854799546939
141.352474,24,110.169243,True,0.9938302589531733,0.029019905602557645,0.9658027541957233
141.094214,24,110.227825,True,0.9864338972751368,0.028593678844233434,0.9590122101309541
143.218437,24,110.276754,True,0.9980288832963771,0.01865690064522825,0.979749788829011
138.207588,24,110.325344,True,0.9896112212316788,0.023864452345844642,0.966545150546358
137.220228,24,110.365526,True,0.9804737887382577,0.024371794300463413,0.9571464132393616
139.591674,24,110.408564,True,0.9843587986153212,0.017302340291956268,0.9676167640908202
142.825862,24,110.462287,True,0.9999847844065638,0.023672610554429308,0.9768599590302254
136.39868,24,110.501076,True,0.9818343234549874,0.02380541494621163,0.9590048158776058
139.906295,24,110.531717,True,0.9866818671034279,0.02213281678380551,0.9653166896725556
139.983856,24,110.566785,True,0.9988778708764443,0.034331298347819846,0.9657233349430627
142.232764,24,111.041978,True,0.9922496125769125,0.020523480898656167,0.9722947400516
141.336418,24,111.100101,True,0.9881219879047861,0.026802883886641714,0.9623288007962726
144.026964,24,111.148484,True,0.996179960951912,0.022197065160734913,0.9745478586316118
142.024978,24,111.194837,True,0.989758998586864,0.028859881957786354,0.9619959101753309
140.491469,24,111.238645,True,0.9946581389264258,0.025366524652642306,0.9700513084951556
144.820198,24,111.291615,True,0.9959008497831722,0.014002401960904064,0.9821484129201999
140.174847,24,111.332947,True,0.9823853731889833,0.021368987324725638,0.961831997427441
138.719039,24,111.364137,True,0.9806908539127015,0.028008903524692822,0.9539711675163961
144.029954,24,111.399092,True,0.9918817872359296,0.02210394573272485,0.9704314237089365
141.760712,24,111.432612,True,0.9980361302169961,0.0233640003769558,0.9752503799717106
138.654509,24,111.464134,True,0.9833794104515999,0.023767081946165114,0.9605499412837255
138.749753,24,111.499401,True,0.9777378604299815,0.016127057271680345,0.9622200820586606
137.611194,24,111.556688,True,0.9854025029910773,0.02770438680528114,0.9588384711038324
145.539259,24,111.635601,True,0.9960533062074577,0.020220839435679688,0.97631146875848
143.15401,24,111.712363,True,0.9881823255459856,0.023113250692436388,0.965858202771971
143.443588,24,111.790581,True,0.9934619748105394,0.01617386934118736,0.9776495979518027
141.469068,24,111.874305,True,0.9854770178185693,0.022113808081394744,0.9641558601662998
141.235673,24,111.95397,True,0.9940719309000496,0.02467669371419712,0.970132273914406
142.429942,24,112.035549,True,0.9937079021034396,0.022605521980915224,0.9717411853776253
141.832438,24,112.109705,True,0.9934404445978097,0.02694671651492608,0.967372920738455
135.936201,24,112.180649,True,0.9769383597752275,0.015571240503628752,0.9619594577045693
142.463761,24,112.26337,True,0.990042325231731,0.02434147982803533,0.9665158979971576
129.933946,24,112.355887,True,0.9831729988356693,0.021811102460760404,0.962186647285353
140.766317,24,112.435726,True,0.9889340939088203,0.02509638409891485,0.9647230340960747
145.118153,24,112.49692,True,0.9998416373800714,0.025986663179436886,0.9745171874667995
138.658841,24,112.548056,True,0.9901310701350117,0.021580654963957363,0.9692147803737967
140.800597,24,112.602922,True,0.9873183035580884,0.018232607335072377,0.9696392518229278
-62.069644,24,112.66074,False,0.9938310010492413,0.022320029954711204,0.9721329641690265
139.604729,24,112.697348,True,0.9895262200488486,0.029263552306642467,0.96139246146554
140.701134,24,112.735806,True,0.9934064961804108,0.01775434634015822,0.9760768890378095
144.624548,24,112.784162,True,0.9959640757636518,0.020761275258733194,0.9757071510292197
132.679383,24,112.822269,True,0.9869192577988233,0.025393016661744497,0.9624790122053144
144.476754,24,112.86342,True,0.9963377126790653,0.020775423314556354,0.9760596600610354
142.183263,24,112.908243,True,0.9924250012042594,0.0251071056091461,0.968118351510727
-69.388055,24,112.958861,False,0.9747489595935496,0.01849322036067938,0.9570500226288805
138.328065,24,113.00575,True,0.9818769180929439,0.007272973207351882,0.9747873160603703
144.059034,24,113.037153,True,0.9999836120972563,0.026043049677623633,0.9746020036990115
133.14732,24,113.090242,True,0.9684926626729023,0.01933358252981786,0.9501233740080095
137.00302,24,113.138797,True,0.9705659862007766,0.014554743041559518,0.9566423032936521
138.758108,24,113.180508,True,0.9866849994693243,0.022155163077549098,0.9652986504500649
-63.052697,24,113.234485,False,0.9921482493177285,0.022471527946427435,0.9703431559707084
139.005282,24,113.289289,True,0.9852195754065597,0.0262099573996415,0.9600565345351462
141.869954,24,113.33097,True,0.9893682547285294,0.024955634943692583,0.9652791018441318
137.546383,24,113.773312,True,0.992801565251654,0.024493940332375203,0.96906533671596
136.948323,24,113.829575,True,0.9894753094238932,0.022769211790320716,0.9674472970220251
143.839161,24,113.877265,True,0.9961656851617591,0.023087099024466828,0.9736860978030336
143.319288,24,113.910836,True,0.9965508395925488,0.029985093499700282,0.9675390895284243
139.048839,24,113.959941,True,0.9969202903341086,0.019257503593575403,0.978084818428402
136.741939,24,114.000021,True,0.9741979360082716,0.026985233693576718,0.9485997500709391
141.39169,24,114.047035,True,0.9980378507289394,0.02565776565570118,0.9730710224680993
145.132194,24,114.089396,True,0.9999781145154074,0.0241487651220459,0.9763992776930625
145.1499,24,114.146648,True,0.9963402116170728,0.023644308223216715,0.9733265780048767
140.508261,24,114.191063,True,0.99887254758674,0.028561457292603898,0.9711355024093441
141.186231,24,114.232959,True,0.9915894103532168,0.024583015696903462,0.9677980165216332
141.807647,24,114.273145,True,0.9920546124939006,0.026410500027459666,0.9665281215141116
140.255211,24,114.321458,True,0.9861684047618855,0.018630086228583222,0.9681320217166517
139.518094,24,114.360106,True,0.9850878523059227,0.029459279832855647,0.9568983170134352
140.762574,24,114.397395,True,0.9980464492200197,0.03058232593478057,0.9684296189678497
134.037575,24,114.434457,True,0.9974649393937751,0.025178150634715287,0.9729674191517034
141.206385,24,114.473059,True,0.9904093276234983,0.02313876270585755,0.9680107564336621
-67.371115,24,114.50661,False,0.9931507804760341,0.023135265098764828,0.9706935283675947
140.573478,24,114.532738,True,0.9893674372969551,0.01996411053807425,0.9700022060335258
140.119214,24,114.573171,True,0.9988725629173093,0.025749366265783304,0.9737978845199601
143.910084,24,114.607917,True,0.9924669797568955,0.01577150243434059,0.9770573178893138
138.071526,24,114.648975,True,0.979903564271895,0.018053296201568775,0.9625267831536785
137.468649,24,114.684831,True,0.992185304688314,0.012378273821300143,0.980053928798011
141.386996,24,114.723634,True,0.993551669281414,0.030600794474764704,0.9640509444665893
144.405594,24,114.776377,True,0.9943737303019844,0.024075385096839652,0.9709966129182506
144.464123,24,114.826567,True,0.9999839327777573,0.02920706464586785,0.9716061686011009
140.334351,24,114.880859,True,0.9947996439686195,0.02529323783493845,0.9702586608971394
140.980833,24,114.965838,True,0.9920176312920034,0.02232665378132005,0.9703528980906333
139.397119,24,115.043946,True,0.9866635194631364,0.026562982757734676,0.9611329611872295
142.09658,24,115.104521,True,0.9901270515605392,0.027150973596907584,0.963954741816856
138.347651,24,115.163985,True,0.9920019350289514,0.02815234138977638,0.9648394455709166
139.839257,24,115.213432,True,0.9958971202823581,0.028236740024894794,0.9685484689627474
141.160617,24,115.298589,True,0.9931925197120596,0.014770255431472734,0.9787363340579603
144.683417,24,115.345831,True,0.9999793019016431,0.023533402913153267,0.9769874623100029
139.649622,24,115.389441,True,0.9912765977555483,0.025280851726226964,0.9668342055609185
141.073952,24,115.421791,True,0.9901194408671067,0.020363796240651086,0.9703592429631723
145.094226,24,115.44969,True,0.9970997267644973,0.018581827764628037,0.9789097935830301
141.362703,24,115.475785,True,0.9961772763928689,0.027412235835831144,0.9695984159488317
143.735135,24,115.500358,True,0.9959136289654138,0.026491569768221514,0.9702112109798311
144.193719,24,115.547977,True,0.9974983560661312,0.021071466437165353,0.976913359009739
145.174735,24,115.592139,True,0.9958821544316282,0.027358047563058662,0.9693622946682587
138.768244,24,115.631516,True,0.9931198892589268,0.021870042763672617,0.9718651567209168
143.631681,24,115.930623,True,0.9999821520641586,0.025219065242753726,0.9753838822997115
138.638367,24,115.952197,True,0.9811189374895307,0.01810370274823836,0.9636728899434586
141.313246,24,115.980304,True,0.9971178208481261,0.02856225948772913,0.9694287454652832
142.161412,24,116.018508,True,0.993537281467444,0.029833793152741317,0.9647549809234959
143.59466,24,116.051762,True,0.9958848963683651,0.02555371544172668,0.9710704387038542
140.596729,24,116.083674,True,0.9867107586459617,0.028287533412033376,0.9595669757581203
137.599183,24,116.125824,True,0.9946650265752339,0.0272324780406645,0.9682959289531524
142.256631,24,116.159206,True,0.9941134518123158,0.020514868145377587,0.9741293173111313
143.838294,24,116.196772,True,0.996059607932761,0.02296032125984019,0.9737030725747513
144.299644,24,116.227952,True,0.9999788435915299,0.020890377591538303,0.979516376626703
141.295357,24,116.266646,True,0.9959912779405168,0.025043993788015945,0.9716571034769588
144.257595,24,116.291636,True,0.9971044480442223,0.025158212645776036,0.97263469749791
138.387667,24,116.335954,True,0.9879600159188336,0.015510122447204547,0.9728706726605738
144.02999,24,116.380256,True,0.9973960063245644,0.018614679035382817,0.9791690880295265
139.840067,24,116.424464,True,0.9904859817775569,0.022098653591025114,0.9690708213904786
142.453747,24,116.464749,True,0.993614355844646,0.029000585562663633,0.9656110694060799
142.31298,24,116.511387,True,0.9951662595053847,0.026566266628058766,0.9694125862660449
142.312784,24,116.566158,True,0.9926476074066817,0.02425959996474452,0.9691367378356514
143.740173,24,116.611018,True,0.9920808628899553,0.021192382106795575,0.9714926200714689
136.513478,24,116.649783,True,0.9833375550220801,0.0180966214862835,0.9658587743730452
-72.169266,24,116.69646,False,0.9820098689874456,0.022571459843280642,0.9603337346594323
145.005172,24,116.742664,True,0.9921923375041606,0.02633351247798152,0.9667348142112301
139.651833,24,116.803612,True,0.9919250261328998,0.026254376104762424,0.966548888101055
144.353067,24,116.846734,True,0.9915803852810141,0.023553112416087037,0.9687630014043906
-64.592465,24,116.903321,False,0.9863320993764545,0.019836856667638028,0.9671469440703863
142.472826,24,116.947647,True,0.9999899770815746,0.0288125346353448,0.9719846360892308
143.363524,24,116.987227,True,0.9971083010522478,0.02502470654202416,0.97276513891655
144.667132,24,117.036909,True,0.9959631111111705,0.018197782048480934,0.9781627191403058
138.783257,24,117.074028,True,0.9912757056194563,0.02417499438424082,0.9678772778624962
144.278976,24,117.122415,True,0.995881535520962,0.025374041442358053,0.9712373195249706
141.54246,24,117.163483,True,0.9932993224985613,0.025730283250215764,0.9683825648113938
140.926231,24,117.191106,True,0.995425502282109,0.02166103401990127,0.9743207082738942
140.190934,24,117.225486,True,0.9850126894999272,0.024741075948998683,0.9612308051453105
140.912366,24,117.27082,True,0.9839297565943304,0.021563217149914885,0.9631609087682513
141.74893,24,117.346782,True,0.9958068939979267,0.014769254674261215,0.9813136231818322
145.622778,24,117.436556,True,0.9961638700869092,0.025799402237357317,0.9711098172938976
147.18401,24,117.522723,True,0.9999688908645096,0.020679071258089106,0.9797094101595988
142.680695,24,117.591547,True,0.9957765774205899,0.02718051140924228,0.9694270543104755
141.613486,24,117.65422,True,0.987457160567262,0.026719354658378342,0.9617595656369211
143.387668,24,117.718689,True,0.9961795504273327,0.01899104280264628,0.9776136477975581
140.727841,24,117.769705,True,0.9925909935285784,0.0220056246052084,0.971218718988956
139.868614,24,117.833913,True,0.9912046162063802,0.023457797030032635,0.9684860666289831
142.99106,24,117.869762,True,0.9934360753173568,0.027836657000043296,0.9665310811320045
144.313229,24,118.308286,True,0.9965381253365005,0.01822070289877519,0.9787054245699909
137.846719,24,118.340782,True,0.9921252782819997,0.028940892862159187,0.9642198936444725
135.685669,24,118.382088,True,0.9818764377195309,0.022713422400061693,0.9600699631137175
145.136001,24,118.42818,True,0.9920818018911385,0.025853406128404997,0.9670795027481351
138.740494,24,118.470603,True,0.9943514037977688,0.024763749803728922,0.970322578241292
143.255859,24,118.509278,True,0.999987708587244,0.029893248574239965,0.9709624856475207
141.618181,24,118.54748,True,0.9927255161727198,0.017627272213416784,0.9755295905282356
145.006718,24,118.598764,True,0.9999741030774837,0.01763528075007393,0.9826448846589002
141.570349,24,118.644059,True,0.9907765450110688,0.019332032555407077,0.9719860784981407
140.203111,24,118.703566,True,0.9954298738079586,0.02106314254577446,0.9748955106988728
143.132636,24,118.765723,True,0.9975047602653081,0.023419288756323594,0.9746784834175765
141.252591,24,118.818013,True,0.992553779528954,0.026850842520729244,0.9665997615509745
145.82167,24,118.861635,True,0.9970985846990151,0.021922304943171576,0.9757087988743559
141.139402,24,118.912145,True,0.9923905511788923,0.022678630503238772,0.9703835805100942
144.260056,24,118.955869,True,0.9911632225936547,0.024735446061920192,0.9672381553724096
143.358411,24,119.00619,True,0.9885562473723012,0.023041113318812135,0.9662918083178108
137.508422,24,119.053334,True,0.9746463602300411,0.021089080068658617,0.9545164856375755
141.705779,24,119.087479,True,0.9963841015573458,0.022127719651488655,0.974813697349955
141.94661,24,119.134265,True,0.9934400607454941,0.026929838460963355,0.9673884461613664
138.511664,24,119.181298,True,0.9788658440270214,0.024414728009271903,0.9555366759800838
141.730336,24,119.228642,True,0.9954279863369652,0.025078213165201417,0.97107515656129
144.575485,24,119.277816,True,0.9999811204144867,0.024618758104774954,0.9759543366784931
140.983058,24,119.319725,True,0.9974139180600942,0.03123683963778282,0.9672015968809179
142.769544,24,119.371577,True,0.9999833293227511,0.021321408063751768,0.9791073813076588
141.014804,24,119.423638,True,0.9933666452956825,0.027533438356387933,0.9667487287660853
143.015196,24,119.468282,True,0.9960578497380121,0.01922743072277586,0.9772675064599337
141.775291,24,119.508479,True,0.9965535759843076,0.02917650797508046,0.9683019076533733
142.01713,24,119.551106,True,0.9965485681057398,0.024025566450205257,0.9731676637335193
142.570704,24,119.609211,True,0.9958851478131988,0.02341698997802879,0.9730981189149291
144.701568,24,119.664151,True,0.9923634738726022,0.01909481894289879,0.9737695211736778
-64.438207,24,119.710595,False,0.985137573166023,0.028980601507100603,0.9573917834049908
141.79093,24,119.751857,True,0.9903408500006461,0.025792899625329626,0.9654393692551076
143.526186,24,119.812127,True,0.9975021210910344,0.021661888021617358,0.9763524829360455
142.677185,24,119.871937,True,0.9988612605484335,0.024284344822513147,0.9751796613874006
142.910474,24,119.919715,True,0.9883231807836687,0.031087154488842132,0.9585253549915734
141.404596,24,119.979302,True,0.9920922150077471,0.026263997242126795,0.9667027369894986
146.036402,24,120.047975,True,0.9999741612840958,0.020004219176824784,0.9803627695688419
142.381683,24,120.096265,True,0.9894580824003353,0.024190401503390274,0.966088025183528
140.679872,24,120.142897,True,0.9934424948509096,0.025257106440685278,0.9689691381899079
143.53314,24,120.186894,True,0.9941166848556642,0.02949985571780407,0.9656307179980427
139.927267,24,120.241911,True,0.995436074824148,0.028993024816249557,0.9673885544577974
146.623115,24,120.310269,True,0.9999765209426136,0.027300159541240522,0.9734024779954975
145.181605,24,120.357178,True,0.9961807679096384,0.022819810571375554,0.9739552926269041
145.191176,24,120.849267,True,0.9957450212561247,0.029859019942793944,0.9668750789903608
142.878634,24,120.904259,True,0.9997085949360761,0.021245457479158725,0.9789111791045374
136.963187,24,120.951941,True,0.9782974624017499,0.020647554346026935,0.9585066443710701
141.654362,24,121.012085,True,0.9948571392606896,0.03326016074094957,0.9628331537986317
143.594137,24,121.093363,True,0.9924197354534995,0.020853531853963322,0.9721470362659903
142.992661,24,121.164458,True,0.9964832918998426,0.0265806601909927,0.9706819254849878
141.398989,24,121.249806,True,0.9912558161816459,0.023659417066871254,0.9683453301508499
141.050061,24,121.313928,True,0.9988655537243256,0.021437378907421718,0.9779019001563859
144.401515,24,121.385604,True,0.9963388640100538,0.022561392838740656,0.9743560347453657
144.333869,24,121.466946,True,0.9999805596202918,0.022707851186045756,0.9777773373506452
-61.04373,24,121.534775,False,0.9884932745055646,0.013656089403574425,0.9751761813882897
143.382709,24,121.603314,True,0.9999786854498754,0.018557356306166395,0.9817598186874157
142.564872,24,121.72279,True,0.9963457793245809,0.024797547437136566,0.9722366937901938
141.946693,24,121.804807,True,0.9965501652620337,0.026061439592901477,0.9712382970530726
141.737607,24,121.859619,True,0.9908558850906477,0.032394956159522675,0.9597643607022268
144.213693,24,121.9108,True,0.9959120504354638,0.027711847834652484,0.9690576716944639
145.584689,24,121.968691,True,0.9965390247601841,0.022491601918388976,0.9746182979796482
141.50108,24,122.0404,True,0.9934818650789982,0.02105376690565797,0.9729966210200494
141.80319,24,122.085608,True,0.9956768136708853,0.02355450907459556,0.9727638389977735
139.247846,24,122.122858,True,0.9969222601892651,0.02378632261150316,0.973760088576186
146.48653,24,122.188405,True,0.9959607416658504,0.021669304815215996,0.9748367078973604
-63.444174,24,122.243665,False,0.988983015719739,0.028475405003628468,0.9616010367464743
142.3772,24,122.304686,True,0.9899961122499696,0.022163563413476514,0.9685300353926873
145.499909,24,122.369266,True,0.9999724546530239,0.019284945567515692,0.9810529028232247
142.440055,24,122.439939,True,0.9999882958152867,0.027052448087578278,0.9736487145104552
143.061636,24,122.508085,True,0.9978933645233656,0.019868783550110253,0.9784526996205832
142.405909,24,122.562261,True,0.995972406453519,0.02131163982589864,0.97518951866964
140.147739,24,122.607067,True,0.9949484129485587,0.024764527482884643,0.9709044236654417
141.241834,24,122.654936,True,0.9980386426777327,0.024723323855860544,0.9739591355472247
144.12549,24,122.692709,True,0.9965398059301035,0.0200005870455771,0.9769992474382517
138.426293,24,122.754067,True,0.9859741353522761,0.016306568394995013,0.9701542487414783
142.393561,24,122.795716,True,0.9963491418753232,0.027903377048753883,0.9693023333924371
146.449037,24,122.826965,True,0.9999742794700384,0.023272718552507322,0.9772314470423621
143.603464,24,122.865649,True,0.9999824612458672,0.024544021083164128,0.9760268379573089
142.488685,24,122.918071,True,0.9939629512206158,0.022050133143161784,0.9725187825804904
142.857453,24,122.966131,True,0.9933079650579352,0.021745527913795266,0.9721676659413192
143.296765,24,123.017357,True,0.9881016483048608,0.023243772441188644,0.9656561563502236
141.263063,24,123.073935,True,0.9939194998023119,0.016532625833032537,0.9777546480495994
143.26195,24,123.130608,True,0.9999815013350523,0.0229487546585446,0.9775479922929681
132.19701,24,123.198918,True,0.9884901326165414,0.026975800466417142,0.9625252436986372
146.185431,24,123.279262,True,0.9999777767435568,0.026964670837216462,0.973721691836138
-61.82199,24,123.353058,False,0.9872837474262115,0.023037693847310352,0.9650511934837512
141.746325,24,123.844126,True,0.9974059973804303,0.024723305846143826,0.9733417710811635
144.851567,24,123.866831,True,0.9960481256511539,0.012398660359502543,0.9838497072857222
146.361778,24,123.893732,True,0.9999754823330418,0.02475878793417109,0.9758154739506162
145.137708,24,123.918283,True,0.9998386586401212,0.021878319399995072,0.9784322063190314
144.287761,24,123.941848,True,0.9980341594123302,0.028963194645035863,0.9699415534067036
142.022187,24,123.963873,True,0.9955041303800292,0.026450874460961116,0.9698507304626893
141.918536,24,123.984,True,0.9961242189056511,0.022763989151078454,0.9739531597435896
142.489843,24,124.015753,True,0.9999871686488732,0.024718957671176368,0.9758648077727481
141.817597,24,124.038339,True,0.9946352029538726,0.026597445529163273,0.9688658463797214
145.156818,24,124.07569,True,0.9967874629547769,0.01815766426118238,0.9790109115154455
142.106998,24,124.114863,True,0.9954259926509811,0.022966803683884377,0.9730775124532643
141.573295,24,124.150805,True,0.9936709129352109,0.02070380495565733,0.9735154391614903
144.372959,24,124.189061,True,0.9970988330216088,0.01611409405236143,0.9812862933975084
140.62148,24,124.224854,True,0.9903475786733453,0.02549626317968345,0.965725194943807
144.562871,24,124.258576,True,0.9960547869757871,0.020111250208494184,0.9764178042073449
141.905969,24,124.302271,True,0.9988554614946251,0.013573760418858254,0.9854788082535296
144.228624,24,124.332721,True,0.9971044060515971,0.024435301287574793,0.9733210138291539
143.958302,24,124.367998,True,0.9959694307776762,0.022242949373860715,0.9742981659963738
141.413778,24,124.407515,True,0.992854695774654,0.01886626834955542,0.9744700817144167
135.876275,24,124.445583,True,0.9888155024071832,0.01622875499552065,0.9730245257737677
141.694969,24,124.479046,True,0.9980351585331592,0.02092355406300074,0.9775806959896735
145.396828,24,124.509945,True,0.9974946155322834,0.020275514526178685,0.9776718164166913
140.944196,24,124.558195,True,0.9933372218190001,0.023908826719515455,0.9701422586633389
140.129124,24,124.59779,True,0.9875881899655158,0.01740529127341034,0.9706929956393539
141.593416,24,124.642902,True,0.9873589183520043,0.01343995787997867,0.9742648399392765
139.756523,24,124.688122,True,0.9927042017245018,0.02167737526465378,0.9716415629418763
140.868726,24,124.750417,True,0.9935890068342722,0.02384399610431414,0.9704496101113441
-70.313882,24,124.784017,False,0.9825468676137186,0.017332644378601967,0.9658068804170433
141.472109,24,124.858958,True,0.9922521820539136,0.02680282900815839,0.9663512351367214
143.06004,24,124.928611,True,0.9942292275876047,0.01709276325307035,0.9775206977263914
144.613394,24,124.99555,True,0.9959641560491352,0.020470111202128813,0.9759856218384236
143.627003,24,125.073349,True,0.9935768518308498,0.018668446987085245,0.975368241521126
141.905059,24,125.124919,True,0.9856385825276194,0.022826858884752336,0.9636416701085838
138.025462,24,125.165902,True,0.989423104217578,0.024900455768506392,0.9653845879848633
144.28164,24,125.210722,True,0.9999814558694847,0.024955722710198962,0.9756338090637935
145.887806,24,125.261509,True,0.9961743699822782,0.01861747743836771,0.9779670897533296
139.982706,24,125.316134,True,0.9924185537554989,0.028275635896361766,0.9651289198254653
141.798298,24,125.358188,True,0.9919957228624234,0.025687914517736058,0.9671516148543546
146.124236,24,125.404736,True,0.9999721827786769,0.01838002987878912,0.9819243832753646
144.286518,24,125.440768,True,0.9999817979935435,0.025196467315069953,0.9754050368632639
140.180132,24,125.480152,True,0.9937046031800625,0.030083067436049493,0.964683950832688
139.347634,24,125.514439,True,0.9864266899269991,0.02510361765909423,0.9622702260865913
144.08393,24,125.556123,True,0.9998444593893091,0.024297516246771792,0.9761269978013192
139.508807,24,125.949756,True,0.9963949520732253,0.027684426523623268,0.9695534216118837
142.331104,24,125.981575,True,0.9988642389871629,0.02516541048912655,0.9743444606764341
142.415187,24,126.044283,True,0.9933930301482428,0.022655137236251534,0.9713861437521453
143.140374,24,126.098407,True,0.9940158515753796,0.0170622242767646,0.9773402529842528
137.976702,24,126.170077,True,0.9901483551850723,0.022545904439268207,0.9683167776492522
141.224623,24,126.244088,True,0.9931625946635694,0.023145278762929912,0.9706955749865628
139.55761,24,126.310191,True,0.9956839140718299,0.022571024644249853,0.9737063637396004
140.495895,24,126.376209,True,0.9908959747802066,0.018991133840532373,0.9724284558252865
139.66723,24,126.439755,True,0.9810694100979359,0.03192398064366556,0.9507186851942244
145.514905,24,126.487689,True,0.9958764796495877,0.021713134540684215,0.9747124177837733
144.876814,24,126.554603,True,0.9980275240166848,0.021052215192959283,0.9774500355283756
144.844468,24,126.624203,True,0.9999776259595656,0.020990963179871244,0.9794186844172845
138.150706,24,126.687009,True,0.9839159764898212,0.02143819225772972,0.9632653095876793
140.851842,24,126.731328,True,0.9964275194703064,0.02913786607949293,0.9682157778006978
142.230002,24,126.758182,True,0.9878255897682807,0.020799548458347358,0.9676979101921964
142.87137,24,126.794413,True,0.9963454686608203,0.02468213286710907,0.9723458980132682
139.331097,24,126.839068,True,0.9906592116448749,0.025156931721751253,0.9663488398610958
140.007679,24,126.874964,True,0.9885670132828428,0.02612999403313899,0.9633935456825918
144.270101,24,126.903199,True,0.9959105291143455,0.025406371329803678,0.9712349727482124
141.335987,24,126.926893,True,0.9988656313000377,0.024516080391827982,0.974963351398076
140.836546,24,126.964433,True,0.9922725655882185,0.02805481466406893,0.965194220614061
144.30615,24,127.003983,True,0.9989587173706338,0.02578150072774313,0.9738513676274337
138.580187,24,127.041008,True,0.9932816495073066,0.020116865357581563,0.9736939788355833
143.652217,24,127.07163,True,0.9954506426373563,0.02438709080293152,0.9717524279392332
144.278691,24,127.11036,True,0.9999817091764858,0.025025300718028942,0.975567830838907
142.866114,24,127.146786,True,0.9940645654381141,0.01931443517111952,0.9752285763236871
142.592532,24,127.186233,True,0.9911523232034539,0.03330085119858197,0.9592098197284582
136.58918,24,127.231085,True,0.9847025901611351,0.024967467504450076,0.9607159459984126
142.700852,24,127.263674,True,0.9923874150405633,0.023852401255439606,0.9692680447139702
136.918881,24,127.303094,True,0.9887032912586702,0.02278737441115213,0.966675299279965
143.585502,24,127.340213,True,0.9960624459414469,0.023295939270560014,0.9733864933065932
142.038766,24,127.387335,True,0.9946328692769401,0.025535581435778117,0.9698667577037423
139.746603,24,127.426338,True,0.9947716908993989,0.02383666050072452,0.9716117123730352
142.698077,24,127.467682,True,0.9926711725936737,0.012459674047705012,0.9804550225937206
138.966698,24,127.524875,True,0.9925948508277376,0.02353123304309868,0.9697748527679192
142.010687,24,127.57973,True,0.9967988144185699,0.024281928055859815,0.9731684091220334
138.428143,24,127.634212,True,0.99025011957201,0.017797318889765774,0.972934494121281
141.330077,24,127.692202,True,0.9980367389313316,0.02321608960370489,0.9753919519755353
143.695649,24,127.751529,True,0.995775775357476,0.026863833279119786,0.9697252382310816
143.589742,24,127.813113,True,0.9959733634815475,0.02625257322889905,0.9704953628987414
142.501534,24,127.868766,True,0.9960663391503473,0.02787306299900312,0.969055786172804
137.521026,24,127.933596,True,0.977535702087174,0.019712757968635367,0.9586382973520091
140.59337,24,127.997275,True,0.9951595683936879,0.016700220376082833,0.9788131727025429
139.738929,24,128.298073,True,0.9912868714170568,0.019910128432635815,0.9719355105733033
138.494799,24,128.320781,True,0.991076716953194,0.014373654144892544,0.9770331799366991
146.422442,24,128.342219,True,0.9999716847602638,0.018110516907963427,0.9821838279376702
143.119601,24,128.364341,True,0.9924462069332587,0.024936156680480593,0.9683005136120393
141.469874,24,128.398061,True,0.9935109931998242,0.017933519770344533,0.9760077391144067
143.778991,24,128.426394,True,0.998025802033417,0.018216473544717695,0.980170551119635
135.936345,24,128.446149,True,0.9787205851753167,0.022811418664251272,0.9568925095238814
140.563277,24,128.465927,True,0.9812369206202686,0.016068084181094053,0.9657196558940264
142.20583,24,128.488786,True,0.9943184833058807,0.020486589824755957,0.9743572264645155
143.586803,24,128.521734,True,0.9927468393353897,0.025880946662085985,0.9677018006480137
141.371533,24,128.553853,True,0.9907196362248741,0.017901829889361134,0.97329585931932
146.616994,24,128.587209,True,0.9999724572036208,0.02088426443735983,0.9795159863245967
142.170436,24,128.618098,True,0.9999939978450406,0.031542052218467585,0.9694166085565018
131.612194,24,128.658449,True,0.9771972427607475,0.024151172416785757,0.954153321383955
144.08338,24,128.717654,True,0.9965403376734159,0.01894345922648962,0.9780133810662269
141.046392,24,128.790161,True,0.9900770970535497,0.026964103700095502,0.964081503419989
139.678118,24,128.86557,True,0.9894448319470333,0.027185710399496778,0.963257979476968
142.300415,24,129.039774,True,0.9997126499431431,0.024899912752533067,0.9754246609878761
143.722282,24,129.164263,True,0.9943929103647898,0.02216579991185217,0.9728293692183233
141.394551,24,129.231797,True,0.9923491517725654,0.022832580396931975,0.9701970496358879
145.010192,24,129.274526,True,0.9999766215316549,0.022217994900556082,0.9782420447694575
140.025488,24,129.320699,True,0.9921017165343856,0.02373106692015242,0.9691038482587793
145.050181,24,129.387758,True,0.9999733764884612,0.018622651781679923,0.9816916742813455
141.206334,24,129.454855,True,0.9896259547303692,0.024713233142642153,0.9657589291545837
144.613015,24,129.474955,True,0.993700165789929,0.021214350490965005,0.9730573853688914
139.063129,24,129.492828,True,0.9791909776068559,0.018732714801110127,0.9611853662695282
-69.069601,24,129.512541,False,0.988206754711121,0.019577010290748112,0.9692320881473373
144.752967,24,129.532776,True,0.999977717797995,0.021628862666855382,0.9788072306293868
143.609781,24,129.571074,True,0.9951626502905769,0.02524864053511968,0.9706549328084556
134.344017,24,129.59011,True,0.9846054881957329,0.022919694641863154,0.9625442675052368
137.504945,24,129.607233,True,0.9878522792413389,0.023506113736068143,0.9651650009548225
140.955545,24,129.623789,True,0.9912500665104793,0.016980689897496626,0.9746990049637905
144.574235,24,129.64102,True,0.989378397873271,0.017772281027423387,0.972101929200224
141.665107,24,129.662118,True,0.9858046919163939,0.017069699989972677,0.9692597192956518
143.231825,24,129.687376,True,0.9999822354281089,0.022218421292572208,0.9782471285966984
146.040393,24,129.74057,True,0.9999742381317586,0.020022340982056883,0.9803454276981854
144.094278,24,129.772198,True,0.9959054726474512,0.01684438676138956,0.9794079464010931
144.636689,24,129.799672,True,0.9958736412152831,0.01577169727157298,0.9804108973406751
144.13869,24,129.825709,True,0.9999846662725261,0.028864625633693363,0.9719302630864782
141.344596,24,129.846321,True,0.9869519365084547,0.017173534303964996,0.9702886510744794
143.84645,24,129.862903,True,0.9965422492717854,0.021684365348233755,0.9753915035512178
145.16614,24,129.883702,True,0.9999791766248279,0.025750334883090847,0.9748757983479478
142.430524,24,130.307441,True,0.9936066302811156,0.025813194786881495,0.9686038699156557
144.395645,24,130.331515,True,0.9959664986977939,0.021636856682829712,0.974873304719658
138.551181,24,130.357611,True,0.9869585218174578,0.02367949108416297,0.9641284507636129
143.61227,24,130.388231,True,0.9975025897722243,0.024606166984127393,0.9735473218049419
136.702037,24,130.409277,True,0.9821832603513645,0.02405491939083524,0.9591119008886965
145.875128,24,130.431182,True,0.9969550567388077,0.014734827351660026,0.9824784070344216
142.566575,24,130.453622,True,0.9964215420512197,0.026821128241962432,0.9703944675906794
140.673201,24,130.486737,True,0.9902231361709941,0.015036335670359353,0.9755543731515999
142.595178,24,130.513389,True,0.9964201151082273,0.023789536960511937,0.9732665544389716
143.1767,24,130.545525,True,0.9989563682710868,0.019322647854115853,0.9800197909602967
141.054533,24,130.565583,True,0.9911710089522842,0.023897957577983867,0.9680369040845489
143.671791,24,130.594174,True,0.9999811697208283,0.022568106188483684,0.9779115578405375
137.671226,24,130.619035,True,0.9901377493581123,0.026456005885841585,0.9646178147728931
144.14209,24,130.644619,True,0.9960637798613721,0.020279530243817092,0.9762655726547234
144.453882,24,130.664721,True,0.9999840875585828,0.028965981243683138,0.9718339632083167
140.737332,24,130.686336,True,0.9915659348217161,0.019036838254425505,0.9730422862045246
137.062422,24,130.710598,True,0.9911760616790998,0.02139051501160023,0.9704183141624754
140.983508,24,130.733101,True,0.9910381114718617,0.019534198507441827,0.9720498958472439
137.482849,24,130.765624,True,0.9869800795851768,0.021386404755277144,0.9663140952239871
146.706007,24,130.797044,True,0.9999679894317682,0.014822203346755512,0.9853627424922319
144.791133,24,130.816861,True,0.9999768059154556,0.018906907825535776,0.9814211663845926
145.223312,24,130.83338,True,0.9999718875947978,0.0163975961715893,0.9838392882483573
142.731653,24,130.851199,True,0.9899068046894625,0.020781619419696563,0.9697537512991411
143.310163,24,130.868324,True,0.9999775977168393,0.015814407992985988,0.9844097404491076
142.441935,24,130.883963,True,0.9939703913247844,0.02962769259573916,0.9653687429666339
142.342377,24,130.908504,True,0.9933968802198471,0.02906853594303212,0.9653359766844922
142.93487,24,130.929984,True,0.9999859189886006,0.025130264165275865,0.9754720487184629
143.642374,24,130.946225,True,0.9973956086662928,0.015815766745499345,0.98186663499207
143.04319,24,130.962997,True,0.9999839271019794,0.024106437796014294,0.976445308999376
140.406765,24,130.979181,True,0.9956795496453305,0.021561251778804347,0.9746645616321024
142.821146,24,130.997647,True,0.9999911872316506,0.034200943147378336,0.9669215579985672
141.494808,24,131.016323,True,0.9988621862312189,0.0210477650235446,0.9782717522604691
143.485139,24,131.033953,True,0.9929921088179997,0.01748288162822103,0.9759300394606832
141.9034,24,131.052206,True,0.9903539878451645,0.02088786855599239,0.9700908575257959
143.100156,24,131.070053,True,0.9922452719398903,0.019436996910986198,0.973326723423331
146.654103,24,131.08708,True,0.9959547297014236,0.013941988256494842,0.9822600713222255
145.37887,24,131.104053,True,0.9958800339675724,0.025822175194578533,0.9708115675883822
142.335078,24,131.126706,True,0.9999906564060127,0.0282811618124627,0.972487577856056
141.188732,24,131.141535,True,0.9969131137903671,0.020494560690545904,0.9768921385683605
140.190278,24,131.158753,True,0.9988733545020775,0.028445970966072175,0.971245337821475
142.756033,24,131.181808,True,0.9916455971176557,0.01963316000925175,0.9725513410221558
144.344553,24,131.201872,True,0.9959178697675697,0.01891597189477044,0.9774288530540614
143.989965,24,131.225679,True,0.9999852779561558,0.028021859289979207,0.9727276408760539
141.747906,24,131.460258,True,0.9952261003373777,0.022439048827805414,0.9733842828854921
138.223368,24,131.481079,True,0.9825353088780598,0.02036899919798066,0.9629215603868225
141.603201,24,131.502145,True,0.9975069074400368,0.022875057712985997,0.9751991701413963
142.814168,24,131.518841,True,0.997369700240486,0.02698262260614209,0.971165118363436
139.85741,24,131.536167,True,0.9908945763565923,0.023035525104625677,0.9685827637855039
143.258671,24,131.569843,True,0.9934596419959165,0.01193815328165773,0.9817394855349448
140.349864,24,131.593821,True,0.9969227581459112,0.028751227356045496,0.9690610631960699
138.621187,24,131.619026,True,0.9887838633820697,0.023359071968794633,0.9662140009955574
144.960496,24,131.641099,True,0.9999779137387209,0.024711963118602572,0.9758624371822436
142.142458,24,131.659123,True,0.9889644613897789,0.016207823288857996,0.973191151185091
142.665628,24,131.679042,True,0.9967903458248601,0.014336836305742952,0.9827015150659538
144.192376,24,131.705718,True,0.9999810651968931,0.02203565621783437,0.9784209182069471
141.624339,24,131.728314,True,0.9948542089784399,0.024232447967777675,0.9713168245668959
143.921252,24,131.747901,True,0.9965157282619754,0.020250901134167373,0.976735945201512
141.979202,24,131.772904,True,0.9926266796494466,0.0305693246506376,0.963182830990964
142.737607,24,131.791609,True,0.9917815043922584,0.020602193093594172,0.9717610946788423
142.252371,24,131.813681,True,0.9910434100770793,0.0179292321136512,0.9735877296884916
144.293303,24,131.837474,True,0.9980320176595655,0.024616231645343243,0.9740544672583525
140.484083,24,131.859568,True,0.9917448731222698,0.01962056789757105,0.9726607174737755
146.156829,24,131.877654,True,0.999978019632768,0.026286063768377485,0.9743657786416685
144.676503,24,131.895717,True,0.9959629929747106,0.018362896214468256,0.9780040068986956
141.313508,24,131.912798,True,0.9988596439446633,0.01680647999902898,0.9823498016511629
142.601549,24,131.932481,True,0.9961860211152072,0.024046051570986462,0.9727941625154071
145.425917,24,131.950519,True,0.9922488346019005,0.013575848954781708,0.9789586399726535
143.197571,24,131.96891,True,0.9988584303913697,0.022880257269174822,0.9765155044228372
142.1599,24,131.989735,True,0.9987311280978365,0.030464449795873618,0.9692048360287218
143.454072,24,132.009462,True,0.9897260108640407,0.020828524748956502,0.9695320877788322
134.540134,24,132.029626,True,0.9915418181871797,0.020046617176110188,0.9720553957937308
143.024029,24,132.04801,True,0.9999867242924705,0.028139445219725716,0.9726177990172928
142.834031,24,132.066066,True,0.9961814177279905,0.018762804339717158,0.9778345003218272
141.679241,24,132.083722,True,0.9915648757352246,0.021663330659549934,0.9705397521658187
141.417776,24,132.104781,True,0.9875430130411726,0.030202910431232355,0.9585907815265223
141.691705,24,132.123447,True,0.9806868211715358,0.019477141683013986,0.9619507697372789
146.534436,24,132.141188,True,0.9999698695835079,0.017146725758086158,0.9831127056307675
144.950287,24,132.164196,True,0.9999757144150038,0.020004188355992495,0.980364321862962
143.894802,24,132.184227,True,0.9885508533761244,0.01755460983751515,0.971496609438955
136.899564,24,132.202588,True,0.987247899049205,0.017987199046170122,0.9698038442666398
142.262195,24,132.222888,True,0.9999921217005158,0.030161933690510817,0.9707135247349775
138.566168,24,132.240158,True,0.9832629324767833,0.022280068347069967,0.961833222540107
139.196268,24,132.258391,True,0.9921926270046487,0.01805012191294605,0.9746009608449238
141.579913,24,132.277975,True,0.9885638646257946,0.027556884187332795,0.9620526900635998
143.543768,24,132.297271,True,0.9914518695136019,0.027371760594423734,0.9650371049131827
143.465419,24,132.312832,True,0.9999795488036055,0.02147079928300451,0.9789604847299753
