robot_id,time_s,x_mm,y_mm,z_mm,mode
1,0.0,-1000.0,-600.0,1000.0,T
1,10.380342549941789,18.8646,24.7559,2.0,D
1,10.40222536997258,18.9099,24.925,2.0,D
1,10.56333386214478,19.2433,26.17,2.0,D
1,10.700558168141386,19.8904,27.0568,2.0,D
1,10.803832057629485,20.3774,27.7242,2.0,D
1,10.831178841032656,20.5397,27.8709,2.0,D
1,10.854163377274443,20.6762,27.9941,2.0,D
1,10.962564876341569,21.427,28.4281,2.0,D
1,11.081504672693546,22.2509,28.9041,2.0,D
1,11.082214095874729,22.2564,28.9055,2.0,D
1,11.189539280768583,23.0897,29.1124,2.0,D
1,11.257847887702482,23.6272,29.211,2.0,D
1,11.438897146365699,25.0729,29.1227,2.0,D
1,11.633676715687022,26.5129,28.5273,2.0,D
1,11.825422215145288,27.7452,27.6138,2.0,D
1,11.866248411162674,27.9622,27.3697,2.0,D
1,12.034516402864156,28.6712,26.2254,2.0,D
1,12.167616901196244,28.9844,25.2077,2.0,D
1,12.230642255717262,29.1327,24.7258,2.0,D
1,12.412092255717262,29.1327,23.2742,2.0,D
1,12.526581714839052,28.8633,22.3988,2.0,D
1,12.608218108569115,28.6712,21.7746,2.0,D
1,12.661797467059582,28.4455,21.4102,2.0,D
1,12.776496726674672,27.9622,20.6302,2.0,D
1,12.801757086554334,27.8279,20.4792,2.0,D
1,12.817295934042162,27.7453,20.3863,2.0,D
1,12.932147703320002,27.0072,19.8391,2.0,D
1,13.009058919382746,26.5129,19.4727,2.0,D
1,13.057398546307764,26.1555,19.325,2.0,D
1,13.203861592521648,25.0727,18.8773,2.0,D
1,13.38481103729145,23.6278,18.789,2.0,D
1,13.45319341463569,23.0897,18.8876,2.0,D
1,13.561255286380538,22.2507,19.096,2.0,D
1,13.633152874135622,21.7527,19.3838,2.0,D
1,13.788562426307456,20.6762,20.0058,2.0,D
1,13.838910503790613,20.3774,20.2759,2.0,D
1,14.079398601858896,19.2433,21.83,2.0,D
1,14.262389913981904,18.8646,23.2441,2.0,D
1,14.451364913981905,18.8646,24.7559,2.0,T
1,14.474250253500664,19.5611,21.3945,2.0,D
1,15.583587753500664,28.4358,21.3945,2.0,T
1,15.649717760033251,18.8646,24.0,2.0,D
1,16.933230260033252,29.1327,24.0,2.0,T
1,16.99936283960221,19.5611,26.6055,2.0,D
1,18.10868783960221,28.4357,26.6055,2.0,T
1,28.535828582585804,-1000.0,-600.0,1000.0,W
1,70.35478931792362,-1000.0,-600.0,1000.0,W
1,124.32980208845171,-1000.0,-600.0,1000.0,T
1,134.6406026479914,8.7117,24.8763,8.0,D
1,134.7048090351834,8.7694,25.3867,8.0,D
1,134.86057984689486,8.9092,26.625,8.0,D
1,134.90375496270246,8.9858,26.9618,8.0,D
1,135.08314228675644,9.3039,28.3612,8.0,D
1,135.09128961185428,9.3252,28.4228,8.0,D
1,135.16419172516385,9.5152,28.9742,8.0,D
1,135.28362642554967,9.8516,29.8685,8.0,D
1,135.30526002571816,9.9125,30.0305,8.0,D
1,135.45098302117958,10.4416,31.0693,8.0,D
1,135.5407468449757,10.7675,31.7092,8.0,D
1,135.61266853850415,11.0811,32.1916,8.0,D
1,135.7692395013493,11.7639,33.2417,8.0,D
1,135.77627104856523,11.7967,33.2874,8.0,D
1,135.9294204782491,12.6098,34.2039,8.0,D
1,136.04280355748165,13.2118,34.8824,8.0,D
1,136.07515399217735,13.4008,35.0592,8.0,D
1,136.11541079284507,13.636,35.2792,8.0,D
1,136.22428579140993,14.3067,35.8349,8.0,D
1,136.32699264442496,14.9395,36.359,8.0,D
1,136.3631669209381,15.1769,36.5245,8.0,D
1,136.39135163809564,15.3619,36.6534,8.0,D
1,136.50449153835746,16.1373,37.1203,8.0,D
1,136.6318530029229,17.0101,37.646,8.0,D
1,136.6375773615114,17.051,37.6666,8.0,D
1,136.65435912709938,17.1709,37.727,8.0,D
1,136.7761656591492,18.0671,38.1096,8.0,D
1,136.82533010577987,18.4288,38.2641,8.0,D
1,136.91012425817996,19.071,38.4826,8.0,D
1,137.01117686978648,19.8363,38.7431,8.0,D
1,137.0410512107834,20.0681,38.8013,8.0,D
1,137.1755373462212,21.1115,39.0637,8.0,D
1,137.32494564847127,22.2956,39.2267,8.0,D
1,137.34006031436238,22.4154,39.2431,8.0,D
1,137.4731398306534,23.4782,39.3056,8.0,D
1,137.49897164848528,23.6845,39.3177,8.0,D
1,137.6318095954592,24.747,39.2969,8.0,D
1,137.6569270725668,24.9479,39.2929,8.0,D
1,137.80774395708656,26.1487,39.1754,8.0,D
1,137.8176284303907,26.2274,39.1677,8.0,D
1,137.90016998905207,26.8778,39.0536,8.0,D
1,137.97842177217873,27.4909,38.9271,8.0,D
1,137.99973239892927,27.6544,38.8788,8.0,D
1,138.15638225579562,28.856,38.5229,8.0,D
1,138.2976172129592,29.9108,38.1179,8.0,D
1,138.35144613176686,30.3128,37.9635,8.0,D
1,138.4134156050985,30.7616,37.7529,8.0,D
1,138.56088374254688,31.7939,37.1818,8.0,D
1,138.7567509847353,33.1076,36.3277,8.0,D
1,138.80640366907866,33.4219,36.0848,8.0,D
1,139.0397057968283,34.8212,34.8497,8.0,D
1,139.12005357409996,35.2615,34.3814,8.0,D
1,139.29340613122704,36.1542,33.3201,8.0,D
1,139.53184131142547,37.2298,31.7448,8.0,D
1,139.5417189534771,37.2743,31.6795,8.0,D
1,139.54997338410556,37.3055,31.6213,8.0,D
1,139.76778423166027,38.0682,30.0546,8.0,D
1,139.86598372408514,38.3339,29.3153,8.0,D
1,139.99499257068103,38.6831,28.3441,8.0,D
1,140.15603031664452,38.9801,27.0905,8.0,D
1,140.21725691421452,39.0931,26.6139,8.0,D
1,140.40512157627208,39.2689,25.1213,8.0,D
1,140.43641020240042,39.2981,24.8727,8.0,D
1,140.65456020240043,39.2981,23.1275,8.0,D
1,140.83078090253593,39.1333,21.7274,8.0,D
1,140.87375073206783,39.0931,21.386,8.0,D
1,141.021341726246,38.8208,20.2371,8.0,D
1,141.09599074876135,38.6831,19.656,8.0,D
1,141.20213791223028,38.3958,18.8569,8.0,D
1,141.3232108506032,38.0682,17.9454,8.0,D
1,141.37504021155092,37.8867,17.5726,8.0,D
1,141.54101045926117,37.3055,16.3788,8.0,D
1,141.54925899132755,37.2744,16.3206,8.0,D
1,141.71133854741035,36.5432,15.2498,8.0,D
1,141.79758918237178,36.1542,14.6799,8.0,D
1,141.8643755044183,35.8103,14.271,8.0,D
1,141.97094173969006,35.2615,13.6186,8.0,D
1,142.02028586294705,34.9911,13.331,8.0,D
1,142.05128951696557,34.8212,13.1503,8.0,D
1,142.16527424798798,34.1376,12.5468,8.0,D
1,142.28458227370294,33.422,11.9152,8.0,D
1,142.3092047259823,33.2661,11.7948,8.0,D
1,142.3342448500335,33.1076,11.6723,8.0,D
1,142.44921066696403,32.3365,11.171,8.0,D
1,142.53012257218353,31.7938,10.8182,8.0,D
1,142.58629696581622,31.4006,10.6006,8.0,D
1,142.677568834771,30.7617,10.2471,8.0,D
1,142.72166680808044,30.4423,10.0973,8.0,D
1,142.73956625377716,30.3127,10.0364,8.0,D
1,142.85787949334167,29.4291,9.6971,8.0,D
1,142.9346139797624,28.856,9.4771,8.0,D
1,142.9900724608541,28.4306,9.3511,8.0,D
1,143.11261396466506,27.4906,9.0728,8.0,D
1,143.12043665801517,27.4293,9.0602,8.0,D
1,143.1908264977028,26.8778,8.9464,8.0,D
1,143.26722762764373,26.2758,8.8407,8.0,D
1,143.27325509083317,26.2283,8.8324,8.0,D
1,143.4122533923066,25.1216,8.7241,8.0,D
1,143.43408207183606,24.9478,8.7071,8.0,D
1,143.56496990370462,23.9009,8.6865,8.0,D
1,143.59200000266856,23.6847,8.6823,8.0,D
1,143.73127689526922,22.5724,8.7476,8.0,D
1,143.75087390556416,22.4159,8.7569,8.0,D
1,143.91435639124688,21.1201,8.9341,8.0,D
1,144.07980222830543,19.8365,9.2569,8.0,D
1,144.15036591518648,19.3021,9.4388,8.0,D
1,144.2656726596228,18.4288,9.7359,8.0,D
1,144.43663214175598,17.171,10.273,8.0,D
1,144.45916621664824,17.01,10.3541,8.0,D
1,144.52213627401682,16.5784,10.6139,8.0,D
1,144.69963326870968,15.362,11.3465,8.0,D
1,144.76401991935444,14.9394,11.641,8.0,D
1,144.97559214402014,13.636,12.7208,8.0,D
1,145.04819937936898,13.2118,13.1176,8.0,D
1,145.27938460712207,11.9844,14.5011,8.0,D
1,145.31467894979906,11.797,14.7123,8.0,D
1,145.32180787415692,11.7637,14.7586,8.0,D
1,145.55026594368226,10.7675,16.2909,8.0,D
1,145.72571834552534,10.1304,17.5416,8.0,D
1,145.78574162486345,9.9125,17.9695,8.0,D
1,145.9268099250322,9.5152,19.0258,8.0,D
1,146.00787117695012,9.3039,19.6389,8.0,D
1,146.02406115262954,9.2752,19.7652,8.0,D
1,146.2304336166509,8.9092,21.3751,8.0,D
1,146.28619887521305,8.8591,21.8184,8.0,D
1,146.45038597313794,8.7117,23.1236,8.0,D
1,146.66947347313794,8.7117,24.8763,8.0,T
1,146.76874896292045,15.1886,11.4673,8.0,D
1,148.96921146292044,32.7923,11.4673,8.0,T
1,149.1077096916857,12.2051,14.2524,8.0,D
1,152.0563971916857,35.7946,14.2524,8.0,T
1,152.22679440081257,10.3872,17.0374,8.0,D
1,155.63165690081257,37.6261,17.0374,8.0,T
1,155.8216588947448,9.2622,19.8224,8.0,D
1,159.50419639474478,38.7225,19.8224,8.0,T
1,159.70474110167623,8.77,22.6075,8.0,D
1,163.51310360167622,39.2369,22.6075,8.0,T
1,163.71706243491252,8.7701,25.3925,8.0,D
1,167.5254249349125,39.237,25.3925,8.0,T
1,167.72611767043404,9.2622,28.1776,8.0,D
1,171.40866767043403,38.7226,28.1776,8.0,T
1,171.598480574592,10.3872,30.9626,8.0,D
1,175.003355574592,37.6262,30.9626,8.0,T
1,175.17384423624694,12.205,33.7476,8.0,D
1,178.12254423624694,35.7946,33.7476,8.0,T
1,178.2611666679751,15.1886,36.5327,8.0,D
1,180.46162916797508,32.7923,36.5327,8.0,T
1,190.90916542854563,-1000.0,-600.0,1000.0,W
1,266.095212620759,-1000.0,-600.0,1000.0,W
1,349.7823390589634,-1000.0,-600.0,1000.0,T
1,360.0483876933799,4.3031,24.895,14.0,D
1,360.0762104948429,4.3229,25.1167,14.0,D
1,360.2723427780091,4.4629,26.6795,14.0,D
1,360.28983220785256,4.4877,26.8172,14.0,D
1,360.4968263872695,4.7814,28.4469,14.0,D
1,360.55219835812346,4.8982,28.8742,14.0,D
1,360.7087619334691,5.242,30.0786,14.0,D
1,360.7203860732222,5.2676,30.168,14.0,D
1,360.8994918031696,5.7844,31.5044,14.0,D
1,360.9480357346261,5.9245,31.8666,14.0,D
1,361.0840799921308,6.4061,32.8426,14.0,D
1,361.17815821922136,6.7392,33.5175,14.0,D
1,361.26224108385503,7.0886,34.0923,14.0,D
1,361.411134411862,7.7074,35.1101,14.0,D
1,361.4333159357051,7.8122,35.2533,14.0,D
1,361.5074030571399,8.1625,35.7314,14.0,D
1,361.61078041352175,8.6678,36.3861,14.0,D
1,361.64488615213344,8.8345,36.6021,14.0,D
1,361.77066462120206,9.5147,37.3436,14.0,D
1,361.8902586767609,10.1615,38.0486,14.0,D
1,361.9222622019573,10.3495,38.2224,14.0,D
1,361.9788647099075,10.6819,38.5299,14.0,D
1,362.07906157862107,11.2871,39.0555,14.0,D
1,362.140199394251,11.6563,39.3763,14.0,D
1,362.2196362638394,12.1673,39.7541,14.0,D
1,362.3094684207001,12.7452,40.1813,14.0,D
1,362.3609910082831,13.085,40.4146,14.0,D
1,362.4046118067914,13.3727,40.6121,14.0,D
1,362.4902923772625,13.9647,40.9576,14.0,D
1,362.55827087799986,14.4344,41.2317,14.0,D
1,362.61935036002944,14.8652,41.4623,14.0,D
1,362.6957916048273,15.4044,41.7508,14.0,D
1,362.73613850100594,15.6985,41.8838,14.0,D
1,362.7583256066362,15.8602,41.957,14.0,D
1,362.85628005156474,16.5857,42.2532,14.0,D
1,362.9370782105784,17.1841,42.4976,14.0,D
1,362.9673075552827,17.4115,42.5799,14.0,D
1,363.03551959715395,17.9247,42.7654,14.0,D
1,363.07216493493723,18.2053,42.8503,14.0,D
1,363.08206289084995,18.2811,42.8732,14.0,D
1,363.17956769281506,19.0358,43.0704,14.0,D
1,363.2200977144811,19.3495,43.1524,14.0,D
1,363.28155999966475,19.8299,43.2572,14.0,D
1,363.34588161587965,20.3326,43.3671,14.0,D
1,363.3797198916373,20.5993,43.4135,14.0,D
1,363.4624701833664,21.2515,43.527,14.0,D
1,363.4754876776049,21.3548,43.5402,14.0,D
1,363.5726199271735,22.1255,43.6394,14.0,D
1,363.5970509045639,22.3203,43.6553,14.0,D
1,363.6747534664586,22.9405,43.6973,14.0,D
1,363.67589343630465,22.9496,43.6979,14.0,D
1,363.77681119753254,23.7566,43.7214,14.0,D
1,363.7810130572399,23.7902,43.7224,14.0,D
1,363.8821427573779,24.5992,43.7146,14.0,D
1,363.885642958265,24.6272,43.7143,14.0,D
1,363.9915539247062,25.4735,43.6734,14.0,D
1,364.01354864353254,25.6488,43.6582,14.0,D
1,364.09627972142954,26.307,43.5888,14.0,D
1,364.10434636765024,26.3708,43.5791,14.0,D
1,364.20931649584156,27.2011,43.4534,14.0,D
1,364.24602965765035,27.4893,43.3968,14.0,D
1,364.3301590408943,28.1497,43.267,14.0,D
1,364.4137405916396,28.7999,43.111,14.0,D
1,364.461625318132,29.1724,43.0216,14.0,D
1,364.58410012421473,30.1154,42.7556,14.0,D
1,364.5969350923195,30.2127,42.7228,14.0,D
1,364.6110815638318,30.3183,42.6821,14.0,D
1,364.76353821033337,31.4564,42.2436,14.0,D
1,364.9234303145787,32.6312,41.7376,14.0,D
1,364.94393010878497,32.7773,41.6631,14.0,D
1,365.04545185676295,33.486,41.2664,14.0,D
1,365.17937106048294,34.4208,40.743,14.0,D
1,365.2072913264201,34.6118,40.6272,14.0,D
1,365.46350841607506,36.2803,39.4366,14.0,D
1,365.47267624365304,36.3386,39.3921,14.0,D
1,365.5108806813861,36.5661,39.188,14.0,D
1,365.72724360168723,37.8543,38.0319,14.0,D
1,365.8435384478757,38.4933,37.3557,14.0,D
1,365.96703775202354,39.1513,36.6187,14.0,D
1,366.0650927660782,39.6223,35.9914,14.0,D
1,366.2052928017415,40.2959,35.0946,14.0,D
1,366.4397181183404,41.288,33.5031,14.0,D
1,366.4492159223629,41.3223,33.4353,14.0,D
1,366.66521945242664,42.0731,31.8789,14.0,D
1,366.72029771067116,42.2288,31.4667,14.0,D
1,366.8924731739528,42.7159,30.1783,14.0,D
1,366.99398454415956,42.9342,29.3961,14.0,D
1,367.118047588239,43.2009,28.4401,14.0,D
1,367.2483994587904,43.3896,27.4145,14.0,D
1,367.34240399657983,43.5258,26.6749,14.0,D
1,367.4877681997473,43.6315,25.5168,14.0,D
1,367.5660182556578,43.6885,24.8934,14.0,D
1,367.7893807556578,43.6885,23.1065,14.0,D
1,367.9327384687613,43.5841,21.9644,14.0,D
1,368.0129825670645,43.5258,21.3251,14.0,D
1,368.14185084404727,43.3391,20.3112,14.0,D
1,368.23733897567234,43.2009,19.5599,14.0,D
1,368.34352072801823,42.9726,18.7417,14.0,D
1,368.46291338966984,42.7159,17.8217,14.0,D
1,368.5381754993682,42.503,17.2585,14.0,D
1,368.6901671094368,42.0731,16.1211,14.0,D
1,368.72604283678135,41.9484,15.8626,14.0,D
1,368.90619858753956,41.3222,14.5645,14.0,D
1,368.91558458941734,41.2883,14.4975,14.0,D
1,369.0957763991126,40.5257,13.2742,14.0,D
1,369.15011061082583,40.2958,12.9053,14.0,D
1,369.2646981353704,39.7453,12.1723,14.0,D
1,369.38833816289485,39.1513,11.3814,14.0,D
1,369.42614055203893,38.9499,11.1558,14.0,D
1,369.5118561172824,38.4933,10.6442,14.0,D
1,369.5927191737807,38.0489,10.1741,14.0,D
1,369.62813279448307,37.8543,9.9682,14.0,D
1,369.74335557394204,37.1683,9.3525,14.0,D
1,369.8826908491104,36.3387,8.608,14.0,D
1,369.8841358837121,36.3295,8.601,14.0,D
1,369.89190365567384,36.2801,8.5633,14.0,D
1,370.03288590300485,35.362,7.9082,14.0,D
1,370.1480756988311,34.6119,7.3729,14.0,D
1,370.1617893154675,34.5181,7.316,14.0,D
1,370.17604099300036,34.4206,7.2569,14.0,D
1,370.2971949975256,33.5749,6.7834,14.0,D
1,370.41147103736444,32.7772,6.3368,14.0,D
1,370.4204211508414,32.7134,6.3043,14.0,D
1,370.43193720620985,32.6313,6.2625,14.0,D
1,370.53834484515085,31.8495,5.9257,14.0,D
1,370.59184573591443,31.4564,5.7564,14.0,D
1,370.6537337395985,30.9944,5.5784,14.0,D
1,370.7583258999166,30.2136,5.2776,14.0,D
1,370.76055531968416,30.1967,5.2719,14.0,D
1,370.76083201897944,30.1946,5.2712,14.0,D
1,370.77132298235273,30.1151,5.2443,14.0,D
1,370.8675343260511,29.3743,5.0354,14.0,D
1,370.8937703342269,29.1723,4.9784,14.0,D
1,370.9720460538419,28.5634,4.8322,14.0,D
1,371.0252123025341,28.1498,4.733,14.0,D
1,371.0719519437661,27.7829,4.6609,14.0,D
1,371.1460793783804,27.201,4.5466,14.0,D
1,371.16876066196403,27.0216,4.5194,14.0,D
1,371.25906671536717,26.3073,4.4112,14.0,D
1,371.26382923177135,26.2694,4.4073,14.0,D
1,371.34184753290964,25.6487,4.3418,14.0,D
1,371.3636917326547,25.4746,4.3267,14.0,D
1,371.46654961777415,24.6527,4.2869,14.0,D
1,371.46969070138493,24.6276,4.2857,14.0,D
1,371.5698704460941,23.8262,4.2779,14.0,D
1,371.57420810819485,23.7915,4.2776,14.0,D
1,371.677601640391,22.9647,4.3016,14.0,D
1,371.6791899275974,22.952,4.302,14.0,D
1,371.7583326171682,22.3203,4.3447,14.0,D
1,371.78266392737237,22.1263,4.3606,14.0,D
1,371.89288805415504,21.2517,4.473,14.0,D
1,371.91345488500593,21.0896,4.5012,14.0,D
1,372.00951356661517,20.3325,4.6329,14.0,D
1,372.06684729632553,19.8844,4.7308,14.0,D
1,372.13527304074967,19.3496,4.8476,14.0,D
1,372.2521454417903,18.445,5.084,14.0,D
1,372.2733473063899,18.2809,5.1269,14.0,D
1,372.3198630513721,17.9247,5.2346,14.0,D
1,372.4183044362161,17.1841,5.5024,14.0,D
1,372.5221177015655,16.4152,5.8163,14.0,D
1,372.59705704057546,15.8602,6.043,14.0,D
1,372.6595910413271,15.4044,6.2492,14.0,D
1,372.7971117676059,14.4344,6.7683,14.0,D
1,372.9507879353459,13.3726,7.388,14.0,D
1,373.04590363627113,12.7453,7.8187,14.0,D
1,373.2152001965212,11.6562,8.6238,14.0,D
1,373.37651724556594,10.6819,9.4701,14.0,D
1,373.4651232775629,10.1615,9.9514,14.0,D
1,373.5816827158605,9.5311,10.6385,14.0,D
1,373.7104958023463,8.8345,11.3979,14.0,D
1,373.847961364511,8.1626,12.2685,14.0,D
1,373.94427503257657,7.7073,12.8901,14.0,D
1,373.9927071629241,7.5059,13.2211,14.0,D
1,374.1772233736787,6.7392,14.4825,14.0,D
1,374.3215802756829,6.2281,15.5181,14.0,D
1,374.4073346487492,5.9245,16.1333,14.0,D
1,374.6138206550093,5.3287,17.674,14.0,D
1,374.63501213693604,5.2675,17.8321,14.0,D
1,374.80319641691267,4.8982,19.1259,14.0,D
1,374.85846533477115,4.7816,19.5524,14.0,D
1,374.85850486324193,4.7815,19.5527,14.0,D
1,375.0830913210511,4.4628,21.3209,14.0,D
1,375.1034098240102,4.4483,21.4828,14.0,D
1,375.307007939562,4.3031,23.1051,14.0,D
1,375.53074543956205,4.3031,24.895,14.0,T
1,375.6654794388957,13.8745,7.0951,14.0,D
1,378.1976169388957,34.1316,7.0951,14.0,T
1,378.35823965430325,10.2035,9.9126,14.0,D
1,381.80683965430325,37.7923,9.9126,14.0,T
1,382.00750602673827,7.8245,12.7301,14.0,D
1,386.04996852673827,40.1642,12.7301,14.0,T
1,386.2770838653386,6.2136,15.5475,14.0,D
1,390.72493386533864,41.7964,15.5475,14.0,T
1,390.97019418665275,5.1154,18.365,14.0,D
1,395.68920668665277,42.8675,18.365,14.0,T
1,395.9457605453509,4.4877,21.1825,14.0,D
1,400.82223554535085,43.4995,21.1825,14.0,T
1,401.0842190969304,4.3031,24.0,14.0,D
1,406.0073940969304,43.6885,24.0,14.0,T
1,406.2694062414106,4.4878,26.8175,14.0,D
1,411.1458687414106,43.4995,26.8175,14.0,T
1,411.4024511898499,5.1154,29.635,14.0,D
1,416.1214636898499,42.8675,29.635,14.0,T
1,416.3665438754999,6.2136,32.4525,14.0,D
1,420.8143938754999,41.7964,32.4525,14.0,T
1,421.04165139235494,7.8244,35.2699,14.0,D
1,425.08412639235496,40.1642,35.2699,14.0,T
1,425.2847456393257,10.2035,38.0874,14.0,D
1,428.73335813932573,37.7924,38.0874,14.0,T
1,428.89391398357384,13.8744,40.9049,14.0,D
1,431.42606398357384,34.1316,40.9049,14.0,T
1,441.86612200163864,-1000.0,-600.0,1000.0,W
1,536.9338837522788,-1000.0,-600.0,1000.0,W
1,639.0109284051123,-1000.0,-600.0,1000.0,T
1,649.2421187413544,2.1664,24.9006,20.0,D
1,649.3349698562171,2.2274,25.6409,20.0,D
1,649.4673039280297,2.3143,26.696,20.0,D
1,649.5548834097876,2.4289,27.3872,20.0,D
1,649.6925902048497,2.6092,28.474,20.0,D
1,649.7709565729948,2.7621,29.082,20.0,D
1,649.9180727558232,3.0491,30.2234,20.0,D
1,649.9830826805463,3.2168,30.7157,20.0,D
1,650.1437890923078,3.6313,31.9327,20.0,D
1,650.1910994406736,3.7822,32.2798,20.0,D
1,650.3698329058179,4.3523,33.5911,20.0,D
1,650.3946292544655,4.4459,33.766,20.0,D
1,650.5961560392858,5.2071,35.1872,20.0,D
1,650.6233809732848,5.3252,35.3702,20.0,D
1,650.8026837553498,6.1141,36.5682,20.0,D
1,650.8222962712834,6.2003,36.6993,20.0,D
1,650.9929922601789,7.0419,37.7747,20.0,D
1,651.0512094236705,7.3289,38.1415,20.0,D
1,651.1769463079269,8.011,38.8808,20.0,D
1,651.2810729083047,8.5758,39.4931,20.0,D
1,651.3531861027458,8.9999,39.8842,20.0,D
1,651.5117863692375,9.9325,40.7445,20.0,D
1,651.5195604145969,9.9815,40.7828,20.0,D
1,651.5555464231627,10.208,40.9605,20.0,D
1,651.6960059485829,11.1015,41.6419,20.0,D
1,651.7442825037754,11.4086,41.8761,20.0,D
1,651.8498993244646,12.1187,42.334,20.0,D
1,651.9817947304687,13.0055,42.9058,20.0,D
1,651.9889815782651,13.0561,42.9331,20.0,D
1,652.0068957922446,13.1822,43.0012,20.0,D
1,652.138192801088,14.1139,43.4862,20.0,D
1,652.2241641135272,14.724,43.8037,20.0,D
1,652.2592754542877,14.9822,43.9143,20.0,D
1,652.2936481996683,15.235,44.0225,20.0,D
1,652.3857306635593,15.9167,44.3017,20.0,D
1,652.4765573288345,16.5891,44.5771,20.0,D
1,652.484937457861,16.6528,44.598,20.0,D
1,652.4919222292423,16.7059,44.6154,20.0,D
1,652.5934805414636,17.4818,44.8564,20.0,D
1,652.6511647707858,17.9225,44.9933,20.0,D
1,652.6868052717995,18.1962,45.0732,20.0,D
1,652.7498307738304,18.6802,45.2145,20.0,D
1,652.7612277580806,18.7692,45.2343,20.0,D
1,652.7649033745255,18.7979,45.2407,20.0,D
1,652.843957127006,19.4172,45.3689,20.0,D
1,652.8683643492977,19.6084,45.4085,20.0,D
1,652.9169152761684,19.99,45.4809,20.0,D
1,652.9559883847279,20.2971,45.5392,20.0,D
1,652.9823808848463,20.5052,45.5749,20.0,D
1,653.0318943236786,20.8956,45.6419,20.0,D
1,653.0417163174934,20.9733,45.6536,20.0,D
1,653.0926052068751,21.3758,45.7147,20.0,D
1,653.1485552306128,21.8215,45.7559,20.0,D
1,653.1522456955225,21.8509,45.7586,20.0,D
1,653.2017043919899,22.2454,45.789,20.0,D
1,653.2090893111668,22.3043,45.7936,20.0,D
1,653.2521459381248,22.6481,45.8148,20.0,D
1,653.262039149181,22.7271,45.8196,20.0,D
1,653.3008672418621,23.0374,45.8338,20.0,D
1,653.3126170423923,23.1313,45.8381,20.0,D
1,653.3484570623594,23.4179,45.8464,20.0,D
1,653.3614124907584,23.5215,45.8494,20.0,D
1,653.3957401217574,23.7961,45.8528,20.0,D
1,653.4092912517841,23.9045,45.8542,20.0,D
1,653.4434040815737,24.1774,45.853,20.0,D
1,653.4570541731484,24.2866,45.8526,20.0,D
1,653.4921741572209,24.5675,45.8468,20.0,D
1,653.5052648146719,24.6722,45.8445,20.0,D
1,653.5429908004112,24.9738,45.8333,20.0,D
1,653.5548738568888,25.0688,45.8298,20.0,D
1,653.5966837708596,25.4028,45.8119,20.0,D
1,653.6064978232846,25.4812,45.8077,20.0,D
1,653.6545130877845,25.8644,45.7811,20.0,D
1,653.6611791515593,25.9176,45.7774,20.0,D
1,653.7179833781296,26.3704,45.7389,20.0,D
1,653.7199899688327,26.3864,45.7376,20.0,D
1,653.7499878541748,26.6252,45.7138,20.0,D
1,653.7760960215991,26.832,45.6845,20.0,D
1,653.7820206655757,26.8788,45.677,20.0,D
1,653.8472446666221,27.3939,45.5937,20.0,D
1,653.8776306034392,27.6331,45.5504,20.0,D
1,653.9285928581603,28.0343,45.4779,20.0,D
1,653.9972972998835,28.5734,45.3708,20.0,D
1,654.0234984448966,28.779,45.33,20.0,D
1,654.0940512763866,29.3308,45.2113,20.0,D
1,654.1245849923822,29.5659,45.145,20.0,D
1,654.1632955791932,29.8624,45.0556,20.0,D
1,654.266017753041,30.6492,44.8184,20.0,D
1,654.3670052058507,31.4188,44.5726,20.0,D
1,654.4344288687035,31.9197,44.3725,20.0,D
1,654.6201119673556,33.2897,43.7983,20.0,D
1,654.6698771550499,33.6444,43.6175,20.0,D
1,654.8612335409017,34.9968,42.9002,20.0,D
1,655.0293342608028,36.1325,42.18,20.0,D
1,655.0972459003151,36.5871,41.8825,20.0,D
1,655.1527747920068,36.9384,41.6106,20.0,D
1,655.3309452511182,38.0656,40.7382,20.0,D
1,655.5348416881427,39.2717,39.64,20.0,D
1,655.5634664506963,39.441,39.4858,20.0,D
1,655.6388784700052,39.8529,39.045,20.0,D
1,655.7906236037823,40.6711,38.1482,20.0,D
1,655.8294455873257,40.8612,37.9026,20.0,D
1,656.0186122086546,41.7874,36.7058,20.0,D
1,656.1120845616862,42.1955,36.0792,20.0,D
1,656.245958897002,42.7799,35.1817,20.0,D
1,656.3800294393016,43.29,34.2382,20.0,D
1,656.4727668525311,43.6427,33.5855,20.0,D
1,656.6367648422291,44.1699,32.3841,20.0,D
1,656.699027798963,44.3701,31.928,20.0,D
1,656.8847170572011,44.8531,30.5232,20.0,D
1,656.9248440918068,44.9574,30.2196,20.0,D
1,657.1255921693194,45.3526,28.663,20.0,D
1,657.1503279385868,45.4013,28.4712,20.0,D
1,657.3605223612352,45.6788,26.8127,20.0,D
1,657.3755546026266,45.6987,26.6941,20.0,D
1,657.5903683489861,45.8411,24.9815,20.0,D
1,657.6005528424074,45.8478,24.9003,20.0,D
1,657.8255903424074,45.8478,23.1,20.0,D
1,658.0372172207216,45.7076,21.4128,20.0,D
1,658.050638408495,45.6987,21.3058,20.0,D
1,658.2548261043934,45.4291,19.6947,20.0,D
1,658.2758404149936,45.4013,19.5289,20.0,D
1,658.4687454163058,45.0216,18.0331,20.0,D
1,658.501309070316,44.9575,17.7806,20.0,D
1,658.6789500187555,44.4954,16.4367,20.0,D
1,658.7271530690998,44.3701,16.072,20.0,D
1,658.8852289626604,43.8619,14.914,20.0,D
1,658.9534140153205,43.6427,14.4145,20.0,D
1,659.0872491762929,43.1336,13.4726,20.0,D
1,659.1802160260634,42.78,12.8183,20.0,D
1,659.2844917340747,42.3247,12.1193,20.0,D
1,659.407569535942,41.7874,11.2942,20.0,D
1,659.4760898910381,41.4519,10.8607,20.0,D
1,659.6355581407189,40.6711,9.8518,20.0,D
1,659.6610407082896,40.5337,9.7012,20.0,D
1,659.7873032744959,39.8529,8.955,20.0,D
1,659.8537738812519,39.4898,8.5665,20.0,D
1,659.8627152964782,39.441,8.5142,20.0,D
1,660.0290496745018,38.4571,7.6183,20.0,D
1,660.095236495792,38.0656,7.2618,20.0,D
1,660.1950854520335,37.4339,6.7729,20.0,D
1,660.3289183107137,36.5872,6.1176,20.0,D
1,660.3492176410598,36.4513,6.0287,20.0,D
1,660.3968577141338,36.1324,5.82,20.0,D
1,660.511353252393,35.3589,5.3294,20.0,D
1,660.5649478781147,34.9968,5.0998,20.0,D
1,660.6505525116414,34.3918,4.7789,20.0,D
1,660.756304263991,33.6444,4.3825,20.0,D
1,660.7876324985606,33.4211,4.2687,20.0,D
1,660.8060694519423,33.2897,4.2017,20.0,D
1,660.908872560176,32.5312,3.8838,20.0,D
1,660.9917410223992,31.9198,3.6275,20.0,D
1,661.0254447313939,31.6694,3.5275,20.0,D
1,661.0591762934872,31.4188,3.4274,20.0,D
1,661.1250873900966,30.9165,3.267,20.0,D
1,661.1601637465386,30.6492,3.1816,20.0,D
1,661.2255593945686,30.1483,3.0306,20.0,D
1,661.3016240514813,29.5657,2.8549,20.0,D
1,661.3125460047178,29.4816,2.8312,20.0,D
1,661.3321028609324,29.331,2.7888,20.0,D
1,661.3877101572725,28.8961,2.6952,20.0,D
1,661.4026949829305,28.7789,2.67,20.0,D
1,661.4652168690984,28.2883,2.5726,20.0,D
1,661.4976005696667,28.0342,2.5221,20.0,D
1,661.5342340946984,27.7458,2.47,20.0,D
1,661.5789118611208,27.3941,2.4063,20.0,D
1,661.5963979716803,27.256,2.384,20.0,D
1,661.6502372478293,26.8308,2.3153,20.0,D
1,661.6534316032024,26.8055,2.3117,20.0,D
1,661.67619339273,26.6252,2.2862,20.0,D
1,661.7043703586108,26.4009,2.2638,20.0,D
1,661.7058517536459,26.3891,2.2627,20.0,D
1,661.7592313919104,25.9636,2.2265,20.0,D
1,661.764851500895,25.9188,2.2227,20.0,D
1,661.8109876106681,25.5506,2.1971,20.0,D
1,661.8196583949464,25.4814,2.1923,20.0,D
1,661.8604164692998,25.1558,2.1749,20.0,D
1,661.8713572545207,25.0684,2.1702,20.0,D
1,661.9084327602488,24.772,2.1592,20.0,D
1,661.9208913478996,24.6724,2.1555,20.0,D
1,661.9558363694513,24.3929,2.1497,20.0,D
1,661.9691644706382,24.2863,2.1474,20.0,D
1,662.0032022483639,24.014,2.1463,20.0,D
1,662.0168648913183,23.9047,2.1458,20.0,D
1,662.0513426672218,23.6289,2.1493,20.0,D
1,662.064781149744,23.5214,2.1506,20.0,D
1,662.1010213639404,23.2316,2.159,20.0,D
1,662.1135890929517,23.1311,2.1619,20.0,D
1,662.1530926232527,22.8154,2.1763,20.0,D
1,662.1640670964747,22.7277,2.1804,20.0,D
1,662.2087759829656,22.3707,2.2023,20.0,D
1,662.2171292196138,22.304,2.2064,20.0,D
1,662.269258873183,21.8882,2.2385,20.0,D
1,662.2738731343644,21.8514,2.2414,20.0,D
1,662.3336007517726,21.3756,2.2853,20.0,D
1,662.3942232439888,20.8961,2.358,20.0,D
1,662.4109675713864,20.7641,2.3808,20.0,D
1,662.4702175502894,20.2969,2.4608,20.0,D
1,662.5175475685124,19.9249,2.5314,20.0,D
1,662.5578293048361,19.6083,2.5915,20.0,D
1,662.6535950672462,18.8581,2.7469,20.0,D
1,662.6612387942495,18.7982,2.7592,20.0,D
1,662.6763629161248,18.6801,2.7855,20.0,D
1,662.7750169200983,17.9225,3.0067,20.0,D
1,662.9083072429138,16.9042,3.3231,20.0,D
1,662.934219944915,16.7062,3.3845,20.0,D
1,662.9496520239227,16.5889,3.423,20.0,D
1,663.1325380185511,15.235,3.9776,20.0,D
1,663.202000774984,14.7241,4.1962,20.0,D
1,663.4193307616977,13.1819,4.999,20.0,D
1,663.4443251391904,13.0059,5.0939,20.0,D
1,663.4850585196203,12.7321,5.2706,20.0,D
1,663.6818997127494,11.4086,6.1239,20.0,D
1,663.8706533128807,10.2079,7.0396,20.0,D
1,663.9143333211797,9.9329,7.2552,20.0,D
1,663.934263453047,9.8157,7.3633,20.0,D
1,664.1451089596537,8.5758,8.5069,20.0,D
1,664.2666002376328,7.9168,9.2213,20.0,D
1,664.3749724442,7.3289,9.8585,20.0,D
1,664.5675927442725,6.3793,11.0721,20.0,D
1,664.6039305366689,6.2001,11.301,20.0,D
1,664.8028076359665,5.3251,12.6298,20.0,D
1,664.8299702251288,5.2073,12.8124,20.0,D
1,665.0563992157914,4.3522,14.4093,20.0,D
1,665.0866625289775,4.2556,14.6313,20.0,D
1,665.2823921930712,3.6313,16.0673,20.0,D
1,665.3369426427715,3.4906,16.4804,20.0,D
1,665.508108529505,3.0491,17.7766,20.0,D
1,665.5802871967135,2.9083,18.3366,20.0,D
1,665.7335789579483,2.6092,19.5259,20.0,D
1,665.8178272980655,2.4989,20.1908,20.0,D
1,665.9588775661439,2.3143,21.304,20.0,D
1,666.0502733136175,2.2543,22.0327,20.0,D
1,666.1840627528961,2.1664,23.0994,20.0,D
1,666.4092127528961,2.1664,24.9006,20.0,T
1,666.5601409243656,13.0693,5.0597,20.0,D
1,669.2916284243655,34.9212,5.0597,20.0,T
1,669.4645046689967,9.154,7.9736,20.0,D
1,673.1761671689967,38.8473,7.9736,20.0,T
1,673.3925310051062,6.5238,10.8875,20.0,D
1,677.7611310051062,41.4726,10.8875,20.0,T
1,678.0071983381875,4.6777,13.8014,20.0,D
1,682.8363983381876,43.3113,13.8014,20.0,T
1,683.103111390295,3.4106,16.7153,20.0,D
1,688.250686390295,44.5912,16.7153,20.0,T
1,688.5313534697896,2.5921,19.6292,20.0,D
1,693.8846034697896,45.4181,19.6292,20.0,T
1,694.1732971258042,2.2122,22.5431,20.0,D
1,699.6219596258042,45.8015,22.5431,20.0,T
1,699.9132034949761,2.2122,25.4569,20.0,D
1,705.361878494976,45.8016,25.4569,20.0,T
1,705.6505960965993,2.5921,28.3708,20.0,D
1,711.0038460965993,45.4181,28.3708,20.0,T
1,711.2845690418246,3.4106,31.2847,20.0,D
1,716.4321565418246,44.5913,31.2847,20.0,T
1,716.6989560304881,4.6776,34.1986,20.0,D
1,721.5281810304881,43.3114,34.1986,20.0,T
1,721.7742005134113,6.5237,37.1125,20.0,D
1,726.1428130134113,41.4726,37.1125,20.0,T
1,726.3591436508326,9.1541,40.0264,20.0,D
1,730.0707936508326,38.8473,40.0264,20.0,T
1,730.2437407771934,13.0694,42.9403,20.0,D
1,732.9752157771934,34.9212,42.9403,20.0,T
1,743.399192667194,-1000.0,-600.0,1000.0,W
1,848.7387892476537,-1000.0,-600.0,1000.0,W
1,954.6824988961935,-1000.0,-600.0,1000.0,T
1,964.8859879317466,1.6603,24.9019,26.0,D
1,965.0023277693454,1.7352,25.8296,26.0,D
1,965.1114685993828,1.8054,26.6999,26.0,D
1,965.2294483917467,1.9569,27.6315,26.0,D
1,965.3369375103821,2.0947,28.4803,26.0,D
1,965.4574419605074,2.3255,29.4163,26.0,D
1,965.5624180113475,2.5265,30.2317,26.0,D
1,965.686450459219,2.8407,31.1729,26.0,D
1,965.7878923799483,3.0976,31.9427,26.0,D
1,965.916525363787,3.501,32.8894,26.0,D
1,966.013364065051,3.8047,33.6021,26.0,D
1,966.1479118986688,4.3049,34.5552,26.0,D
1,966.2388425401628,4.643,35.1993,26.0,D
1,966.3808524363848,5.2502,36.1595,26.0,D
1,966.464328339532,5.607,36.724,26.0,D
1,966.6156809214806,6.3345,37.6919,26.0,D
1,966.6898059478297,6.6907,38.166,26.0,D
1,966.852977050989,7.5563,39.1431,26.0,D
1,966.9152716196227,7.8868,39.5161,26.0,D
1,967.0934633115236,8.9149,40.5036,26.0,D
1,967.14076071169,9.1878,40.7657,26.0,D
1,967.3382562389336,10.4116,41.765,26.0,D
1,967.3662145924483,10.5849,41.9064,26.0,D
1,967.5892399837297,12.0533,42.9199,26.0,D
1,967.5895000918803,12.055,42.9211,26.0,D
1,967.5918267378031,12.0703,42.9317,26.0,D
1,967.6639800002466,12.5702,43.2203,26.0,D
1,967.8174669540896,13.6354,43.8311,26.0,D
1,967.8450952061606,13.8353,43.9254,26.0,D
1,968.0443043817148,15.2769,44.6048,26.0,D
1,968.1573765005704,16.1234,44.9237,26.0,D
1,968.271291321407,16.9762,45.245,26.0,D
1,968.4521439966879,18.3666,45.6451,26.0,D
1,968.4984002462656,18.7226,45.7461,26.0,D
1,968.700490569899,20.3079,46.0633,26.0,D
1,968.728986430344,20.5316,46.1072,26.0,D
1,968.816714534806,21.2287,46.1885,26.0,D
1,968.8473096733087,21.4719,46.2161,26.0,D
1,968.8965843149867,21.8636,46.2604,26.0,D
1,968.9387098509626,22.1986,46.2971,26.0,D
1,968.9507579317226,22.2944,46.3077,26.0,D
1,968.9716962040964,22.461,46.3251,26.0,D
1,968.9763615350064,22.4983,46.3264,26.0,D
1,969.007015760857,22.7434,46.3345,26.0,D
1,969.0316150812237,22.9401,46.3406,26.0,D
1,969.0520610236696,23.1036,46.3453,26.0,D
1,969.0694671693155,23.2428,46.349,26.0,D
1,969.0845715198891,23.3636,46.3519,26.0,D
1,969.0980993153488,23.4718,46.3541,26.0,D
1,969.110463862702,23.5707,46.3559,26.0,D
1,969.121640232864,23.6601,46.3573,26.0,D
1,969.1322284707368,23.7448,46.3583,26.0,D
1,969.1424538451187,23.8266,46.359,26.0,D
1,969.152179045952,23.9044,46.3595,26.0,D
1,969.1617040787604,23.9806,46.3597,26.0,D
1,969.1713040868984,24.0574,46.3596,26.0,D
1,969.1810291591989,24.1352,46.3593,26.0,D
1,969.190804359005,24.2134,46.3588,26.0,D
1,969.2011801119897,24.2964,46.3578,26.0,D
1,969.2121434742705,24.3841,46.3567,26.0,D
1,969.2238326853752,24.4776,46.3551,26.0,D
1,969.2366726194191,24.5803,46.3531,26.0,D
1,969.2510015946528,24.6949,46.3504,26.0,D
1,969.2671937320195,24.8244,46.3473,26.0,D
1,969.2859760707983,24.9746,46.3431,26.0,D
1,969.3083483820892,25.1535,46.3378,26.0,D
1,969.3356624009257,25.3719,46.3308,26.0,D
1,969.3568248234004,25.5411,46.325,26.0,D
1,969.389435500333,25.8005,46.2972,26.0,D
1,969.4022705232196,25.9026,46.2863,26.0,D
1,969.4331112937191,26.1478,46.2589,26.0,D
1,969.4673091783393,26.4197,46.2286,26.0,D
1,969.4921095374597,26.6168,46.2059,26.0,D
1,969.567994521358,27.2199,46.1365,26.0,D
1,969.5762135731585,27.2852,46.1288,26.0,D
1,969.5764151296022,27.2868,46.1286,26.0,D
1,969.5989202158329,27.4656,46.1075,26.0,D
1,969.6563038725873,27.9159,46.0182,26.0,D
1,969.7333114341072,28.5202,45.8984,26.0,D
1,969.7795728262853,28.883,45.8253,26.0,D
1,969.8292637994343,29.2727,45.7468,26.0,D
1,969.9083903564886,29.8813,45.5727,26.0,D
1,970.0577373543869,31.03,45.2441,26.0,D
1,970.0677604682992,31.1051,45.216,26.0,D
1,970.1292012235538,31.5654,45.0436,26.0,D
1,970.2490050736589,32.4618,44.7044,26.0,D
1,970.2838688196028,32.7227,44.6058,26.0,D
1,970.4283634237408,33.7675,44.1112,26.0,D
1,970.5098591770811,34.3568,43.8323,26.0,D
1,970.6205406527782,35.1241,43.3904,26.0,D
1,970.7358083337701,35.9232,42.9302,26.0,D
1,970.8210233018289,36.4847,42.5436,26.0,D
1,970.9617111150227,37.4117,41.9053,26.0,D
1,971.0272109361102,37.818,41.5744,26.0,D
1,971.1875489170287,38.8126,40.7644,26.0,D
1,971.237464248466,39.1009,40.4881,26.0,D
1,971.4133533634824,40.117,39.5147,26.0,D
1,971.450763282371,40.3157,39.2909,26.0,D
1,971.6390948757443,41.3162,38.1644,26.0,D
1,971.6663899416903,41.4476,37.99,26.0,D
1,971.8647403970087,42.4024,36.7226,26.0,D
1,971.8837822669931,42.4839,36.5939,26.0,D
1,972.0903549879959,43.3688,35.1982,26.0,D
1,972.1026838793694,43.4147,35.1109,26.0,D
1,972.3160056452097,44.2093,33.6006,26.0,D
1,972.3229780237493,44.2312,33.5493,26.0,D
1,972.5414819260315,44.9179,31.9418,26.0,D
1,972.5441303335718,44.9246,31.9217,26.0,D
1,972.7670434055444,45.4906,30.2306,26.0,D
1,972.9924901876517,45.9233,28.4797,26.0,D
1,973.2178971130804,46.2132,26.6999,26.0,D
1,973.443432653517,46.3588,24.9015,26.0,D
1,973.668770153517,46.3588,23.0988,26.0,D
1,973.8943545227811,46.2133,21.3,26.0,D
1,974.1197901430949,45.9232,19.52,26.0,D
1,974.3452611951448,45.4905,17.7689,26.0,D
1,974.5707712905396,44.9179,16.0581,26.0,D
1,974.5745118829058,44.9061,16.0306,26.0,D
1,974.7963033774029,44.2091,14.3989,26.0,D
1,974.8051432462509,44.1762,14.3363,26.0,D
1,975.0218311933228,43.369,12.8022,26.0,D
1,975.0372941985692,43.3028,12.6977,26.0,D
1,975.2474735899531,42.4025,11.2776,26.0,D
1,975.2715111419551,42.2868,11.124,26.0,D
1,975.473164105763,41.3161,9.8355,26.0,D
1,975.5082362924819,41.1298,9.6257,26.0,D
1,975.6988962716497,40.1169,8.4853,26.0,D
1,975.7483253891438,39.8314,8.2117,26.0,D
1,975.9246826658933,38.8127,7.2356,26.0,D
1,975.9930092278038,38.3888,6.8905,26.0,D
1,976.1505301614325,37.4117,6.0947,26.0,D
1,976.2443995071344,36.7932,5.6688,26.0,D
1,976.3764329427672,35.9232,5.0698,26.0,D
1,976.5059910306081,35.025,4.5526,26.0,D
1,976.602382100118,34.3568,4.1677,26.0,D
1,976.7845691181277,33.0394,3.5442,26.0,D
1,976.8283837560926,32.7226,3.3942,26.0,D
1,976.983039658421,31.5654,2.9564,26.0,D
1,977.0545035271327,31.03,2.7559,26.0,D
1,977.1212624790137,30.5165,2.6091,26.0,D
1,977.2829770834292,29.2727,2.2532,26.0,D
1,977.3789417025604,28.5201,2.1016,26.0,D
1,977.51334761354,27.4654,1.8924,26.0,D
1,977.5441725273679,27.2205,1.8635,26.0,D
1,977.5590822609755,27.102,1.8499,26.0,D
1,977.644944797371,26.4196,1.7714,26.0,D
1,977.683319760726,26.1145,1.7373,26.0,D
1,977.7099710300438,25.9026,1.7137,26.0,D
1,977.7535945687013,25.5556,1.6765,26.0,D
1,977.7553048775184,25.542,1.675,26.0,D
1,977.776579734304,25.3719,1.6692,26.0,D
1,977.8038937531405,25.1535,1.6622,26.0,D
1,977.8262660644315,24.9746,1.6569,26.0,D
1,977.8450484032103,24.8244,1.6527,26.0,D
1,977.8612405405769,24.6949,1.6496,26.0,D
1,977.8755695158106,24.5803,1.6469,26.0,D
1,977.8884094498545,24.4776,1.6449,26.0,D
1,977.9000986609592,24.3841,1.6433,26.0,D
1,977.91106202324,24.2964,1.6422,26.0,D
1,977.9214377762247,24.2134,1.6412,26.0,D
1,977.9312129760308,24.1352,1.6407,26.0,D
1,977.9409380483313,24.0574,1.6404,26.0,D
1,977.9505380564693,23.9806,1.6403,26.0,D
1,977.9600630892777,23.9044,1.6405,26.0,D
1,977.9697882901111,23.8266,1.641,26.0,D
1,977.980013664493,23.7448,1.6417,26.0,D
1,977.9906019023657,23.6601,1.6427,26.0,D
1,978.0017782725278,23.5707,1.6441,26.0,D
1,978.0141428198809,23.4718,1.6459,26.0,D
1,978.0276706153406,23.3636,1.6481,26.0,D
1,978.0427749659142,23.2428,1.651,26.0,D
1,978.0601811115602,23.1036,1.6547,26.0,D
1,978.0806270540061,22.9401,1.6594,26.0,D
1,978.1052263743727,22.7434,1.6655,26.0,D
1,978.1358806002233,22.4983,1.6736,26.0,D
1,978.1405084540726,22.4613,1.6749,26.0,D
1,978.1553769663132,22.343,1.6873,26.0,D
1,978.1557289695091,22.3402,1.6876,26.0,D
1,978.1616606772101,22.293,1.6925,26.0,D
1,978.1937148330444,22.0381,1.7205,26.0,D
1,978.2156451808813,21.8637,1.7396,26.0,D
1,978.2442635589364,21.6362,1.7653,26.0,D
1,978.2955522227057,21.2285,1.8115,26.0,D
1,978.3141022395521,21.0811,1.8287,26.0,D
1,978.3832430797354,20.5317,1.8928,26.0,D
1,978.393995201619,20.4473,1.9094,26.0,D
1,978.4117512085251,20.3079,1.9367,26.0,D
1,978.4957845213019,19.6487,2.0686,26.0,D
1,978.6138660463704,18.7224,2.2539,26.0,D
1,978.6240393340028,18.6441,2.2761,26.0,D
1,978.6600862218712,18.3667,2.3549,26.0,D
1,978.7745214962898,17.4869,2.608,26.0,D
1,978.8409629225614,16.9761,2.755,26.0,D
1,978.9346676399587,16.2746,3.0193,26.0,D
1,979.0679498622587,15.2768,3.3952,26.0,D
1,979.1141149143139,14.9427,3.5526,26.0,D
1,979.2948152325206,13.6351,4.169,26.0,D
1,979.3055659592402,13.5605,4.2118,26.0,D
1,979.4482525941478,12.5703,4.7797,26.0,D
1,979.5180817304824,12.0865,5.059,26.0,D
1,979.5206244898104,12.0689,5.0692,26.0,D
1,979.7180472547718,10.7691,5.9664,26.0,D
1,979.7460112997671,10.585,6.0935,26.0,D
1,979.9242027435151,9.4808,6.9951,26.0,D
1,979.9714924507066,9.1877,7.2343,26.0,D
1,980.1346637779404,8.2463,8.1386,26.0,D
1,980.1969548537459,7.8869,8.4838,26.0,D
1,980.3483397037558,7.0838,9.3903,26.0,D
1,980.4224381707609,6.6907,9.834,26.0,D
1,980.5644557279941,6.0082,10.7423,26.0,D
1,980.6479257712731,5.607,11.2761,26.0,D
1,980.7824558620056,5.0319,12.1858,26.0,D
1,980.8734076873377,4.6429,12.8007,26.0,D
1,981.0020288880834,4.1647,13.7118,26.0,D
1,981.0988803537731,3.8047,14.3979,26.0,D
1,981.2229044851196,3.4158,15.3107,26.0,D
1,981.3243471390243,3.0977,16.0573,26.0,D
1,981.4448615533593,2.7924,16.9718,26.0,D
1,981.5498254653123,2.5265,17.7683,26.0,D
1,981.6678166633421,2.3006,18.6848,26.0,D
1,981.775305966589,2.0947,19.5197,26.0,D
1,981.8916480222106,1.9455,20.4384,26.0,D
1,982.0007872144434,1.8054,21.3002,26.0,D
1,982.1163121576376,1.731,22.2214,26.0,D
1,982.2262429632893,1.6603,23.098,26.0,D
1,982.4517304632893,1.6603,24.9019,26.0,T
1,982.6061340401881,12.846,4.6216,26.0,D
1,985.393484040188,35.1448,4.6216,26.0,T
1,985.5702105576386,8.804,7.6029,26.0,D
1,989.3692105576386,39.196,7.6029,26.0,T
1,989.5905646641627,6.127,10.5842,26.0,D
1,994.0597021641627,41.8801,10.5842,26.0,T
1,994.311412081828,4.2415,13.5655,26.0,D
1,999.252549581828,43.7706,13.5655,26.0,T
1,999.5255161282016,2.9343,16.5468,26.0,D
1,1004.7939161282017,45.0815,16.5468,26.0,T
1,1005.0811924944749,2.0933,19.5281,26.0,D
1,1010.5600924944748,45.9245,19.5281,26.0,T
1,1010.8555397793822,1.7078,22.5094,26.0,D
1,1016.4309522793822,46.3111,22.5094,26.0,T
1,1016.7289710650936,1.7078,25.4906,26.0,D
1,1022.3043835650935,46.3111,25.4906,26.0,T
1,1022.5998381667222,2.0933,28.4719,26.0,D
1,1028.0787506667223,45.9246,28.4719,26.0,T
1,1028.3660409994504,2.9343,31.4532,26.0,D
1,1033.6344284994505,45.0814,31.4532,26.0,T
1,1033.907418317228,4.2416,34.4345,26.0,D
1,1038.848543317228,43.7706,34.4345,26.0,T
1,1039.1002864641632,6.127,37.4158,26.0,D
1,1043.5694364641631,41.8802,37.4158,26.0,T
1,1043.7908383768447,8.804,40.3971,26.0,D
1,1047.5898258768448,39.1959,40.3971,26.0,T
1,1047.7666133386538,12.8459,43.3784,26.0,D
1,1050.5539883386539,35.1449,43.3784,26.0,T
1,1060.9551351335085,-1000.0,-600.0,1000.0,W
1,1166.2434693067626,-1000.0,-600.0,1000.0,W
1,1270.203263734287,-1000.0,-600.0,1000.0,T
1,1280.385812935389,2.6833,24.8993,32.0,D
1,1280.5345484693494,2.783,26.085,32.0,D
1,1280.6107032674993,2.834,26.6921,32.0,D
1,1280.7702283385108,3.047,27.9504,32.0,D
1,1280.8358093404283,3.1345,28.4677,32.0,D
1,1281.0136035618086,3.4881,29.8454,32.0,D
1,1281.061274864759,3.5829,30.2148,32.0,D
1,1281.2660925920345,4.1209,31.7625,32.0,D
1,1281.2872303285797,4.1765,31.9222,32.0,D
1,1281.4732785922272,4.7801,33.2827,32.0,D
1,1281.5118026451844,4.908,33.5631,32.0,D
1,1281.5123902781481,4.9103,33.5672,32.0,D
1,1281.7405054563615,5.8042,35.1582,32.0,D
1,1281.8027859772428,6.0835,35.5708,32.0,D
1,1281.9705246472215,6.8358,36.682,32.0,D
1,1282.1207584826664,7.5891,37.6185,32.0,D
1,1282.2020276928954,7.9966,38.1251,32.0,D
1,1282.3764789271272,8.957,39.1377,32.0,D
1,1282.4326077104072,9.2717,39.458,32.0,D
1,1282.4793880164264,9.5546,39.703,32.0,D
1,1282.6722946652394,10.7211,40.7134,32.0,D
1,1282.8396038223782,11.799,41.5069,32.0,D
1,1282.9126305522875,12.2765,41.8435,32.0,D
1,1283.150540904692,13.9115,42.8178,32.0,D
1,1283.1620886385065,13.9919,42.8633,32.0,D
1,1283.3722957179543,15.5121,43.5823,32.0,D
1,1283.4290561093487,15.9271,43.7666,32.0,D
1,1283.5423472642606,16.7784,44.0776,32.0,D
1,1283.6551907683104,17.6333,44.3676,32.0,D
1,1283.6917511229483,17.9103,44.4615,32.0,D
1,1283.7239141476234,18.156,44.5379,32.0,D
1,1283.8050454320487,18.7859,44.6944,32.0,D
1,1283.8371756188867,19.0367,44.7507,32.0,D
1,1283.9129143484527,19.6279,44.8834,32.0,D
1,1283.9758431822652,20.1217,44.9814,32.0,D
1,1284.0082268828335,20.3758,45.0319,32.0,D
1,1284.0896135880207,21.0175,45.1421,32.0,D
1,1284.0940524082469,21.0525,45.1481,32.0,D
1,1284.119775188156,21.2562,45.1773,32.0,D
1,1284.1664021988365,21.627,45.2179,32.0,D
1,1284.1699410236768,21.6552,45.2204,32.0,D
1,1284.2407970153959,22.2199,45.2697,32.0,D
1,1284.2505670269106,22.2979,45.2747,32.0,D
1,1284.311568430583,22.7849,45.3061,32.0,D
1,1284.325230536021,22.8941,45.3107,32.0,D
1,1284.3798643868486,23.3308,45.3287,32.0,D
1,1284.3956545044068,23.4571,45.331,32.0,D
1,1284.4468499158834,23.8666,45.3382,32.0,D
1,1284.4632502207585,23.9978,45.3374,32.0,D
1,1284.5135761149384,24.4004,45.335,32.0,D
1,1284.5292704311867,24.5259,45.3313,32.0,D
1,1284.5811182327914,24.9405,45.319,32.0,D
1,1284.5948873331613,25.0505,45.3132,32.0,D
1,1284.6505274294275,25.495,45.2897,32.0,D
1,1284.660982130822,25.5784,45.2834,32.0,D
1,1284.7228973273614,26.0723,45.2459,32.0,D
1,1284.7285255070183,26.1171,45.2414,32.0,D
1,1284.7997180145244,26.6839,45.1856,32.0,D
1,1284.8057492483326,26.7318,45.1798,32.0,D
1,1284.865111853618,27.2009,45.1058,32.0,D
1,1284.8749309994566,27.2785,45.0936,32.0,D
1,1284.9363460652996,27.7616,45.0041,32.0,D
1,1284.9651266387173,27.988,44.9622,32.0,D
1,1285.0126313967025,28.3598,44.8835,32.0,D
1,1285.0662553084048,28.7795,44.7947,32.0,D
1,1285.0952889526818,29.0055,44.7411,32.0,D
1,1285.1818386854948,29.6793,44.5817,32.0,D
1,1285.1860257377095,29.7117,44.5732,32.0,D
1,1285.200981740894,29.8275,44.5431,32.0,D
1,1285.2704666718141,30.3561,44.3711,32.0,D
1,1285.306584865377,30.6309,44.2818,32.0,D
1,1285.369424772333,31.105,44.1146,32.0,D
1,1285.4709446295349,31.871,43.8447,32.0,D
1,1285.4808185377024,31.9449,43.8168,32.0,D
1,1285.4960690756027,32.059,43.7736,32.0,D
1,1285.5848179576378,32.7043,43.4775,32.0,D
1,1285.665277307817,33.2893,43.209,32.0,D
1,1285.7100741024847,33.6116,43.0523,32.0,D
1,1285.7617752630133,33.9836,42.8715,32.0,D
1,1285.8321607240475,34.4704,42.5885,32.0,D
1,1285.9257504178245,35.1178,42.2124,32.0,D
1,1285.975044652401,35.4545,42.0071,32.0,D
1,1286.0121043529698,35.7076,41.8527,32.0,D
1,1286.112677019485,36.3602,41.3821,32.0,D
1,1286.257690125035,37.3012,40.7036,32.0,D
1,1286.2630198910945,37.3337,40.676,32.0,D
1,1286.2884458159792,37.4888,40.5444,32.0,D
1,1286.4279641761061,38.3257,39.8059,32.0,D
1,1286.4917456046335,38.7083,39.4683,32.0,D
1,1286.5902971092517,39.2556,38.9008,32.0,D
1,1286.7267294556957,40.0132,38.1151,32.0,D
1,1286.7614528740362,40.1891,37.9001,32.0,D
1,1286.9121634710839,40.9524,36.9668,32.0,D
1,1286.952282943055,41.1518,36.7153,32.0,D
1,1286.9562244093113,41.1714,36.6906,32.0,D
1,1287.1336452719515,41.959,35.5098,32.0,D
1,1287.185121451212,42.1875,35.1672,32.0,D
1,1287.3219551396123,42.7177,34.2095,32.0,D
1,1287.413054566751,43.0707,33.5719,32.0,D
1,1287.5162362155856,43.4091,32.819,32.0,D
1,1287.6400181710558,43.8151,31.9158,32.0,D
1,1287.7158997935014,44.0167,31.3432,32.0,D
1,1287.8661688074812,44.416,30.2093,32.0,D
1,1287.9206356810146,44.5257,29.7876,32.0,D
1,1288.091648950328,44.8699,28.4635,32.0,D
1,1288.130229725981,44.9221,28.1593,32.0,D
1,1288.3166334230507,45.174,26.6895,32.0,D
1,1288.3448108186897,45.1932,26.4649,32.0,D
1,1288.5413320409057,45.3266,24.8984,32.0,D
1,1288.7659195409058,45.3266,23.1017,32.0,D
1,1288.7901948176807,45.3101,22.9082,32.0,D
1,1288.9906306124194,45.174,21.3105,32.0,D
1,1289.022374337193,45.1311,21.0602,32.0,D
1,1289.215600652446,44.87,19.5366,32.0,D
1,1289.262190904243,44.7761,19.1759,32.0,D
1,1289.4410960401565,44.416,17.7907,32.0,D
1,1289.5113044675797,44.2295,17.2609,32.0,D
1,1289.6672466769276,43.8151,16.0842,32.0,D
1,1289.7718383860874,43.4721,15.321,32.0,D
1,1289.8942102814772,43.0707,14.4281,32.0,D
1,1290.0469560900326,42.4789,13.359,32.0,D
1,1290.1221264070634,42.1876,12.8329,32.0,D
1,1290.3412676632345,41.2147,11.3745,32.0,D
1,1290.3511482629126,41.1709,11.3087,32.0,D
1,1290.395094040938,40.9525,11.0332,32.0,D
1,1290.5805456455582,40.0132,9.8848,32.0,D
1,1290.6703189059494,39.5147,9.3678,32.0,D
1,1290.815529176979,38.7082,8.5317,32.0,D
1,1291.0188372364141,37.4887,7.4555,32.0,D
1,1291.049530540346,37.3015,7.2966,32.0,D
1,1291.105377911871,36.9391,7.0353,32.0,D
1,1291.2951512124826,35.7077,6.1473,32.0,D
1,1291.3815264919683,35.1177,5.7876,32.0,D
1,1291.5454908373686,33.9836,5.1285,32.0,D
1,1291.6419608432318,33.2895,4.7911,32.0,D
1,1291.8111970105026,32.059,4.2264,32.0,D
1,1291.8363214539045,31.871,4.1553,32.0,D
1,1291.8720087962859,31.6017,4.0605,32.0,D
1,1292.000693008847,30.6308,3.7182,32.0,D
1,1292.1062604709862,29.8277,3.4569,32.0,D
1,1292.125348834588,29.6799,3.4185,32.0,D
1,1292.1349448786948,29.6052,3.4008,32.0,D
1,1292.2409837431796,28.7797,3.2054,32.0,D
1,1292.2904668368835,28.3924,3.1235,32.0,D
1,1292.3421516902015,27.9879,3.0378,32.0,D
1,1292.4154917819828,27.411,2.9309,32.0,D
1,1292.4323618970166,27.2783,2.9063,32.0,D
1,1292.5015170057397,26.7318,2.8202,32.0,D
1,1292.507548239548,26.6839,2.8144,32.0,D
1,1292.584356476818,26.0724,2.7541,32.0,D
1,1292.5913512069772,26.0166,2.7499,32.0,D
1,1292.6568136246303,25.4944,2.7103,32.0,D
1,1292.6687812893983,25.3988,2.7051,32.0,D
1,1292.7261485996128,24.9405,2.6809,32.0,D
1,1292.7411049997895,24.8209,2.6774,32.0,D
1,1292.7936903485688,24.4004,2.665,32.0,D
1,1292.8099531560217,24.2703,2.6642,32.0,D
1,1292.8603665486496,23.867,2.6618,32.0,D
1,1292.876556601537,23.7375,2.6641,32.0,D
1,1292.9274145655152,23.3307,2.6713,32.0,D
1,1292.9422896810609,23.2118,2.6762,32.0,D
1,1292.9957354962035,22.7846,2.6939,32.0,D
1,1293.0080232568823,22.6865,2.7002,32.0,D
1,1293.0664944370162,22.2197,2.7303,32.0,D
1,1293.0747513280776,22.1539,2.7361,32.0,D
1,1293.1408269902006,21.6273,2.7821,32.0,D
1,1293.1433917757668,21.6069,2.7843,32.0,D
1,1293.1874912815038,21.2562,2.8227,32.0,D
1,1293.2111935031824,21.0685,2.8496,32.0,D
1,1293.213314823526,21.0517,2.852,32.0,D
1,1293.2803821963685,20.5229,2.9428,32.0,D
1,1293.2990273574364,20.3759,2.9681,32.0,D
1,1293.3540183709067,19.9444,3.0538,32.0,D
1,1293.3943644131537,19.6278,3.1166,32.0,D
1,1293.4332967362445,19.3239,3.1848,32.0,D
1,1293.5022333296204,18.7858,3.3056,32.0,D
1,1293.5198656906718,18.6489,3.3396,32.0,D
1,1293.5833524830975,18.156,3.4621,32.0,D
1,1293.6051332981936,17.9896,3.5138,32.0,D
1,1293.6154879242733,17.9105,3.5384,32.0,D
1,1293.698755888739,17.2797,3.7525,32.0,D
1,1293.7649353275776,16.7783,3.9225,32.0,D
1,1293.8036334945239,16.4875,4.0287,32.0,D
1,1293.8782104524682,15.9271,4.2334,32.0,D
1,1293.9082050483357,15.7078,4.3308,32.0,D
1,1293.9349708439058,15.5121,4.4177,32.0,D
1,1294.0255586828384,14.857,4.7276,32.0,D
1,1294.145166623759,13.992,5.1367,32.0,D
1,1294.1477806783205,13.9738,5.147,32.0,D
1,1294.156753153592,13.9113,5.1823,32.0,D
1,1294.281394621912,13.0547,5.6927,32.0,D
1,1294.3946463692773,12.2764,6.1565,32.0,D
1,1294.4189193287693,12.1177,6.2684,32.0,D
1,1294.4676454639537,11.7991,6.493,32.0,D
1,1294.5721221255221,11.126,6.9885,32.0,D
1,1294.6349720981752,10.7211,7.2866,32.0,D
1,1294.7230470351963,10.1885,7.7479,32.0,D
1,1294.874641420502,9.2718,8.5419,32.0,D
1,1294.884470602182,9.2167,8.598,32.0,D
1,1294.930778965695,8.957,8.8622,32.0,D
1,1295.0620555802584,8.2344,9.6243,32.0,D
1,1295.1052746154166,7.9964,9.8751,32.0,D
1,1295.2344112466692,7.3489,10.6801,32.0,D
1,1295.336732771928,6.8358,11.3179,32.0,D
1,1295.4144239323405,6.4874,11.8326,32.0,D
1,1295.5667796725097,5.8041,12.8419,32.0,D
1,1295.60093045947,5.6703,13.0801,32.0,D
1,1295.7954157497236,4.9081,14.4365,32.0,D
1,1295.8340070416493,4.78,14.7174,32.0,D
1,1296.0038491098333,4.229,15.9594,32.0,D
1,1296.0200388104558,4.1765,16.0778,32.0,D
1,1296.2056955712067,3.6888,17.4807,32.0,D
1,1296.2459942723333,3.5829,17.7852,32.0,D
1,1296.4128832628517,3.251,19.0784,32.0,D
1,1296.4714597966558,3.1345,19.5323,32.0,D
1,1296.625278123953,2.9292,20.7456,32.0,D
1,1296.6965781940792,2.834,21.308,32.0,D
1,1296.8428929537797,2.7359,22.4744,32.0,D
1,1296.9214436141842,2.6833,23.1006,32.0,D
1,1297.1462811141841,2.6833,24.8993,32.0,T
1,1297.293883574266,13.3665,5.5069,32.0,D
1,1299.952408574266,34.6347,5.5069,32.0,T
1,1300.1211022763114,9.4911,8.352,32.0,D
1,1303.7477897763113,38.5046,8.352,32.0,T
1,1303.959120009787,6.933,11.1971,32.0,D
1,1308.227795009787,41.0824,11.1971,32.0,T
1,1308.4682289906818,5.1297,14.0422,32.0,D
1,1313.1841539906818,42.8571,14.0422,32.0,T
1,1313.4445922570296,3.8951,16.8873,32.0,D
1,1318.4699422570295,44.0979,16.8873,32.0,T
1,1318.7439149402826,3.1006,19.7324,32.0,D
1,1323.9692774402827,44.9035,19.7324,32.0,T
1,1324.2510917901816,2.7272,22.5775,32.0,D
1,1329.5704292901817,45.2819,22.5775,32.0,T
1,1329.8547599276178,2.7273,25.4225,32.0,D
1,1335.1740974276179,45.282,25.4225,32.0,T
1,1335.4559450352754,3.1007,28.2676,32.0,D
1,1340.6812950352753,44.9035,28.2676,32.0,T
1,1340.955342206094,3.895,31.1127,32.0,D
1,1345.980704706094,44.0979,31.1127,32.0,T
1,1346.241183531134,5.1298,33.9578,32.0,D
1,1350.957083531134,42.857,33.9578,32.0,T
1,1351.1973261108756,6.9331,36.8029,32.0,D
1,1355.4659761108755,41.0823,36.8029,32.0,T
1,1355.6774364839903,9.4911,39.648,32.0,D
1,1359.3041239839902,38.5046,39.648,32.0,T
1,1359.4727805894886,13.3666,42.4931,32.0,D
1,1362.1312805894886,34.6346,42.4931,32.0,T
1,1372.5028017231073,-1000.0,-600.0,1000.0,W
1,1467.4167237345687,-1000.0,-600.0,1000.0,W
1,1558.9803693495437,-1000.0,-600.0,1000.0,T
1,1569.14489295277,5.451,23.1123,38.0,D
1,1569.36689295277,5.451,24.8883,38.0,D
1,1569.5891894678687,5.6254,26.6581,38.0,D
1,1569.600073917786,5.6424,26.7435,38.0,D
1,1569.812904311674,5.9737,28.4136,38.0,D
1,1569.8577689083093,6.0771,28.7573,38.0,D
1,1570.0387298890828,6.4942,30.1436,38.0,D
1,1570.1430464775287,6.8092,30.9164,38.0,D
1,1570.267446407191,7.1848,31.838,38.0,D
1,1570.4675887662913,7.9236,33.2585,38.0,D
1,1570.4996749636744,8.0421,33.4862,38.0,D
1,1570.5671345870148,8.3331,33.9407,38.0,D
1,1570.7333874911249,9.0825,35.0395,38.0,D
1,1570.8865856481389,9.8606,35.9864,38.0,D
1,1570.9801652140507,10.3359,36.5648,38.0,D
1,1571.0498998371318,10.7256,36.964,38.0,D
1,1571.2331593478843,11.7878,37.9745,38.0,D
1,1571.387831278919,12.7508,38.7515,38.0,D
1,1571.5038162200212,13.4967,39.3034,38.0,D
1,1571.6453028255048,14.4546,39.9064,38.0,D
1,1571.807332971234,15.5816,40.5468,38.0,D
1,1571.8554857002584,15.9285,40.7143,38.0,D
1,1571.9154287422336,16.3694,40.9029,38.0,D
1,1572.0447459201337,17.3206,41.3097,38.0,D
1,1572.1752849331,18.3002,41.6716,38.0,D
1,1572.2019872562669,18.5041,41.7353,38.0,D
1,1572.2134598322637,18.5929,41.7585,38.0,D
1,1572.3522371882382,19.6671,42.039,38.0,D
1,1572.4144692401187,20.1545,42.1405,38.0,D
1,1572.4909984879998,20.7539,42.2652,38.0,D
1,1572.5818916206474,21.4726,42.3757,38.0,D
1,1572.6215129730033,21.7859,42.4238,38.0,D
1,1572.7270193975708,22.6259,42.5064,38.0,D
1,1572.7465880787029,22.7817,42.5217,38.0,D
1,1572.8572493728905,23.6662,42.5591,38.0,D
1,1572.8686217970494,23.7571,42.5629,38.0,D
1,1572.9777324547551,24.6299,42.5507,38.0,D
1,1572.9900963765642,24.7288,42.5492,38.0,D
1,1573.0922602599207,25.5441,42.4919,38.0,D
1,1573.1133743436387,25.7126,42.4801,38.0,D
1,1573.2036840884064,26.4294,42.3897,38.0,D
1,1573.2408387167352,26.7243,42.3525,38.0,D
1,1573.3143282238518,27.3028,42.2477,38.0,D
1,1573.3751269247527,27.7814,42.161,38.0,D
1,1573.4262163026237,28.1793,42.0676,38.0,D
1,1573.519189821199,28.9034,41.8976,38.0,D
1,1573.5411160184296,29.072,41.8492,38.0,D
1,1573.6271947986618,29.7339,41.6592,38.0,D
1,1573.657991899276,29.9672,41.58,38.0,D
1,1573.667202117786,30.037,41.5564,38.0,D
1,1573.7728604889937,30.8221,41.2432,38.0,D
1,1573.8447292506796,31.3561,41.0301,38.0,D
1,1573.894978400237,31.7219,40.8634,38.0,D
1,1573.9955553142133,32.4541,40.5298,38.0,D
1,1574.019239185967,32.6211,40.4403,38.0,D
1,1574.03563628937,32.7367,40.3783,38.0,D
1,1574.147374057856,33.5034,39.9187,38.0,D
1,1574.2799339028318,34.413,39.3735,38.0,D
1,1574.2864413624936,34.4565,39.3449,38.0,D
1,1574.29148574365,34.4902,39.3227,38.0,D
1,1574.4190804927582,35.2974,38.6979,38.0,D
1,1574.5659749584895,36.2267,37.9786,38.0,D
1,1574.7129229855475,37.0627,37.1521,38.0,D
1,1574.821023807989,37.6778,36.5442,38.0,D
1,1574.8644834030888,37.9031,36.2794,38.0,D
1,1574.960428252156,38.4006,35.6949,38.0,D
1,1575.032084939082,38.7575,35.2463,38.0,D
1,1575.0619220489455,38.9061,35.0595,38.0,D
1,1575.1943858293723,39.4899,34.1751,38.0,D
1,1575.3002445567226,39.9564,33.4683,38.0,D
1,1575.363578499291,40.1957,33.0217,38.0,D
1,1575.5338060574668,40.839,31.8214,38.0,D
1,1575.5388762676448,40.8547,31.784,38.0,D
1,1575.5986255484981,41.0398,31.3433,38.0,D
1,1575.7357250675527,41.444,30.3237,38.0,D
1,1575.7582360787471,41.5104,30.1563,38.0,D
1,1575.9259671618831,41.8874,28.8685,38.0,D
1,1575.9839432035405,42.0178,28.4234,38.0,D
1,1576.124196414845,42.2304,27.3217,38.0,D
1,1576.2078761334901,42.3573,26.6644,38.0,D
1,1576.33127670898,42.4515,25.6817,38.0,D
1,1576.4307053933787,42.5274,24.8899,38.0,D
1,1576.6531803933788,42.5274,23.1101,38.0,D
1,1576.778653141914,42.4316,22.1109,38.0,D
1,1576.8760096533167,42.3573,21.3356,38.0,D
1,1577.0244262781646,42.1322,20.1698,38.0,D
1,1577.0999425843506,42.0178,19.5766,38.0,D
1,1577.290742185536,41.5889,18.1117,38.0,D
1,1577.3256737011236,41.5104,17.8435,38.0,D
1,1577.4852609911093,41.0398,16.6567,38.0,D
1,1577.5500804820533,40.839,16.1786,38.0,D
1,1577.5686753822279,40.7687,16.0475,38.0,D
1,1577.7836419831947,39.9564,14.5317,38.0,D
1,1577.9420278968873,39.2584,13.4742,38.0,D
1,1578.021947172566,38.9062,12.9406,38.0,D
1,1578.123468315684,38.4006,12.305,38.0,D
1,1578.2628537216856,37.6778,11.4559,38.0,D
1,1578.5179113579416,36.2267,10.0214,38.0,D
1,1578.792390688049,34.4903,8.6773,38.0,D
1,1578.80395984154,34.413,8.6264,38.0,D
1,1578.8829499526696,33.871,8.3015,38.0,D
1,1579.0482788984489,32.7365,7.6216,38.0,D
1,1579.0883209173946,32.4542,7.4702,38.0,D
1,1579.2391469808128,31.3562,6.9699,38.0,D
1,1579.3828404093551,30.2885,6.5439,38.0,D
1,1579.416736797898,30.0366,6.4435,38.0,D
1,1579.4566690725953,29.7341,6.3408,38.0,D
1,1579.5646860648928,28.9035,6.1024,38.0,D
1,1579.6050177463758,28.5894,6.0286,38.0,D
1,1579.7087761571795,27.7813,5.8389,38.0,D
1,1579.787485769839,27.1617,5.7267,38.0,D
1,1579.8430353113536,26.7244,5.6476,38.0,D
1,1579.9426445792456,25.9338,5.5478,38.0,D
1,1579.9704872847535,25.7128,5.52,38.0,D
1,1580.0795683676977,24.8423,5.4588,38.0,D
1,1580.0937411905022,24.7292,5.4508,38.0,D
1,1580.2044022220637,23.844,5.4383,38.0,D
1,1580.2152657576876,23.7571,5.4371,38.0,D
1,1580.3214980812172,22.908,5.473,38.0,D
1,1580.3373244535906,22.7815,5.4783,38.0,D
1,1580.4341143355514,22.0109,5.5541,38.0,D
1,1580.4623871195051,21.7858,5.5762,38.0,D
1,1580.5448828940182,21.1335,5.6765,38.0,D
1,1580.5929016045643,20.7538,5.7348,38.0,D
1,1580.6559229613115,20.2602,5.8375,38.0,D
1,1580.7316654526885,19.667,5.9611,38.0,D
1,1580.7691269662726,19.377,6.0367,38.0,D
1,1580.8819001353168,18.5041,6.2647,38.0,D
1,1580.886169942104,18.4715,6.2749,38.0,D
1,1580.9086143908887,18.3001,6.3284,38.0,D
1,1581.0005615572738,17.6101,6.5833,38.0,D
1,1581.0391299543107,17.3207,6.6903,38.0,D
1,1581.1188526769186,16.7343,6.9411,38.0,D
1,1581.228373765784,15.9287,7.2856,38.0,D
1,1581.2450731763274,15.8084,7.3437,38.0,D
1,1581.2765823912493,15.5814,7.4533,38.0,D
1,1581.3679652397495,14.9458,7.8145,38.0,D
1,1581.4385846255884,14.4546,8.0936,38.0,D
1,1581.5013461110912,14.0297,8.3611,38.0,D
1,1581.5800712311689,13.4967,8.6966,38.0,D
1,1581.6344173743737,13.1472,8.9552,38.0,D
1,1581.6960561722713,12.7508,9.2485,38.0,D
1,1581.7785927522298,12.2369,9.6631,38.0,D
1,1581.8507281035234,11.7878,10.0255,38.0,D
1,1581.9212664818185,11.3789,10.4144,38.0,D
1,1582.0339785596984,10.7257,11.036,38.0,D
1,1582.079492913547,10.4713,11.2965,38.0,D
1,1582.1037306488477,10.3358,11.4352,38.0,D
1,1582.2323643888326,9.6825,12.2303,38.0,D
1,1582.3505100940286,9.0825,12.9606,38.0,D
1,1582.3925519258748,8.8929,13.2384,38.0,D
1,1582.5167456316835,8.3332,14.0593,38.0,D
1,1582.5708379890457,8.0998,14.4237,38.0,D
1,1582.584201471236,8.0421,14.5137,38.0,D
1,1582.7429099190458,7.4562,15.6401,38.0,D
1,1582.8164300268395,7.1848,16.1619,38.0,D
1,1582.922009272107,6.8661,16.9441,38.0,D
1,1583.0451581213201,6.4942,17.8564,38.0,D
1,1583.1079173088945,6.3496,18.3372,38.0,D
1,1583.2710112408017,5.9736,19.5866,38.0,D
1,1583.301021952431,5.9269,19.8221,38.0,D
1,1583.494659912375,5.6255,21.3416,38.0,D
1,1583.5019833870456,5.6197,21.3999,38.0,D
1,1583.717069614304,5.451,23.1123,38.0,T
1,1583.8315886249256,14.138,8.2929,38.0,D
1,1586.2964261249256,33.8567,8.2929,38.0,T
1,1586.4525321991216,10.6156,11.1488,38.0,D
1,1589.7964696991216,37.3671,11.1488,38.0,T
1,1589.990715637755,8.3705,14.0046,38.0,D
1,1593.895465637755,39.6085,14.0046,38.0,T
1,1594.1143505372422,6.9002,16.8604,38.0,D
1,1598.3919005372422,41.1206,16.8604,38.0,T
1,1598.627156897657,5.9479,19.7163,38.0,D
1,1603.1392568976569,42.0447,19.7163,38.0,T
1,1603.383603075936,5.5042,22.5721,38.0,D
1,1608.005053075936,42.4758,22.5721,38.0,T
1,1608.2522646182952,5.5042,25.4279,38.0,D
1,1612.8737146182953,42.4758,25.4279,38.0,T
1,1613.1179770520332,5.9479,28.2837,38.0,D
1,1617.6300770520331,42.0447,28.2837,38.0,T
1,1617.8651460296223,6.9002,31.1396,38.0,D
1,1622.1426960296224,41.1206,31.1396,38.0,T
1,1622.3618592051262,8.3704,33.9954,38.0,D
1,1626.2666217051262,39.6085,33.9954,38.0,T
1,1626.460843759331,10.6155,36.8512,38.0,D
1,1629.804793759331,37.3671,36.8512,38.0,T
1,1629.960820431071,14.138,39.7071,38.0,D
1,1632.425632931071,33.8565,39.7071,38.0,T
1,1642.7611777189113,-1000.0,-600.0,1000.0,W
1,1717.6905599594388,-1000.0,-600.0,1000.0,W
1,1783.6691225429497,-1000.0,-600.0,1000.0,T
1,1793.8376722132157,10.9913,24.8577,44.0,D
1,1793.8835431462778,11.0409,25.2213,44.0,D
1,1794.0538707946866,11.2252,26.5714,44.0,D
1,1794.144027017607,11.4162,27.2669,44.0,D
1,1794.2752131925645,11.6942,28.2789,44.0,D
1,1794.4710093465262,12.2966,29.7248,44.0,D
1,1794.504730500866,12.4004,29.9738,44.0,D
1,1794.5572041624139,12.6067,30.3394,44.0,D
1,1794.7400026443552,13.3927,31.5726,44.0,D
1,1794.9745813098652,14.5768,33.0285,44.0,D
1,1794.992213923469,14.6735,33.1312,44.0,D
1,1795.2631557910809,16.3151,34.5466,44.0,D
1,1795.2878353625924,16.4753,34.662,44.0,D
1,1795.4938996646015,17.89,35.5083,44.0,D
1,1795.685340517086,19.2724,36.1675,44.0,D
1,1795.6979283398225,19.3659,36.2049,44.0,D
1,1795.704564909908,19.4168,36.22,44.0,D
1,1795.8913121492617,20.8492,36.6445,44.0,D
1,1795.9701056630333,21.4685,36.762,44.0,D
1,1796.0720519800952,22.2698,36.9139,44.0,D
1,1796.178139651681,23.1157,36.9828,44.0,D
1,1796.2458498821672,23.6556,37.0267,44.0,D
1,1796.353876988864,24.5195,37.0033,44.0,D
1,1796.41828860709,25.0346,36.9892,44.0,D
1,1796.5117227959945,25.7753,36.8888,44.0,D
1,1796.5948754351964,26.4345,36.7995,44.0,D
1,1796.6605099404603,26.9447,36.6754,44.0,D
1,1796.7812163333367,27.883,36.4472,44.0,D
1,1796.8059873156042,28.0701,36.3819,44.0,D
1,1796.8984376891162,28.7684,36.1382,44.0,D
1,1796.9545502392386,29.183,35.9661,44.0,D
1,1796.9724550657527,29.3153,35.9112,44.0,D
1,1797.090471225266,30.1468,35.464,44.0,D
1,1797.2026043074718,30.9368,35.039,44.0,D
1,1797.232624639124,31.1375,34.9071,44.0,D
1,1797.2792862567824,31.4494,34.702,44.0,D
1,1797.3739969560856,32.0433,34.2315,44.0,D
1,1797.460975003783,32.5887,33.7994,44.0,D
1,1797.5206224707242,32.938,33.4743,44.0,D
1,1797.575652695374,33.2602,33.1743,44.0,D
1,1797.6656292426655,33.7333,32.6318,44.0,D
1,1797.798051168366,34.4296,31.8334,44.0,D
1,1797.8233520607664,34.5524,31.6725,44.0,D
1,1797.832957373424,34.599,31.6114,44.0,D
1,1797.9773143014056,35.1918,30.6203,44.0,D
1,1798.0763291045919,35.5984,29.9405,44.0,D
1,1798.1360722331194,35.7915,29.5033,44.0,D
1,1798.3071992039809,36.3444,28.2509,44.0,D
1,1798.3233187040119,36.3805,28.1271,44.0,D
1,1798.497749611268,36.7322,26.7767,44.0,D
1,1798.5221893106577,36.7815,26.5875,44.0,D
1,1798.6901013100241,36.9538,25.2553,44.0,D
1,1798.7394970493394,37.0045,24.8634,44.0,D
1,1798.9553470493395,37.0045,23.1366,44.0,D
1,1799.1369975723226,36.8181,21.6954,44.0,D
1,1799.172629994795,36.7815,21.4127,44.0,D
1,1799.3715006012833,36.3805,19.8731,44.0,D
1,1799.38776260166,36.3441,19.7482,44.0,D
1,1799.6185311233976,35.5983,18.0594,44.0,D
1,1799.8116322970895,34.8054,16.7336,44.0,D
1,1799.8619135824376,34.5989,16.3884,44.0,D
1,1799.8967648736618,34.4297,16.1668,44.0,D
1,1800.119180983198,33.2602,14.8258,44.0,D
1,1800.2338671916377,32.5887,14.2006,44.0,D
1,1800.4155481766431,31.4494,13.2981,44.0,D
1,1800.4922543051873,30.9367,12.9609,44.0,D
1,1800.6300573604192,29.9658,12.4387,44.0,D
1,1800.7224035467239,29.3152,12.0887,44.0,D
1,1800.7963882505906,28.7685,11.8619,44.0,D
1,1800.9136491309494,27.8828,11.5528,44.0,D
1,1800.9638731851962,27.4924,11.4578,44.0,D
1,1801.0999657375733,26.4345,11.2005,44.0,D
1,1801.1964405343144,25.6697,11.0968,44.0,D
1,1801.2765401792888,25.0347,11.0108,44.0,D
1,1801.3860559351472,24.1589,10.9869,44.0,D
1,1801.4489789039264,23.6557,10.9733,44.0,D
1,1801.5514665624823,22.8385,11.0398,44.0,D
1,1801.6227892644256,22.2698,11.0861,44.0,D
1,1801.7039094077702,21.6322,11.207,44.0,D
1,1801.8035290947364,20.8492,11.3555,44.0,D
1,1801.8504604874815,20.4892,11.4621,44.0,D
1,1801.9970158870963,19.3651,11.7953,44.0,D
1,1802.0095015851646,19.2724,11.8325,44.0,D
1,1802.1389535266574,18.3376,12.2782,44.0,D
1,1802.2009424382163,17.89,12.4917,44.0,D
1,1802.2778467659555,17.362,12.8075,44.0,D
1,1802.407000323422,16.4753,13.3379,44.0,D
1,1802.4215227414368,16.3811,13.4059,44.0,D
1,1802.4316872092659,16.3151,13.4534,44.0,D
1,1802.5633998231501,15.5171,14.1415,44.0,D
1,1802.7025843510708,14.6738,14.8686,44.0,D
1,1802.707819359428,14.6451,14.8991,44.0,D
1,1802.7202876441936,14.5767,14.9717,44.0,D
1,1802.8608212922998,13.8673,15.8439,44.0,D
1,1802.95482933052,13.3927,16.4273,44.0,D
1,1803.0112578320175,13.1501,16.808,44.0,D
1,1803.1376278127536,12.6067,17.6605,44.0,D
1,1803.1797181267373,12.4413,17.9538,44.0,D
1,1803.1901293961723,12.4003,18.0263,44.0,D
1,1803.3441793961724,11.9263,19.1639,44.0,D
1,1803.419630358103,11.6942,19.7211,44.0,D
1,1803.5162943646217,11.4894,20.4668,44.0,D
1,1803.640972755893,11.2252,21.4286,44.0,D
1,1803.6986154280748,11.1628,21.8855,44.0,D
1,1803.8571713374768,10.9913,23.1423,44.0,D
1,1804.0715963374766,10.9913,24.8577,44.0,T
1,1804.1516585410714,15.8341,13.8681,44.0,D
1,1806.1935210410713,32.169,13.8681,44.0,T
1,1806.3215848382074,13.1788,16.7629,44.0,D
1,1809.0270973382073,34.8229,16.7629,44.0,T
1,1809.1823171409674,11.7206,19.6578,44.0,D
1,1812.2552671409674,36.3042,19.6578,44.0,T
1,1812.4245865467988,11.0718,22.5526,44.0,D
1,1815.6567365467988,36.929,22.5526,44.0,T
1,1815.8301947913906,11.0718,25.4474,44.0,D
1,1819.0623447913906,36.929,25.4474,44.0,T
1,1819.231505240879,11.7206,28.3422,44.0,D
1,1822.304442740879,36.3041,28.3422,44.0,T
1,1822.4598146883113,13.1788,31.2371,44.0,D
1,1825.1653271883113,34.8229,31.2371,44.0,T
1,1825.2933817587066,15.8341,34.1319,44.0,D
1,1827.3352442587066,32.169,34.1319,44.0,T
1,1837.6231705396733,-1000.0,-600.0,1000.0,W
1,1876.135299529821,-1000.0,-600.0,1000.0,W
1,1902.3681433655772,-1000.0,-600.0,1000.0,W
1,1902.4681433655771,-1000.0,-600.0,1000.0,F
2,0.0,1000.0,-600.0,1000.0,W
2,28.535828582585804,1000.0,-600.0,1000.0,T
2,38.765528197633245,14.0335,24.8248,4.0,D
2,38.94284602051775,14.2826,26.2213,4.0,D
2,38.975579995604804,14.3286,26.4791,4.0,D
2,39.1068413582082,14.6835,27.4674,4.0,D
2,39.19666602248533,14.9264,28.1437,4.0,D
2,39.26319655119208,15.181,28.6111,4.0,D
2,39.419649549325705,15.7796,29.7103,4.0,D
2,39.568333024470896,16.5667,30.6021,4.0,D
2,39.697843255726966,17.2523,31.3789,4.0,D
2,39.71095613703696,17.3307,31.4486,4.0,D
2,39.72363615330272,17.4066,31.5159,4.0,D
2,39.85589673475559,18.2703,32.1271,4.0,D
2,39.98796988801733,19.1328,32.7374,4.0,D
2,39.992157555924415,19.1625,32.7529,4.0,D
2,40.01588624373053,19.3307,32.8409,4.0,D
2,40.146172626604944,20.2902,33.248,4.0,D
2,40.19163611642095,20.625,33.3901,4.0,D
2,40.293843048824044,21.4141,33.6043,4.0,D
2,40.38972749262229,22.1544,33.8052,4.0,D
2,40.4469884918386,22.6094,33.8583,4.0,D
2,40.57586810923891,23.6335,33.9777,4.0,D
2,40.61671147237786,23.96,33.965,4.0,D
2,40.75958181186878,25.1021,33.9206,4.0,D
2,40.824281514824044,25.6102,33.8219,4.0,D
2,40.95052100757988,26.6016,33.6294,4.0,D
2,41.11439685712001,27.8397,33.1983,4.0,D
2,41.15809934024455,28.1699,33.0834,4.0,D
2,41.21243579209779,28.5587,32.889,4.0,D
2,41.381782317840866,29.7124,32.1788,4.0,D
2,41.55370627814018,30.7872,31.3206,4.0,D
2,41.658707380068925,31.3756,30.7211,4.0,D
2,41.812173733262384,32.1443,29.7638,4.0,D
2,42.05127185381125,33.1197,28.1184,4.0,D
2,42.05442108486819,33.1325,28.0967,4.0,D
2,42.05728314815365,33.1409,28.0754,4.0,D
2,42.26381549617994,33.6624,26.5076,4.0,D
2,42.32288000540502,33.7394,26.0414,4.0,D
2,42.47571162128504,33.9387,24.8351,4.0,D
2,42.68449912128504,33.9387,23.1648,4.0,D
2,42.75537159919431,33.8463,22.6054,4.0,D
2,42.896382913567486,33.6624,21.4924,4.0,D
2,42.93246450946484,33.5713,21.2185,4.0,D
2,43.10294292910352,33.1408,19.9244,4.0,D
2,43.105760951459715,33.1326,19.9034,4.0,D
2,43.26324170127537,32.4901,18.8197,4.0,D
2,43.34803179687916,32.1442,18.2362,4.0,D
2,43.40968539065114,31.8354,17.8516,4.0,D
2,43.50149032396766,31.3756,17.2789,4.0,D
2,43.558892166816996,31.0539,16.9512,4.0,D
2,43.60649142659328,30.7872,16.6794,4.0,D
2,43.70148221726532,30.1933,16.2053,4.0,D
2,43.778425155740855,29.7123,15.8212,4.0,D
2,43.842205356920374,29.2778,15.5537,4.0,D
2,43.947778234592626,28.5586,15.1109,4.0,D
2,43.98935791901002,28.2611,14.9621,4.0,D
2,44.0020699703787,28.1701,14.9167,4.0,D
2,44.136680276563816,27.1531,14.5626,4.0,D
2,44.209676022373074,26.6016,14.3706,4.0,D
2,44.28610126055556,26.0014,14.2541,4.0,D
2,44.40060056459275,25.1022,14.0795,4.0,D
2,44.44564707007597,24.7421,14.0655,4.0,D
2,44.584327243947364,23.6335,14.0223,4.0,D
2,44.63066503899633,23.2653,14.0653,4.0,D
2,44.77046786107979,22.1544,14.1948,4.0,D
2,44.87149515395775,21.3744,14.4065,4.0,D
2,44.96855923717086,20.625,14.6099,4.0,D
2,45.14432549930967,19.3306,15.1592,4.0,D
2,45.17220811598207,19.1329,15.2625,4.0,D
2,45.2803020464893,18.427,15.762,4.0,D
2,45.43652442654814,17.4068,16.4839,4.0,D
2,45.46237856064696,17.2522,16.6213,4.0,D
2,45.686275736405165,16.0669,17.9642,4.0,D
2,45.7405546241632,15.7796,18.2898,4.0,D
2,45.96352717327239,14.9264,19.8563,4.0,D
2,46.11367638291483,14.5204,20.9868,4.0,D
2,46.184613200092166,14.3286,21.5209,4.0,D
2,46.38896410731122,14.0415,23.1303,4.0,D
2,46.39467730475223,14.0335,23.1753,4.0,D
2,46.60086480475223,14.0335,24.8248,4.0,T
2,46.65751521227847,17.03,16.8731,4.0,D
2,48.40091521227847,30.9772,16.8731,4.0,T
2,48.50912187549084,14.9985,19.7238,4.0,D
2,50.76257187549084,33.0261,19.7238,4.0,T
2,50.88990157367456,14.1406,22.5746,4.0,D
2,53.35247657367456,33.8412,22.5746,4.0,T
2,53.48518187809839,14.1406,25.4254,4.0,D
2,55.94775687809839,33.8412,25.4254,4.0,T
2,56.074803787265395,14.9986,28.2762,4.0,D
2,58.328253787265396,33.0262,28.2762,4.0,T
2,58.43657596190712,17.0299,31.1269,4.0,D
2,60.18000096190712,30.9773,31.1269,4.0,T
2,70.35478931792362,1000.0,-600.0,1000.0,W
2,124.32980208845171,1000.0,-600.0,1000.0,W
2,190.90916542854563,1000.0,-600.0,1000.0,T
2,201.1437567720632,6.9109,24.8827,10.0,D
2,201.29539727054976,7.0375,26.0892,10.0,D
2,201.3650643471534,7.0956,26.6435,10.0,D
2,201.49461149349403,7.3098,27.6575,10.0,D
2,201.5882303959991,7.4645,28.3903,10.0,D
2,201.6844019045788,7.6992,29.123,10.0,D
2,201.81439637561508,8.0164,30.1134,10.0,D
2,201.86606431931568,8.1809,30.4926,10.0,D
2,202.04455413170004,8.7491,31.8026,10.0,D
2,202.05089906077765,8.7737,31.847,10.0,D
2,202.22007672118602,9.4666,33.0096,10.0,D
2,202.27739821720846,9.7014,33.4035,10.0,D
2,202.38078607463137,10.1909,34.0702,10.0,D
2,202.52408358911174,10.8693,34.9943,10.0,D
2,202.53497608939864,10.927,35.0596,10.0,D
2,202.5612943162101,11.0665,35.2173,10.0,D
2,202.69468500237767,11.8074,35.9853,10.0,D
2,202.77941871486124,12.2781,36.4731,10.0,D
2,202.83918395611818,12.6384,36.7874,10.0,D
2,202.9089879014311,13.0593,37.1544,10.0,D
2,202.9859018194255,13.5427,37.5351,10.0,D
2,203.05617834133182,13.9845,37.8828,10.0,D
2,203.12230554947075,14.4245,38.1765,10.0,D
2,203.1748391414025,14.774,38.4099,10.0,D
2,203.25966193186147,15.3581,38.7553,10.0,D
2,203.3739059094106,16.1448,39.2205,10.0,D
2,203.38797638492673,16.2454,39.271,10.0,D
2,203.39406973427253,16.2889,39.293,10.0,D
2,203.5202929653455,17.215,39.6955,10.0,D
2,203.59216284885903,17.7423,39.9247,10.0,D
2,203.64593291778684,18.1466,40.0716,10.0,D
2,203.76952750327706,19.0759,40.4093,10.0,D
2,203.77363802711838,19.1075,40.4184,10.0,D
2,203.89698642090605,20.0657,40.6542,10.0,D
2,203.92208902286282,20.2607,40.7022,10.0,D
2,204.0229423972486,21.0545,40.8466,10.0,D
2,204.07322709453567,21.4503,40.9185,10.0,D
2,204.1494631475634,22.0561,40.989,10.0,D
2,204.21755610103511,22.5972,41.0519,10.0,D
2,204.2793208184108,23.0907,41.0766,10.0,D
2,204.35815608673184,23.7206,41.108,10.0,D
2,204.4160640862332,24.1838,41.1003,10.0,D
2,204.49803791018024,24.8395,41.0894,10.0,D
2,204.564290557533,25.3677,41.0455,10.0,D
2,204.6401027762052,25.9721,40.9951,10.0,D
2,204.73057874849894,26.688,40.8884,10.0,D
2,204.78742591888806,27.1378,40.8213,10.0,D
2,204.92449199157292,28.21,40.5916,10.0,D
2,204.9432448455224,28.3567,40.5602,10.0,D
2,205.00303782300512,28.8176,40.4322,10.0,D
2,205.10303084776186,29.578,40.1838,10.0,D
2,205.17399432868692,30.1052,39.9732,10.0,D
2,205.29003304124657,30.9673,39.6289,10.0,D
2,205.416499492455,31.8832,39.1991,10.0,D
2,205.49021558635584,32.3996,38.9143,10.0,D
2,205.73260684580274,34.0403,37.8807,10.0,D
2,206.01333947354888,35.7685,36.4464,10.0,D
2,206.02710188272206,35.8469,36.3691,10.0,D
2,206.26511464104607,37.1377,34.9693,10.0,D
2,206.44656584746946,38.02,33.8166,10.0,D
2,206.50617987816904,38.2952,33.4271,10.0,D
2,206.5508339828236,38.4729,33.1172,10.0,D
2,206.74312528690416,39.2383,31.7828,10.0,D
2,206.9163727278124,39.8064,30.5186,10.0,D
2,206.9743304737356,39.9965,30.0957,10.0,D
2,207.18140451619988,40.5182,28.5234,10.0,D
2,207.19726311501094,40.5557,28.4022,10.0,D
2,207.42063895615374,40.9136,26.6514,10.0,D
2,207.44910948916595,40.9366,26.4248,10.0,D
2,207.6425237971456,41.0929,24.8854,10.0,D
2,207.8638737971456,41.0929,23.1146,10.0,D
2,207.90249620806208,41.0617,22.8072,10.0,D
2,208.0857586381487,40.9136,21.3486,10.0,D
2,208.10841760781304,40.8773,21.171,10.0,D
2,208.30925221093835,40.5554,19.5969,10.0,D
2,208.3249803107918,40.5182,19.4767,10.0,D
2,208.5045820377114,40.0657,18.113,10.0,D
2,208.53208201782502,39.9964,17.9042,10.0,D
2,208.68121482619142,39.5073,16.816,10.0,D
2,208.76327067988268,39.2383,16.2172,10.0,D
2,208.85142695890607,38.8873,15.6055,10.0,D
2,209.00023315259858,38.2951,14.5728,10.0,D
2,209.0150665292371,38.2266,14.4759,10.0,D
2,209.05981234084277,38.0201,14.1835,10.0,D
2,209.1840283076355,37.4161,13.3944,10.0,D
2,209.24127347391615,37.1378,13.0307,10.0,D
2,209.33643900404655,36.6216,12.4711,10.0,D
2,209.4792678548611,35.847,11.6311,10.0,D
2,209.49011328160466,35.7853,11.5701,10.0,D
2,209.49312744089872,35.7681,11.5532,10.0,D
2,209.63416989073653,34.9,10.8324,10.0,D
2,209.77229148684845,34.0499,10.1265,10.0,D
2,209.9126259645259,33.1005,9.5273,10.0,D
2,210.01616726063523,32.3997,9.0857,10.0,D
2,210.04509718134892,32.197,8.974,10.0,D
2,210.0899003411147,31.8832,8.8008,10.0,D
2,210.17535055505536,31.2643,8.5105,10.0,D
2,210.2163781105821,30.9672,8.371,10.0,D
2,210.30414934821863,30.3151,8.1106,10.0,D
2,210.40334781484614,29.5781,7.8163,10.0,D
2,210.4269941279837,29.3983,7.7575,10.0,D
2,210.50335660445285,28.8176,7.5678,10.0,D
2,210.55371781224218,28.4294,7.46,10.0,D
2,210.56312214967232,28.3569,7.4399,10.0,D
2,210.6802978004066,27.4403,7.2435,10.0,D
2,210.71895330009616,27.1379,7.1788,10.0,D
2,210.8062084181409,26.4475,7.0758,10.0,D
2,210.86629064955127,25.9721,7.0049,10.0,D
2,210.93402461905697,25.4321,6.9599,10.0,D
2,211.00838042855597,24.8393,6.9106,10.0,D
2,211.0668135634197,24.3719,6.9028,10.0,D
2,211.14823725564898,23.7206,6.892,10.0,D
2,211.2086243209548,23.2381,6.916,10.0,D
2,211.28882475833672,22.5973,6.9481,10.0,D
2,211.36489651106072,21.9928,7.0184,10.0,D
2,211.4331537645672,21.4504,7.0815,10.0,D
2,211.54355962095627,20.5814,7.2395,10.0,D
2,211.58430413362362,20.2607,7.2978,10.0,D
2,211.73270359085393,19.1079,7.5815,10.0,D
2,211.73694809097174,19.0753,7.591,10.0,D
2,211.73867603230465,19.0623,7.5957,10.0,D
2,211.91421770159218,17.7424,8.0753,10.0,D
2,212.08378744434202,16.4983,8.6161,10.0,D
2,212.11237810332796,16.2885,8.7072,10.0,D
2,212.13246367806457,16.145,8.7795,10.0,D
2,212.33156272572992,14.7739,9.5901,10.0,D
2,212.45020273400075,13.9846,10.1172,10.0,D
2,212.59742054722744,13.0592,10.8457,10.0,D
2,212.7269720964511,12.2781,11.5269,10.0,D
2,212.94509649473108,11.0665,12.7827,10.0,D
2,212.98229785769334,10.8693,13.0056,10.0,D
2,213.03406302002526,10.6242,13.3394,10.0,D
2,213.22898322966242,9.7014,14.5964,10.0,D
2,213.45546524881627,8.7738,16.1528,10.0,D
2,213.4617543266501,8.7494,16.1968,10.0,D
2,213.69199581129178,8.0164,17.8866,10.0,D
2,213.77683775625417,7.8094,18.533,10.0,D
2,213.9181617910554,7.4645,19.6097,10.0,D
2,214.05161411224634,7.244,20.6543,10.0,D
2,214.14134007089962,7.0956,21.3566,10.0,D
2,214.29804404789525,6.9649,22.6034,10.0,D
2,214.3626476468662,6.9109,23.1174,10.0,D
2,214.5833101468662,6.9109,24.8827,10.0,T
2,214.69634342704117,14.5444,9.7433,10.0,D
2,217.05864342704118,33.4428,9.7433,10.0,T
2,217.20782550341022,11.2479,12.5947,10.0,D
2,220.3937880034102,36.7356,12.5947,10.0,T
2,220.57837337180231,9.195,15.446,10.0,D
2,224.2784733718023,38.7958,15.446,10.0,T
2,224.48542088533063,7.8849,18.2973,10.0,D
2,228.51567088533062,40.1269,18.2973,10.0,T
2,228.73640693089132,7.1395,21.1487,10.0,D
2,232.9530569308913,40.8727,21.1487,10.0,T
2,233.1802654764006,6.9109,24.0,10.0,D
2,237.4530154764006,41.0929,24.0,10.0,T
2,237.68016821828246,7.1395,26.8513,10.0,D
2,241.89681821828245,40.8727,26.8513,10.0,T
2,242.11755692060314,7.8849,29.7027,10.0,D
2,246.14780692060313,40.1269,29.7027,10.0,T
2,246.35489317884458,9.1951,32.554,10.0,D
2,250.05499317884457,38.7959,32.554,10.0,T
2,250.2396276183538,11.2479,35.4053,10.0,D
2,253.4255901183538,36.7356,35.4053,10.0,T
2,253.57474706793226,14.5445,38.2567,10.0,D
2,255.93712206793225,33.4435,38.2567,10.0,T
2,266.095212620759,1000.0,-600.0,1000.0,W
2,349.7823390589634,1000.0,-600.0,1000.0,W
2,441.86612200163864,1000.0,-600.0,1000.0,T
2,452.09024304785044,3.3898,24.8974,16.0,D
2,452.147957869387,3.4296,25.3574,16.0,D
2,452.31471395295296,3.5444,26.6865,16.0,D
2,452.3634348160405,3.6112,27.0705,16.0,D
2,452.53955373272044,3.8527,28.4586,16.0,D
2,452.5722777730043,3.9196,28.7117,16.0,D
2,452.76508257268847,4.3131,30.2031,16.0,D
2,452.7748245565727,4.3393,30.2765,16.0,D
2,452.90230950666484,4.6825,31.2369,16.0,D
2,452.9858746431229,4.9147,31.8638,16.0,D
2,452.9893625687242,4.9243,31.89,16.0,D
2,453.17644471144496,5.5637,33.2432,16.0,D
2,453.2178947811825,5.7054,33.543,16.0,D
2,453.3612353639086,6.2822,34.5341,16.0,D
2,453.44838348584045,6.633,35.1366,16.0,D
2,453.5396224038319,7.0521,35.7342,16.0,D
2,453.6810372379636,7.7016,36.6605,16.0,D
2,453.7106537689261,7.8533,36.8425,16.0,D
2,453.80343569402464,8.3285,37.4127,16.0,D
2,453.8879515218692,8.7724,37.9227,16.0,D
2,453.9138049669974,8.9082,38.0787,16.0,D
2,454.04806036726126,9.6774,38.8283,16.0,D
2,454.1566722227663,10.2997,39.4347,16.0,D
2,454.1987148536604,10.5586,39.6494,16.0,D
2,454.2706029720285,11.0013,40.0165,16.0,D
2,454.35406296431523,11.526,40.4294,16.0,D
2,454.40243349059415,11.8301,40.6687,16.0,D
2,454.4926104944879,12.4298,41.0697,16.0,D
2,454.5934377609204,13.1003,41.5181,16.0,D
2,454.63065046246504,13.3523,41.6766,16.0,D
2,454.65985216671754,13.5501,41.8009,16.0,D
2,454.75612730385717,14.2303,42.1622,16.0,D
2,454.8312876958948,14.7613,42.4443,16.0,D
2,454.88010173716367,15.1115,42.6171,16.0,D
2,454.93912920163996,15.535,42.826,16.0,D
2,454.99059298745095,15.9156,42.983,16.0,D
2,455.01867194977154,16.1232,43.0688,16.0,D
2,455.1038841114622,16.7608,43.31,16.0,D
2,455.1845990003071,17.3647,43.5386,16.0,D
2,455.2069767131315,17.5341,43.5965,16.0,D
2,455.25570074788334,17.903,43.7224,16.0,D
2,455.3021016587715,18.2604,43.8227,16.0,D
2,455.31533134248843,18.3623,43.8513,16.0,D
2,455.3996337686842,19.0168,44.014,16.0,D
2,455.4395612419952,19.3268,44.091,16.0,D
2,455.490716033132,19.7269,44.177,16.0,D
2,455.5511014540753,20.1992,44.2785,16.0,D
2,455.57677831622783,20.4014,44.3147,16.0,D
2,455.6530284186868,21.0018,44.4225,16.0,D
2,455.65917671621537,21.0505,44.4294,16.0,D
2,455.71475000819316,21.4906,44.4924,16.0,D
2,455.74251818354736,21.7113,44.5177,16.0,D
2,455.74273105087696,21.713,44.5178,16.0,D
2,455.74294501641157,21.7147,44.518,16.0,D
2,455.8265552738938,22.3812,44.5744,16.0,D
2,455.8338051445823,22.439,44.5792,16.0,D
2,455.9098782108164,23.0467,44.612,16.0,D
2,455.92163301036805,23.1406,44.6171,16.0,D
2,455.9937149743483,23.7171,44.6305,16.0,D
2,456.00764376647106,23.8285,44.6331,16.0,D
2,456.07955846637657,24.4038,44.6286,16.0,D
2,456.09334632901914,24.5141,44.6278,16.0,D
2,456.16902787399545,25.1191,44.6044,16.0,D
2,456.180086044052,25.2075,44.601,16.0,D
2,456.2640499741798,25.8776,44.5545,16.0,D
2,456.2642753211345,25.8794,44.5544,16.0,D
2,456.2694247294743,25.9205,44.5516,16.0,D
2,456.34803640660465,26.5463,44.4893,16.0,D
2,456.357067689044,26.618,44.4804,16.0,D
2,456.4550446035762,27.3918,44.3555,16.0,D
2,456.48089768003723,27.5947,44.3154,16.0,D
2,456.5614453105502,28.2269,44.1907,16.0,D
2,456.6297473568684,28.7592,44.0673,16.0,D
2,456.6788923019289,29.1422,43.9785,16.0,D
2,456.8041044431633,30.1105,43.722,16.0,D
2,456.9532205142497,31.2329,43.3179,16.0,D
2,457.1226082762228,32.4929,42.8192,16.0,D
2,457.1397597931018,32.615,42.7566,16.0,D
2,457.3448401877797,34.0749,42.008,16.0,D
2,457.395636625893,34.4311,41.8124,16.0,D
2,457.619523656907,35.9335,40.8373,16.0,D
2,457.65398792282116,36.1607,40.6811,16.0,D
2,457.7446910210662,36.7249,40.2248,16.0,D
2,457.90435749375223,37.7181,39.4216,16.0,D
2,457.9927036612554,38.2304,38.9347,16.0,D
2,458.1419121945444,39.0757,38.0919,16.0,D
2,458.2566216985643,39.6704,37.393,16.0,D
2,458.37892249578164,40.3044,36.6478,16.0,D
2,458.60953178454184,41.3783,35.1477,16.0,D
2,458.83897433896726,42.2888,33.5539,16.0,D
2,458.9044130149357,42.5091,33.079,16.0,D
2,459.06693365064467,43.0561,31.8995,16.0,D
2,459.1812872886771,43.3686,31.0397,16.0,D
2,459.29353707222367,43.6753,30.1957,16.0,D
2,459.44087198036243,43.9808,29.0573,16.0,D
2,459.51904046825877,44.1428,28.4533,16.0,D
2,459.68689176638077,44.3766,27.131,16.0,D
2,459.74374999192906,44.4559,26.6831,16.0,D
2,459.92205871472464,44.5807,25.2621,16.0,D
2,459.96797297755495,44.6129,24.8962,16.0,D
2,460.19203547755495,44.6129,23.1037,16.0,D
2,460.3666559521742,44.4906,21.7121,16.0,D
2,460.4162335586362,44.4559,21.317,16.0,D
2,460.57836152940695,44.23,20.0398,16.0,D
2,460.6409676992307,44.1428,19.5466,16.0,D
2,460.7838482459297,43.8466,18.4426,16.0,D
2,460.86647109480487,43.6753,17.8042,16.0,D
2,460.9833792618902,43.3558,16.9252,16.0,D
2,461.09307451660186,43.0561,16.1004,16.0,D
2,461.1769185952911,42.7739,15.4919,16.0,D
2,461.32101722904594,42.2889,14.4461,16.0,D
2,461.364167363026,42.1176,14.1464,16.0,D
2,461.5505388552801,41.378,12.8518,16.0,D
2,461.7338789252321,40.5242,11.6592,16.0,D
2,461.7810754955524,40.3044,11.3522,16.0,D
2,461.90331391077547,39.6707,10.6074,16.0,D
2,462.018095317153,39.0757,9.908,16.0,D
2,462.06458764178836,38.8123,9.6454,16.0,D
2,462.1672950249821,38.2304,9.0653,16.0,D
2,462.2303627279389,37.8647,8.7177,16.0,D
2,462.2556235208055,37.7182,8.5785,16.0,D
2,462.3803593078215,36.9423,7.951,16.0,D
2,462.5060106713487,36.1607,7.3189,16.0,D
2,462.5190994189015,36.0744,7.2596,16.0,D
2,462.540474937901,35.9335,7.1627,16.0,D
2,462.6653543303413,35.0955,6.6188,16.0,D
2,462.7643687745212,34.4311,6.1875,16.0,D
2,462.79054409985343,34.2475,6.0868,16.0,D
2,462.81513126939876,34.0751,5.9921,16.0,D
2,462.9215511571078,33.3175,5.6037,16.0,D
2,463.03736318152664,32.4931,5.1809,16.0,D
2,463.1504523637016,31.6519,4.8479,16.0,D
2,463.20679501240136,31.2328,4.682,16.0,D
2,463.25841021425606,30.8443,4.5421,16.0,D
2,463.35491563265964,30.118,4.2803,16.0,D
2,463.4536528549342,29.3545,4.0778,16.0,D
2,463.48110764162976,29.1422,4.0215,16.0,D
2,463.54772980385826,28.623,3.9011,16.0,D
2,463.59854245607204,28.227,3.8093,16.0,D
2,463.6361135594961,27.9321,3.7512,16.0,D
2,463.7049897981419,27.3915,3.6446,16.0,D
2,463.7202872652525,27.2707,3.625,16.0,D
2,463.8029563694042,26.6178,3.5196,16.0,D
2,463.8120000567744,26.546,3.5107,16.0,D
2,463.88655446853187,25.9525,3.4516,16.0,D
2,463.8868057154224,25.9505,3.4514,16.0,D
2,463.89078711749954,25.9188,3.4483,16.0,D
2,463.9700639002373,25.2861,3.4045,16.0,D
2,463.97987464848853,25.2078,3.3991,16.0,D
2,464.0535048265747,24.6192,3.3763,16.0,D
2,464.0666268560004,24.5143,3.3723,16.0,D
2,464.1381290685973,23.9423,3.3678,16.0,D
2,464.152267016203,23.8292,3.3669,16.0,D
2,464.2255870179505,23.2428,3.3806,16.0,D
2,464.2384027431543,23.1403,3.3829,16.0,D
2,464.31755577235253,22.508,3.4171,16.0,D
2,464.3261681997833,22.4392,3.4208,16.0,D
2,464.41618747896837,21.7216,3.4814,16.0,D
2,464.4164636129938,21.7194,3.4816,16.0,D
2,464.41729201507013,21.7128,3.4822,16.0,D
2,464.4452354764028,21.4907,3.5076,16.0,D
2,464.5069694343392,21.0018,3.5775,16.0,D
2,464.5178781249687,20.9159,3.5929,16.0,D
2,464.6088840931796,20.1993,3.7215,16.0,D
2,464.6535687976376,19.8498,3.7966,16.0,D
2,464.72042167949394,19.3269,3.9089,16.0,D
2,464.8183637191143,18.5665,4.0979,16.0,D
2,464.8446667251212,18.3623,4.1487,16.0,D
2,464.9042852847839,17.9031,4.2776,16.0,D
2,464.97542655818586,17.3645,4.4615,16.0,D
2,465.05242241947883,16.7884,4.6795,16.0,D
2,465.1413374930744,16.1231,4.9312,16.0,D
2,465.22086391360557,15.535,5.1739,16.0,D
2,465.32871095010285,14.7613,5.5557,16.0,D
2,465.5001354401305,13.5502,6.1991,16.0,D
2,465.56657101042236,13.1002,6.4819,16.0,D
2,465.75756488998724,11.8301,7.3313,16.0,D
2,465.889405231997,11.0012,7.9835,16.0,D
2,466.0033263594548,10.2997,8.5653,16.0,D
2,466.14601467471743,9.4822,9.362,16.0,D
2,466.2462112915827,8.9081,9.9214,16.0,D
2,466.3565535007549,8.3285,10.5872,16.0,D
2,466.47897116249635,7.7016,11.3396,16.0,D
2,466.5397520509914,7.4224,11.7377,16.0,D
2,466.71160444586855,6.633,12.8633,16.0,D
2,466.8667985863829,6.0084,13.9363,16.0,D
2,466.94209314959966,5.7054,14.4569,16.0,D
2,467.16104158031453,4.9571,16.0406,16.0,D
2,467.17068721566164,4.9242,16.1104,16.0,D
2,467.25768902778356,4.6825,16.7631,16.0,D
2,467.39494370951155,4.313,17.7971,16.0,D
2,467.40854511109376,4.2852,17.9023,16.0,D
2,467.6204299102772,3.8528,19.5413,16.0,D
2,467.65910375681784,3.7997,19.8461,16.0,D
2,467.84527183359927,3.5444,21.3134,16.0,D
2,467.8987315292821,3.5077,21.7395,16.0,D
2,468.0697676480005,3.3898,23.1027,16.0,D
2,468.2941051480005,3.3898,24.8974,16.0,T
2,468.4347166238479,13.3666,6.3145,16.0,D
2,471.0922291238479,34.6267,6.3145,16.0,T
2,471.260328315433,9.5847,9.2621,16.0,D
2,474.865715815433,38.4278,9.2621,16.0,T
2,475.07554731510413,7.0914,12.2097,16.0,D
2,479.30390981510413,40.9183,12.2097,16.0,T
2,479.5416818323989,5.3745,15.1572,16.0,D
2,484.19720683239893,42.6187,15.1572,16.0,T
2,484.4538728442916,4.2318,18.1048,16.0,D
2,489.3943978442916,43.756,18.1048,16.0,T
2,489.6628925757276,3.5898,21.0524,16.0,D
2,494.7653050757276,44.4091,21.0524,16.0,T
2,495.0394722038529,3.3898,24.0,16.0,D
2,500.1923597038529,44.6129,24.0,16.0,T
2,500.4665521001629,3.5898,26.9476,16.0,D
2,505.56896460016293,44.4091,26.9476,16.0,T
2,505.8375324683163,4.2319,29.8952,16.0,D
2,510.77803246831627,43.7559,29.8952,16.0,T
2,511.03466192117867,5.3745,32.8428,16.0,D
2,515.6901869211787,42.6187,32.8428,16.0,T
2,515.927848650542,7.0915,35.7903,16.0,D
2,520.156186150542,40.9182,35.7903,16.0,T
2,520.3659984018536,9.5847,38.7379,16.0,D
2,523.9713859018536,38.4278,38.7379,16.0,T
2,524.1396128786109,13.3665,41.6855,16.0,D
2,526.797125378611,34.6266,41.6855,16.0,T
2,536.9338837522788,1000.0,-600.0,1000.0,W
2,639.0109284051123,1000.0,-600.0,1000.0,W
2,743.399192667194,1000.0,-600.0,1000.0,T
2,753.6044928716535,1.8279,24.9015,22.0,D
2,753.7071798725652,1.8944,25.7203,22.0,D
2,753.8298829446794,1.9739,26.6987,22.0,D
2,753.9294516372049,2.1025,27.4848,22.0,D
2,754.055289361328,2.265,28.4783,22.0,D
2,754.149320560439,2.4462,29.2084,22.0,D
2,754.2807538336712,2.6995,30.2289,22.0,D
2,754.3667047862546,2.9185,30.8807,22.0,D
2,754.5063158156586,3.2743,31.9394,22.0,D
2,754.5813804232477,3.511,32.4913,22.0,D
2,754.7319790640947,3.986,33.5985,22.0,D
2,754.793061187349,4.2142,34.0306,22.0,D
2,754.9577219774031,4.8296,35.1953,22.0,D
2,755.0012616234886,5.0167,35.4891,22.0,D
2,755.183649733881,5.8002,36.72,22.0,D
2,755.205467419511,5.9055,36.8592,22.0,D
2,755.4096866988715,6.8912,38.1621,22.0,D
2,755.4247812808879,6.9716,38.2522,22.0,D
2,755.6168461340301,8.0019,39.3921,22.0,D
2,755.6358113530177,8.1037,39.5046,22.0,D
2,755.8090517392048,9.1128,40.4546,22.0,D
2,755.8638686004908,9.4321,40.7552,22.0,D
2,755.9942151272235,10.2463,41.4067,22.0,D
2,756.0923683850973,10.8594,41.8973,22.0,D
2,756.1702258078728,11.3753,42.2463,22.0,D
2,756.3212846048899,12.3762,42.9235,22.0,D
2,756.3338509911048,12.4637,42.973,22.0,D
2,756.3782279347242,12.7727,43.1478,22.0,D
2,756.5072038197037,13.6751,43.6481,22.0,D
2,756.5517979967339,13.9871,43.8211,22.0,D
2,756.654942557,14.738,44.1632,22.0,D
2,756.7857819295384,15.6905,44.5972,22.0,D
2,756.9211392719926,16.7112,44.9588,22.0,D
2,757.0246588896987,17.4918,45.2354,22.0,D
2,757.1333601754834,18.3332,45.4551,22.0,D
2,757.1893163315902,18.7663,45.5683,22.0,D
2,757.2242839058556,19.0377,45.6361,22.0,D
2,757.2761077058899,19.4399,45.7367,22.0,D
2,757.291617324881,19.5621,45.7582,22.0,D
2,757.2967447176152,19.6025,45.7653,22.0,D
2,757.36754110369,20.1611,45.8588,22.0,D
2,757.3892643810958,20.3325,45.8875,22.0,D
2,757.4309824321199,20.6622,45.9393,22.0,D
2,757.4632082224515,20.9169,45.9792,22.0,D
2,757.4852400212035,21.0913,46.0047,22.0,D
2,757.5241363999713,21.3992,46.0497,22.0,D
2,757.5322190395464,21.4633,46.0582,22.0,D
2,757.5324454241749,21.4651,46.0584,22.0,D
2,757.5690448713189,21.7553,46.0973,22.0,D
2,757.6093226102078,22.0767,46.1203,22.0,D
2,757.6095479571625,22.0785,46.1204,22.0,D
2,757.6113905945386,22.0932,46.1215,22.0,D
2,757.6481267420129,22.3865,46.1401,22.0,D
2,757.6484153269224,22.3888,46.1403,22.0,D
2,757.6520356255979,22.4177,46.1422,22.0,D
2,757.6835578598144,22.6695,46.156,22.0,D
2,757.6886527868256,22.7102,46.1582,22.0,D
2,757.7165075580731,22.9328,46.1685,22.0,D
2,757.7225757384017,22.9813,46.1706,22.0,D
2,757.7476807491067,23.182,46.1781,22.0,D
2,757.7543724650675,23.2355,46.18,22.0,D
2,757.7775309003557,23.4207,46.185,22.0,D
2,757.7847586679917,23.4785,46.1866,22.0,D
2,757.8064616955743,23.6521,46.1895,22.0,D
2,757.8140629393048,23.7129,46.1906,22.0,D
2,757.8351009740574,23.8812,46.1918,22.0,D
2,757.8427887281182,23.9427,46.1923,22.0,D
2,757.8637262878196,24.1102,46.1919,22.0,D
2,757.8714138284699,24.1717,46.1917,22.0,D
2,757.8928529355526,24.3432,46.1896,22.0,D
2,757.9004534392366,24.404,46.1889,22.0,D
2,757.9227840376387,24.5826,46.1849,22.0,D
2,757.9300983429714,24.6411,46.1836,22.0,D
2,757.9543357366019,24.8349,46.1774,22.0,D
2,757.954573236602,24.8368,46.1774,22.0,D
2,757.9612391245773,24.8901,46.1757,22.0,D
2,757.9878243912913,25.1026,46.1669,22.0,D
2,757.9939420016294,25.1515,46.1649,22.0,D
2,758.0242560170554,25.3937,46.1526,22.0,D
2,758.0244685170554,25.3954,46.1526,22.0,D
2,758.0292743891147,25.4338,46.1507,22.0,D
2,758.0643872428865,25.7142,46.1339,22.0,D
2,758.0648629003263,25.718,46.1337,22.0,D
2,758.0679553558635,25.7427,46.1323,22.0,D
2,758.1089743301316,26.0701,46.1101,22.0,D
2,758.1310993795665,26.2466,46.0968,22.0,D
2,758.1488162368288,26.3872,46.0789,22.0,D
2,758.1538649990533,26.4272,46.0733,22.0,D
2,758.204821053956,26.8309,46.0167,22.0,D
2,758.2301557664322,27.0313,45.9864,22.0,D
2,758.2717634617841,27.3604,45.9365,22.0,D
2,758.3302694710908,27.8224,45.8615,22.0,D
2,758.3540643825742,28.0103,45.831,22.0,D
2,758.4248246755534,28.5682,45.7351,22.0,D
2,758.445334417903,28.7276,45.6962,22.0,D
2,758.4822883271178,29.014,45.6229,22.0,D
2,758.5870046343483,29.8256,45.4153,22.0,D
2,758.6750640824856,30.5064,45.2342,22.0,D
2,758.7755467504562,31.2655,44.9697,22.0,D
2,758.914041152983,32.3081,44.5948,22.0,D
2,759.084807576516,33.554,44.0344,22.0,D
2,759.1475667902321,34.01,43.8243,22.0,D
2,759.2042975716695,34.4059,43.6024,22.0,D
2,759.378710233373,35.623,42.9201,22.0,D
2,759.589115611453,37.0212,41.9829,22.0,D
2,759.6092790220029,37.1552,41.8931,22.0,D
2,759.6646216508029,37.5021,41.618,22.0,D
2,759.8356838822605,38.5675,40.7591,22.0,D
2,759.8767102495442,38.8056,40.5332,22.0,D
2,760.0627442551722,39.8854,39.509,22.0,D
2,760.1541751383915,40.3738,38.9645,22.0,D
2,760.2895542415149,41.0971,38.1584,22.0,D
2,760.4187423244841,41.7229,37.3359,22.0,D
2,760.5160771477105,42.1944,36.7162,22.0,D
2,760.6738674377317,42.8752,35.6532,22.0,D
2,760.7423499993806,43.1706,35.1918,22.0,D
2,760.92183326897,43.8445,33.9239,22.0,D
2,760.9683575989625,44.0191,33.5952,22.0,D
2,761.1642066499718,44.6398,32.1566,22.0,D
2,761.1941954734107,44.7348,31.9363,22.0,D
2,761.4020183114994,45.2673,30.3613,22.0,D
2,761.4197746131977,45.3127,30.2267,22.0,D
2,761.6360891198339,45.7318,28.5477,22.0,D
2,761.6452903171065,45.7497,28.4763,22.0,D
2,761.8669170828214,46.0375,26.7268,22.0,D
2,761.8707188094028,46.0425,26.6968,22.0,D
2,762.0949263200096,46.1886,24.9091,22.0,D
2,762.0959675032307,46.1893,24.9008,22.0,D
2,762.3212050032307,46.1893,23.0989,22.0,D
2,762.543357108358,46.0444,21.3276,22.0,D
2,762.5465678569078,46.0423,21.302,22.0,D
2,762.7640681575541,45.7597,19.5851,22.0,D
2,762.7718709715497,45.7496,19.5235,22.0,D
2,762.9824616427136,45.3417,17.8889,22.0,D
2,762.9973048229658,45.3129,17.7737,22.0,D
2,763.1984867699224,44.7975,16.249,22.0,D
2,763.2229630147834,44.7348,16.0635,22.0,D
2,763.4119250318828,44.1359,14.6755,22.0,D
2,763.4487615054009,44.0192,14.4049,22.0,D
2,763.622524185244,43.3668,13.1774,22.0,D
2,763.6747860080691,43.1706,12.8082,22.0,D
2,763.8298372279329,42.5017,11.7636,22.0,D
2,763.9010588593468,42.1944,11.2838,22.0,D
2,764.0333145592476,41.5537,10.4418,22.0,D
2,764.1275893346716,41.097,9.8416,22.0,D
2,764.2321207900152,40.5386,9.2191,22.0,D
2,764.3543733213029,39.8855,8.4911,22.0,D
2,764.4250997539942,39.475,8.1017,22.0,D
2,764.5814513654545,38.5675,7.2409,22.0,D
2,764.6106638306877,38.3855,7.0943,22.0,D
2,764.7525038693316,37.5022,6.382,22.0,D
2,764.8033896805293,37.1832,6.1291,22.0,D
2,764.807901210896,37.1549,6.1067,22.0,D
2,764.9787563286128,36.0195,5.3457,22.0,D
2,765.038424930333,35.623,5.0799,22.0,D
2,765.1424285270256,34.8972,4.6731,22.0,D
2,765.2695901810333,34.0098,4.1757,22.0,D
2,765.2901327625715,33.8606,4.1068,22.0,D
2,765.3322987607958,33.5542,3.9657,22.0,D
2,765.4456506051787,32.7272,3.5937,22.0,D
2,765.5030982403019,32.3081,3.4051,22.0,D
2,765.5726241797058,31.7847,3.2169,22.0,D
2,765.6415766508816,31.2656,3.0303,22.0,D
2,765.6973127435976,30.8445,2.8837,22.0,D
2,765.7420829293383,30.5063,2.7658,22.0,D
2,765.7974844311793,30.078,2.6518,22.0,D
2,765.8301182183102,29.8257,2.5847,22.0,D
2,765.8983475569868,29.2969,2.4494,22.0,D
2,765.9717611169144,28.7279,2.3039,22.0,D
2,765.9808199523804,28.6575,2.2867,22.0,D
2,765.9923223977726,28.5681,2.2649,22.0,D
2,766.0486236105703,28.1242,2.1886,22.0,D
2,766.0630436162048,28.0105,2.1691,22.0,D
2,766.1178279732901,27.5779,2.0988,22.0,D
2,766.1454102366127,27.3601,2.0634,22.0,D
2,766.1763596535095,27.1153,2.0263,22.0,D
2,766.2122395399363,26.8315,1.9833,22.0,D
2,766.2267034821721,26.7169,1.9673,22.0,D
2,766.2681807293234,26.3883,1.9212,22.0,D
2,766.2709017413134,26.3667,1.9185,22.0,D
2,766.271152988204,26.3647,1.9183,22.0,D
2,766.2860992460969,26.2461,1.9031,22.0,D
2,766.3048899103347,26.0962,1.8918,22.0,D
2,766.3464984224597,25.7641,1.8692,22.0,D
2,766.3468493141809,25.7613,1.869,22.0,D
2,766.3495558167673,25.7397,1.8675,22.0,D
2,766.3834274148437,25.4692,1.8515,22.0,D
2,766.3837401647438,25.4667,1.8514,22.0,D
2,766.3880731234616,25.4321,1.8493,22.0,D
2,766.4175481817737,25.1966,1.8374,22.0,D
2,766.4231424450182,25.1519,1.8352,22.0,D
2,766.4495653517471,24.9407,1.8264,22.0,D
2,766.449827851747,24.9386,1.8264,22.0,D
2,766.4560838988217,24.8886,1.8242,22.0,D
2,766.4799207007255,24.698,1.8182,22.0,D
2,766.4869742902373,24.6416,1.8164,22.0,D
2,766.5093923667883,24.4623,1.8124,22.0,D
2,766.5167441629125,24.4035,1.8111,22.0,D
2,766.5379957841741,24.2335,1.809,22.0,D
2,766.54565878375,24.1722,1.8083,22.0,D
2,766.5665588772008,24.005,1.8078,22.0,D
2,766.5742463873634,23.9435,1.8077,22.0,D
2,766.5954470101432,23.7739,1.809,22.0,D
2,766.6030971735402,23.7127,1.8094,22.0,D
2,766.6248756211719,23.5385,1.8125,22.0,D
2,766.625125621172,23.5365,1.8125,22.0,D
2,766.6324639835574,23.4778,1.8134,22.0,D
2,766.6555477880803,23.2932,1.8185,22.0,D
2,766.6627502290728,23.2356,1.82,22.0,D
2,766.6879796916364,23.0339,1.8274,22.0,D
2,766.6944590458673,22.9821,1.8293,22.0,D
2,766.7228513230964,22.7552,1.8397,22.0,D
2,766.728382555441,22.711,1.8418,22.0,D
2,766.7610315241269,22.4502,1.8561,22.0,D
2,766.7652999584125,22.4161,1.8579,22.0,D
2,766.8034146803877,22.1118,1.8773,22.0,D
2,766.8056821473115,22.0937,1.8785,22.0,D
2,766.8480527683979,21.7556,1.9027,22.0,D
2,766.8929099619403,21.3999,1.9502,22.0,D
2,766.906894847755,21.2892,1.9664,22.0,D
2,766.9539017903938,20.9171,2.0208,22.0,D
2,766.9936943658633,20.6026,2.0701,22.0,D
2,767.0278703282675,20.3325,2.1125,22.0,D
2,767.1110480117604,19.6762,2.2223,22.0,D
2,767.1202872369038,19.6033,2.2345,22.0,D
2,767.1410516897017,19.4397,2.2633,22.0,D
2,767.2278188097704,18.7663,2.4317,22.0,D
2,767.3885500397204,17.5222,2.7567,22.0,D
2,767.3923731806084,17.4926,2.7644,22.0,D
2,767.6314158353402,15.69,3.4029,22.0,D
2,767.6364559556265,15.6533,3.4196,22.0,D
2,767.8653377117392,13.9871,4.1789,22.0,D
2,768.0389077736919,12.7727,4.8522,22.0,D
2,768.0958061548749,12.3765,5.0763,22.0,D
2,768.122546927232,12.1994,5.1963,22.0,D
2,768.3247674504238,10.8594,6.1027,22.0,D
2,768.4498313996908,10.0782,6.7278,22.0,D
2,768.5532672350248,9.4321,7.2448,22.0,D
2,768.7455195322315,8.3123,8.2991,22.0,D
2,768.7813244834429,8.1037,8.4954,22.0,D
2,768.9923545527606,6.9716,9.7478,22.0,D
2,769.0075114097073,6.8909,9.8383,22.0,D
2,769.2335033855051,5.8001,11.2801,22.0,D
2,769.2588487037365,5.6913,11.4512,22.0,D
2,769.4594138871869,4.8296,12.8047,22.0,D
2,769.5079878015468,4.6481,13.1483,22.0,D
2,769.6851847435352,3.9859,14.4017,22.0,D
2,769.7517538288902,3.7759,14.8911,22.0,D
2,769.9108200891601,3.2743,16.0606,22.0,D
2,769.9910868261219,3.0698,16.6693,22.0,D
2,770.136382071334,2.6995,17.7711,22.0,D
2,770.2267812944017,2.5253,18.473,22.0,D
2,770.361858675581,2.265,19.5218,22.0,D
2,770.4592860748329,2.1392,20.291,22.0,D
2,770.5872650922781,1.9739,21.3014,22.0,D
2,770.688948292095,1.9081,22.1122,22.0,D
2,770.8126427070104,1.8279,23.0985,22.0,D
2,771.0380177070103,1.8279,24.9015,22.0,T
2,771.1912930861813,12.927,4.7667,22.0,D
2,773.9584430861813,35.0642,4.7667,22.0,T
2,774.133841183352,8.9214,7.7256,22.0,D
2,777.9034786833521,39.0785,7.7256,22.0,T
2,778.123218600265,6.2506,10.6846,22.0,D
2,782.559206100265,41.7385,10.6846,22.0,T
2,782.8090002426578,4.3864,13.6436,22.0,D
2,787.7125252426578,43.6146,13.6436,22.0,T
2,787.9833938522792,3.0922,16.6026,22.0,D
2,793.2114938522792,44.917,16.6026,22.0,T
2,793.4965671536878,2.2585,19.5615,22.0,D
2,798.9337296536878,45.7558,19.5615,22.0,T
2,799.226933342145,1.8749,22.5205,22.0,D
2,804.760320842145,46.142,22.5205,22.0,T
2,805.0560940793717,1.8748,25.4795,22.0,D
2,810.5894940793718,46.142,25.4795,22.0,T
2,810.8827150618899,2.2585,28.4385,22.0,D
2,816.31989006189,45.7559,28.4385,22.0,T
2,816.6049979468817,3.0922,31.3974,22.0,D
2,821.8330979468817,44.917,31.3974,22.0,T
2,822.1040217429319,4.3863,34.3564,22.0,D
2,827.0075592429318,43.6146,34.3564,22.0,T
2,827.2574324709674,6.2506,37.3154,22.0,D
2,831.6934199709674,41.7385,37.3154,22.0,T
2,831.9130888426649,8.9213,40.2744,22.0,D
2,835.6827388426649,39.0785,40.2744,22.0,T
2,835.8581945719922,12.927,43.2333,22.0,D
2,838.6253570719922,35.0643,43.2333,22.0,T
2,848.7387892476537,1000.0,-600.0,1000.0,W
2,954.6824988961935,1000.0,-600.0,1000.0,W
2,1060.9551351335085,1000.0,-600.0,1000.0,T
2,1071.1349264998942,1.8279,24.9015,28.0,D
2,1071.2586074433789,1.908,25.8877,28.0,D
2,1071.3603041139856,1.9739,26.6986,28.0,D
2,1071.4882707954403,2.1392,27.7089,28.0,D
2,1071.5857105308219,2.265,28.4782,28.0,D
2,1071.7207757800998,2.5253,29.5269,28.0,D
2,1071.8111871351664,2.6995,30.2289,28.0,D
2,1071.9564665496794,3.0697,31.3306,28.0,D
2,1072.0367491170587,3.2743,31.9394,28.0,D
2,1072.1958153773285,3.7759,33.1089,28.0,D
2,1072.2623844626835,3.9859,33.5983,28.0,D
2,1072.4395814046718,4.6481,34.8517,28.0,D
2,1072.4881553190319,4.8296,35.1953,28.0,D
2,1072.6887137896988,5.6912,36.5488,28.0,D
2,1072.7140658174776,5.8001,36.7199,28.0,D
2,1072.9400677619522,6.8909,38.1618,28.0,D
2,1072.95521529166,6.9716,38.2522,28.0,D
2,1073.1662453609777,8.1037,39.5046,28.0,D
2,1073.2020326426746,8.3122,39.7008,28.0,D
2,1073.3943026095344,9.4321,40.7552,28.0,D
2,1073.4977384448684,10.0782,41.2722,28.0,D
2,1073.6228023941353,10.8594,41.8973,28.0,D
2,1073.8249397843708,12.1988,42.8034,28.0,D
2,1073.8517636834629,12.3765,42.9237,28.0,D
2,1073.908662064646,12.7727,43.1478,28.0,D
2,1074.082215133349,13.987,43.821,28.0,D
2,1074.3111475715268,15.6536,44.5804,28.0,D
2,1074.3162321837294,15.6906,44.5973,28.0,D
2,1074.5552235342527,17.4928,45.2357,28.0,D
2,1074.5590072369696,17.5221,45.2433,28.0,D
2,1074.7197505610923,18.7663,45.5683,28.0,D
2,1074.8065176811608,19.4397,45.7367,28.0,D
2,1074.8272821339588,19.6033,45.7655,28.0,D
2,1074.836521359102,19.6762,45.7777,28.0,D
2,1074.919699042595,20.3325,45.8875,28.0,D
2,1074.9538483700044,20.6024,45.9298,28.0,D
2,1074.9936675805848,20.9171,45.9792,28.0,D
2,1075.0406621547397,21.2891,46.0336,28.0,D
2,1075.0546594089346,21.3999,46.0498,28.0,D
2,1075.0995042124937,21.7555,46.0973,28.0,D
2,1075.1418873016921,22.0937,46.1215,28.0,D
2,1075.1441547686159,22.1118,46.1227,28.0,D
2,1075.1822694905911,22.4161,46.1421,28.0,D
2,1075.1864131038997,22.4492,46.1439,28.0,D
2,1075.2191868858183,22.711,46.1582,28.0,D
2,1075.2247181181629,22.7552,46.1603,28.0,D
2,1075.2531103953918,22.9821,46.1707,28.0,D
2,1075.2595897496228,23.0339,46.1726,28.0,D
2,1075.2848192121864,23.2356,46.18,28.0,D
2,1075.2918467139652,23.2918,46.1815,28.0,D
2,1075.3151054522425,23.4778,46.1866,28.0,D
2,1075.3224438146278,23.5365,46.1875,28.0,D
2,1075.3226938146279,23.5385,46.1875,28.0,D
2,1075.3444722622596,23.7127,46.1906,28.0,D
2,1075.3520974261924,23.7737,46.191,28.0,D
2,1075.3733230482385,23.9435,46.1923,28.0,D
2,1075.3810105584012,24.005,46.1922,28.0,D
2,1075.401910651852,24.1722,46.1917,28.0,D
2,1075.4095736514278,24.2335,46.191,28.0,D
2,1075.4308252726894,24.4035,46.1889,28.0,D
2,1075.4381770688135,24.4623,46.1876,28.0,D
2,1075.4605951453646,24.6416,46.1836,28.0,D
2,1075.4676487348763,24.698,46.1818,28.0,D
2,1075.4914855367801,24.8886,46.1758,28.0,D
2,1075.4977415838548,24.9386,46.1736,28.0,D
2,1075.4980040838548,24.9407,46.1736,28.0,D
2,1075.5244269905836,25.1519,46.1648,28.0,D
2,1075.5300212538282,25.1966,46.1626,28.0,D
2,1075.5594963121403,25.4321,46.1507,28.0,D
2,1075.563829270858,25.4667,46.1486,28.0,D
2,1075.564142020758,25.4692,46.1485,28.0,D
2,1075.5980136188343,25.7397,46.1325,28.0,D
2,1075.6007201214206,25.7613,46.131,28.0,D
2,1075.6011716812172,25.7649,46.1307,28.0,D
2,1075.6407363691503,26.0807,46.1094,28.0,D
2,1075.6410623292707,26.0833,46.1092,28.0,D
2,1075.6419146239673,26.0901,46.1087,28.0,D
2,1075.6614703296564,26.2461,46.0969,28.0,D
2,1075.6764165875493,26.3647,46.0817,28.0,D
2,1075.6766678344397,26.3667,46.0815,28.0,D
2,1075.67938884643,26.3883,46.0788,28.0,D
2,1075.7206893174473,26.7155,46.0329,28.0,D
2,1075.7352805177063,26.8311,46.0167,28.0,D
2,1075.7712345595514,27.1155,45.9737,28.0,D
2,1075.8021592589234,27.3601,45.9366,28.0,D
2,1075.8296921710469,27.5775,45.9012,28.0,D
2,1075.8845258813103,28.0105,45.8309,28.0,D
2,1075.8989458869448,28.1242,45.8114,28.0,D
2,1075.9552470997426,28.5681,45.7351,28.0,D
2,1075.966685863334,28.657,45.7134,28.0,D
2,1075.9758083801196,28.7279,45.6961,28.0,D
2,1076.0492219400473,29.2969,45.5506,28.0,D
2,1076.117451278724,29.8257,45.4153,28.0,D
2,1076.150085065855,30.078,45.3482,28.0,D
2,1076.205486567696,30.5063,45.2342,28.0,D
2,1076.2502172286709,30.8442,45.1164,28.0,D
2,1076.3059928463838,31.2656,44.9697,28.0,D
2,1076.3749453175596,31.7847,44.7831,28.0,D
2,1076.4444712569637,32.3081,44.5949,28.0,D
2,1076.5019302912838,32.7273,44.4063,28.0,D
2,1076.6152542082486,33.5541,44.0344,28.0,D
2,1076.6574088528623,33.8604,43.8933,28.0,D
2,1076.6779793718154,34.0098,43.8243,28.0,D
2,1076.805141025823,34.8972,43.3269,28.0,D
2,1076.9091446225157,35.623,42.9201,28.0,D
2,1076.9688132242359,36.0195,42.6543,28.0,D
2,1077.1396683419525,37.1549,41.8933,28.0,D
2,1077.1440724770832,37.1825,41.8714,28.0,D
2,1077.195073448275,37.5022,41.6179,28.0,D
2,1077.3368723733636,38.3854,40.906,28.0,D
2,1077.3660907991639,38.5673,40.7592,28.0,D
2,1077.5224514799631,39.4749,39.8984,28.0,D
2,1077.5931955841786,39.8855,39.5089,28.0,D
2,1077.7154481154662,40.5386,38.7809,28.0,D
2,1077.81997957081,41.097,38.1584,28.0,D
2,1077.914254346234,41.5537,37.5582,28.0,D
2,1078.0465100461347,42.1944,36.7162,28.0,D
2,1078.1177316775486,42.5017,36.2364,28.0,D
2,1078.2727828974123,43.1706,35.1918,28.0,D
2,1078.3250447202374,43.3668,34.8226,28.0,D
2,1078.4988074000805,44.0192,33.5951,28.0,D
2,1078.5356438735987,44.1359,33.3245,28.0,D
2,1078.724605890698,44.7348,31.9365,28.0,D
2,1078.7490544495768,44.7974,31.7512,28.0,D
2,1078.9502640829508,45.3129,30.2263,28.0,D
2,1078.965107263203,45.3417,30.1111,28.0,D
2,1079.1756979343668,45.7496,28.4765,28.0,D
2,1079.1834884133316,45.7597,28.415,28.0,D
2,1079.4010010480222,46.0423,26.698,28.0,D
2,1079.4040612767717,46.0443,26.6736,28.0,D
2,1079.626363901658,46.1893,24.9011,28.0,D
2,1079.851601401658,46.1893,23.0992,28.0,D
2,1079.8525792820187,46.1887,23.0914,28.0,D
2,1080.0768501032371,46.0425,21.3032,28.0,D
2,1080.0804853903646,46.0378,21.2745,28.0,D
2,1080.3022785883131,45.7497,19.5237,28.0,D
2,1080.3114282467768,45.7319,19.4527,28.0,D
2,1080.5277942922298,45.3127,17.7733,28.0,D
2,1080.545550593928,45.2673,17.6387,28.0,D
2,1080.7533734320168,44.7348,16.0637,28.0,D
2,1080.7833343492675,44.6399,15.8436,28.0,D
2,1080.97921130682,44.0191,14.4048,28.0,D
2,1081.0257356368124,43.8445,14.0761,28.0,D
2,1081.2052189064018,43.1706,12.8082,28.0,D
2,1081.2736804147478,42.8752,12.347,28.0,D
2,1081.4314917578129,42.1944,11.2838,28.0,D
2,1081.5288166333908,41.7229,10.6642,28.0,D
2,1081.658014664529,41.0971,9.8416,28.0,D
2,1081.7933584640268,40.374,9.0357,28.0,D
2,1081.8848246505727,39.8854,8.491,28.0,D
2,1082.0708586562007,38.8056,7.4668,28.0,D
2,1082.1118850234845,38.5675,7.2409,28.0,D
2,1082.2829472549422,37.5021,6.382,28.0,D
2,1082.3382898837422,37.1552,6.1069,28.0,D
2,1082.358453294292,37.0212,6.0171,28.0,D
2,1082.568858672372,35.623,5.0799,28.0,D
2,1082.7432713340754,34.4059,4.3976,28.0,D
2,1082.799985100041,34.0101,4.1758,28.0,D
2,1082.862744313757,33.5541,3.9657,28.0,D
2,1083.0335437927704,32.308,3.4051,28.0,D
2,1083.172022203204,31.2655,3.0303,28.0,D
2,1083.2725048711748,30.5064,2.7658,28.0,D
2,1083.360564319312,29.8256,2.5847,28.0,D
2,1083.4652685164879,29.0141,2.3771,28.0,D
2,1083.5022345355121,28.7276,2.3038,28.0,D
2,1083.5227442778619,28.5682,2.2649,28.0,D
2,1083.593504570841,28.0103,2.169,28.0,D
2,1083.6172994823244,27.8224,2.1385,28.0,D
2,1083.675805491631,27.3604,2.0635,28.0,D
2,1083.7173989556609,27.0314,2.0137,28.0,D
2,1083.7427744913696,26.8307,1.9832,28.0,D
2,1083.7935520362344,26.4284,1.9269,28.0,D
2,1083.7987528174258,26.3872,1.9211,28.0,D
2,1083.8165456530626,26.246,1.9031,28.0,D
2,1083.8365030490913,26.0868,1.891,28.0,D
2,1083.83705361698,26.0824,1.8908,28.0,D
2,1083.8378685172806,26.0759,1.8903,28.0,D
2,1083.8796142131666,25.7427,1.8677,28.0,D
2,1083.8827066687038,25.718,1.8663,28.0,D
2,1083.8831823261435,25.7142,1.8661,28.0,D
2,1083.9182951799153,25.4338,1.8493,28.0,D
2,1083.9231010519745,25.3954,1.8474,28.0,D
2,1083.9233135519746,25.3937,1.8474,28.0,D
2,1083.9536275674006,25.1515,1.8351,28.0,D
2,1083.9596827304867,25.1031,1.8331,28.0,D
2,1083.9863304438034,24.8901,1.8243,28.0,D
2,1083.9929963317786,24.8368,1.8226,28.0,D
2,1083.9932338317785,24.8349,1.8226,28.0,D
2,1084.017471225409,24.6411,1.8164,28.0,D
2,1084.0247855307418,24.5826,1.8151,28.0,D
2,1084.0471161291441,24.404,1.8111,28.0,D
2,1084.0545916412502,24.3442,1.8104,28.0,D
2,1084.0761557390172,24.1717,1.8083,28.0,D
2,1084.0838432796675,24.1102,1.8081,28.0,D
2,1084.104780839369,23.9427,1.8077,28.0,D
2,1084.1124685934299,23.8812,1.8082,28.0,D
2,1084.1335066281824,23.7129,1.8094,28.0,D
2,1084.1409828927076,23.6531,1.8105,28.0,D
2,1084.1628109029525,23.4785,1.8134,28.0,D
2,1084.1699387094172,23.4215,1.815,28.0,D
2,1084.1931971084377,23.2355,1.82,28.0,D
2,1084.1998888243986,23.182,1.8219,28.0,D
2,1084.2249938351038,22.9813,1.8294,28.0,D
2,1084.2310620154324,22.9328,1.8315,28.0,D
2,1084.25891678668,22.7102,1.8418,28.0,D
2,1084.2640117136912,22.6695,1.844,28.0,D
2,1084.2955339479076,22.4177,1.8578,28.0,D
2,1084.2991542465832,22.3888,1.8597,28.0,D
2,1084.2994428314926,22.3865,1.8599,28.0,D
2,1084.336178978967,22.0932,1.8785,28.0,D
2,1084.338021616343,22.0785,1.8796,28.0,D
2,1084.3382469632977,22.0767,1.8797,28.0,D
2,1084.3784748298829,21.7557,1.9027,28.0,D
2,1084.4151238343884,21.4651,1.9416,28.0,D
2,1084.4153502190168,21.4633,1.9418,28.0,D
2,1084.423432858592,21.3992,1.9503,28.0,D
2,1084.4622797636328,21.0917,1.9953,28.0,D
2,1084.4843610375146,20.9169,2.0208,28.0,D
2,1084.5165868278464,20.6622,2.0607,28.0,D
2,1084.5583048788706,20.3325,2.1125,28.0,D
2,1084.5800281562763,20.1611,2.1412,28.0,D
2,1084.650824542351,19.6025,2.2347,28.0,D
2,1084.655951935085,19.5621,2.2418,28.0,D
2,1084.6714615540761,19.4399,2.2633,28.0,D
2,1084.7232338152905,19.0381,2.3638,28.0,D
2,1084.7582529283754,18.7663,2.4317,28.0,D
2,1084.8141817363594,18.3334,2.5448,28.0,D
2,1084.9229103693178,17.4918,2.7646,28.0,D
2,1085.026414030183,16.7113,3.0411,28.0,D
2,1085.1617755472864,15.6906,3.4028,28.0,D
2,1085.292614919825,14.7381,3.8368,28.0,D
2,1085.3957708553364,13.9871,4.1789,28.0,D
2,1085.440354100858,13.6752,4.3519,28.0,D
2,1085.569340918256,12.7727,4.8522,28.0,D
2,1085.6136790684486,12.464,5.0269,28.0,D
2,1085.6262842509145,12.3762,5.0765,28.0,D
2,1085.7773430479317,11.3753,5.7537,28.0,D
2,1085.8552004707074,10.8594,6.1027,28.0,D
2,1085.9533537285813,10.2463,6.5933,28.0,D
2,1086.083700255314,9.4321,7.2448,28.0,D
2,1086.1384994469709,9.1129,7.5453,28.0,D
2,1086.31175750279,8.1037,8.4954,28.0,D
2,1086.3307227217776,8.0019,8.6079,28.0,D
2,1086.5227875749197,6.9716,9.7478,28.0,D
2,1086.5378821569361,6.8912,9.8379,28.0,D
2,1086.7421014362965,5.9055,11.1408,28.0,D
2,1086.7639191219264,5.8002,11.28,28.0,D
2,1086.9462727181688,5.0169,12.5107,28.0,D
2,1086.989846880883,4.8296,12.8047,28.0,D
2,1087.1545076709372,4.2142,13.9694,28.0,D
2,1087.2155897941914,3.986,14.4015,28.0,D
2,1087.3661884350386,3.511,15.5087,28.0,D
2,1087.4412530426275,3.2743,16.0606,28.0,D
2,1087.5808600904886,2.9186,17.1193,28.0,D
2,1087.6668150250837,2.6995,17.7711,28.0,D
2,1087.7982482983157,2.4462,18.7916,28.0,D
2,1087.8922794974267,2.265,19.5217,28.0,D
2,1088.0181172215498,2.1025,20.5152,28.0,D
2,1088.1176859140753,1.9739,21.3013,28.0,D
2,1088.2403755154328,1.8945,22.2796,28.0,D
2,1088.3430759878331,1.8279,23.0985,28.0,D
2,1088.568450987833,1.8279,24.9015,28.0,T
2,1088.721726367004,12.927,4.7667,28.0,D
2,1091.488888867004,35.0643,4.7667,28.0,T
2,1091.6642882890492,8.9213,7.7256,28.0,D
2,1095.4339382890491,39.0785,7.7256,28.0,T
2,1095.653678205962,6.2506,10.6846,28.0,D
2,1100.0896532059621,41.7384,10.6846,28.0,T
2,1100.339447348355,4.3863,13.6436,28.0,D
2,1105.242984848355,43.6146,13.6436,28.0,T
2,1105.5138534579764,3.0922,16.6026,28.0,D
2,1110.7419534579765,44.917,16.6026,28.0,T
2,1111.027026759385,2.2585,19.5615,28.0,D
2,1116.464201759385,45.7559,19.5615,28.0,T
2,1116.7574061129983,1.8749,22.5205,28.0,D
2,1122.2907936129982,46.142,22.5205,28.0,T
2,1122.586566850225,1.8748,25.4795,28.0,D
2,1128.119966850225,46.142,25.4795,28.0,T
2,1128.413187832743,2.2585,28.4385,28.0,D
2,1133.8503503327431,45.7558,28.4385,28.0,T
2,1134.1354575526657,3.0922,31.3974,28.0,D
2,1139.3635575526657,44.917,31.3974,28.0,T
2,1139.6344806838188,4.3864,34.3564,28.0,D
2,1144.5380056838187,43.6146,34.3564,28.0,T
2,1144.7878789118542,6.2506,37.3154,28.0,D
2,1149.2238664118543,41.7385,37.3154,28.0,T
2,1149.4435346195787,8.9214,40.2744,28.0,D
2,1153.2131721195788,39.0785,40.2744,28.0,T
2,1153.388627848906,12.927,43.2333,28.0,D
2,1156.155777848906,35.0642,43.2333,28.0,T
2,1166.2434693067626,1000.0,-600.0,1000.0,W
2,1270.203263734287,1000.0,-600.0,1000.0,W
2,1372.5028017231073,1000.0,-600.0,1000.0,T
2,1382.650345544789,3.3898,24.8973,34.0,D
2,1382.8213443030081,3.5077,26.2602,34.0,D
2,1382.8748413604621,3.5444,26.6866,34.0,D
2,1383.0610094372437,3.7997,28.1539,34.0,D
2,1383.0996832837843,3.8528,28.4587,34.0,D
2,1383.3115680829678,4.2852,30.0977,34.0,D
2,1383.32516948455,4.313,30.2029,34.0,D
2,1383.462424166278,4.6825,31.2369,34.0,D
2,1383.5494259784,4.9242,31.8896,34.0,D
2,1383.5590210617763,4.957,31.959,34.0,D
2,1383.778020040441,5.7054,33.5431,34.0,D
2,1383.8533146036577,6.0084,34.0637,34.0,D
2,1384.008508744172,6.633,35.1367,34.0,D
2,1384.1803611390492,7.4224,36.2623,34.0,D
2,1384.2411420275444,7.7016,36.6604,34.0,D
2,1384.363559689286,8.3285,37.4128,34.0,D
2,1384.473901898458,8.9081,38.0786,34.0,D
2,1384.574089562993,9.4821,38.638,34.0,D
2,1384.716786830508,10.2997,39.4347,34.0,D
2,1384.8307079579658,11.0012,40.0165,34.0,D
2,1384.9625482999757,11.8301,40.6687,34.0,D
2,1385.1535421795406,13.1002,41.5181,34.0,D
2,1385.2199777498324,13.5502,41.8009,34.0,D
2,1385.39140223986,14.7613,42.4443,34.0,D
2,1385.4992492763574,15.535,42.8261,34.0,D
2,1385.5787756968887,16.1231,43.0688,34.0,D
2,1385.6676907704841,16.7884,43.3205,34.0,D
2,1385.744686631777,17.3645,43.5385,34.0,D
2,1385.815827905179,17.9031,43.7224,34.0,D
2,1385.8754859476483,18.3626,43.8514,34.0,D
2,1385.9017646938132,18.5666,43.9022,34.0,D
2,1385.9996764429804,19.3268,44.091,34.0,D
2,1386.0665319506536,19.8497,44.2034,34.0,D
2,1386.111228876233,20.1993,44.2785,34.0,D
2,1386.202234844444,20.9159,44.4071,34.0,D
2,1386.2131435350736,21.0018,44.4225,34.0,D
2,1386.27487749301,21.4907,44.4924,34.0,D
2,1386.3028209543427,21.7128,44.5178,34.0,D
2,1386.3036493564189,21.7194,44.5184,34.0,D
2,1386.3039254904443,21.7216,44.5186,34.0,D
2,1386.3939447696293,22.4392,44.5792,34.0,D
2,1386.4025197514077,22.5077,44.5829,34.0,D
2,1386.481710225898,23.1403,44.6171,34.0,D
2,1386.4944509700874,23.2422,44.6194,34.0,D
2,1386.5678459513958,23.8292,44.6331,34.0,D
2,1386.5819838990014,23.9423,44.6322,34.0,D
2,1386.6534861115983,24.5143,44.6277,34.0,D
2,1386.666608141024,24.6192,44.6237,34.0,D
2,1386.7402383191102,25.2078,44.6009,34.0,D
2,1386.7500241267544,25.2859,44.5955,34.0,D
2,1386.8293258498204,25.9188,44.5517,34.0,D
2,1386.8333072518976,25.9505,44.5486,34.0,D
2,1386.833558498788,25.9525,44.5484,34.0,D
2,1386.9081129105455,26.546,44.4893,34.0,D
2,1386.9152294076648,26.6025,44.4823,34.0,D
2,1386.9999765139944,27.2719,44.3748,34.0,D
2,1387.015169280571,27.3919,44.3555,34.0,D
2,1387.0839719376781,27.9319,44.2489,34.0,D
2,1387.1215699865804,28.227,44.1907,34.0,D
2,1387.1723826387943,28.623,44.0989,34.0,D
2,1387.2390048010227,29.1422,43.9785,34.0,D
2,1387.2664990390554,29.3548,43.9221,34.0,D
2,1387.3642290282155,30.1106,43.722,34.0,D
2,1387.4617416588076,30.8446,43.4578,34.0,D
2,1387.5133173434856,31.2328,43.318,34.0,D
2,1387.5696599921853,31.6519,43.1521,34.0,D
2,1387.6827491743602,32.4931,42.8191,34.0,D
2,1387.7985332493931,33.3173,42.3964,34.0,D
2,1387.9049810865306,34.0751,42.0079,34.0,D
2,1387.929568256076,34.2475,41.9132,34.0,D
2,1387.9557435814083,34.4311,41.8125,34.0,D
2,1388.0547580255882,35.0955,41.3812,34.0,D
2,1388.1796374180285,35.9335,40.8373,34.0,D
2,1388.201012937028,36.0744,40.7404,34.0,D
2,1388.2141016845808,36.1607,40.6811,34.0,D
2,1388.339753048108,36.9423,40.049,34.0,D
2,1388.464488835124,37.7182,39.4215,34.0,D
2,1388.4897496279907,37.8647,39.2823,34.0,D
2,1388.5528173309476,38.2304,38.9347,34.0,D
2,1388.6555247141414,38.8123,38.3546,34.0,D
2,1388.7020170387768,39.0757,38.092,34.0,D
2,1388.8167984451543,39.6707,37.3926,34.0,D
2,1388.9390368603774,40.3044,36.6478,34.0,D
2,1388.9862159904299,40.5241,36.3409,34.0,D
2,1389.1695735006729,41.378,35.1482,34.0,D
2,1389.3559449929269,42.1176,33.8536,34.0,D
2,1389.399095126907,42.2889,33.5539,34.0,D
2,1389.5431937606618,42.7739,32.5081,34.0,D
2,1389.627037839351,43.0561,31.8996,34.0,D
2,1389.7367213456887,43.3558,31.0749,34.0,D
2,1389.853641260855,43.6753,30.1958,34.0,D
2,1389.9362641097302,43.8466,29.5574,34.0,D
2,1390.0791446564292,44.1428,28.4534,34.0,D
2,1390.141724032275,44.2299,27.9604,34.0,D
2,1390.3038787982396,44.4559,26.683,34.0,D
2,1390.3534564047015,44.4906,26.2879,34.0,D
2,1390.5280768793207,44.6129,24.8963,34.0,D
2,1390.7521393793206,44.6129,23.1038,34.0,D
2,1390.798053642151,44.5807,22.7379,34.0,D
2,1390.9763623649467,44.4559,21.3169,34.0,D
2,1391.033206103608,44.3767,20.8691,34.0,D
2,1391.2010718875138,44.1428,19.5467,34.0,D
2,1391.2792403754102,43.9808,18.9427,34.0,D
2,1391.4265752835488,43.6753,17.8043,34.0,D
2,1391.5388133188242,43.3686,16.9604,34.0,D
2,1391.6531787050321,43.0561,16.1005,34.0,D
2,1391.81568800092,42.5091,14.9211,34.0,D
2,1391.8811380164377,42.2888,14.4461,34.0,D
2,1392.110580570863,41.3783,12.8523,34.0,D
2,1392.3411898596232,40.3044,11.3522,34.0,D
2,1392.4634906568406,39.6704,10.607,34.0,D
2,1392.5782001608604,39.0757,9.9081,34.0,D
2,1392.7274086941495,38.2304,9.0653,34.0,D
2,1392.8157548616527,37.7181,8.5784,34.0,D
2,1392.9754213343388,36.7249,7.7752,34.0,D
2,1393.0661244325838,36.1607,7.3189,34.0,D
2,1393.1005886984979,35.9335,7.1627,34.0,D
2,1393.3244757295117,34.4311,6.1876,34.0,D
2,1393.375272167625,34.0749,5.992,34.0,D
2,1393.580352562303,32.615,5.2434,34.0,D
2,1393.597504079182,32.4929,5.1808,34.0,D
2,1393.7669196868603,31.2327,4.682,34.0,D
2,1393.9142019737494,30.1242,4.2826,34.0,D
2,1394.0413045854702,29.1415,4.0214,34.0,D
2,1394.090346468081,28.7593,3.9328,34.0,D
2,1394.1586635150477,28.2269,3.8093,34.0,D
2,1394.2391474080403,27.5952,3.6847,34.0,D
2,1394.265037273939,27.392,3.6446,34.0,D
2,1394.3630532013756,26.6179,3.5196,34.0,D
2,1394.3720720791466,26.5463,3.5107,34.0,D
2,1394.450683756277,25.9205,3.4484,34.0,D
2,1394.4558331646167,25.8794,3.4456,34.0,D
2,1394.4560585115714,25.8776,3.4455,34.0,D
2,1394.5400224416992,25.2075,3.399,34.0,D
2,1394.5510806117557,25.1191,3.3956,34.0,D
2,1394.626762156732,24.5141,3.3722,34.0,D
2,1394.6405500193746,24.4038,3.3714,34.0,D
2,1394.7124647192802,23.8285,3.3669,34.0,D
2,1394.726393511403,23.7171,3.3695,34.0,D
2,1394.7984754753834,23.1406,3.3829,34.0,D
2,1394.810205311806,23.0469,3.388,34.0,D
2,1394.8863033417163,22.439,3.4208,34.0,D
2,1394.8935532124049,22.3812,3.4256,34.0,D
2,1394.977163469887,21.7147,3.482,34.0,D
2,1394.9773774354217,21.713,3.4822,34.0,D
2,1394.9775903027512,21.7113,3.4823,34.0,D
2,1395.0053584781053,21.4906,3.5076,34.0,D
2,1395.060843381739,21.0512,3.5705,34.0,D
2,1395.0670800675575,21.0018,3.5775,34.0,D
2,1395.1433156584092,20.4015,3.6852,34.0,D
2,1395.169007029772,20.1992,3.7215,34.0,D
2,1395.229380229797,19.727,3.823,34.0,D
2,1395.2805472418752,19.3268,3.909,34.0,D
2,1395.3204747151863,19.0168,3.986,34.0,D
2,1395.404777141382,18.3623,4.1487,34.0,D
2,1395.418006825099,18.2604,4.1773,34.0,D
2,1395.4644077359872,17.903,4.2776,34.0,D
2,1395.513131770739,17.5341,4.4035,34.0,D
2,1395.5355094835634,17.3647,4.4614,34.0,D
2,1395.616184875761,16.7611,4.6899,34.0,D
2,1395.7014365344692,16.1232,4.9312,34.0,D
2,1395.7294434142043,15.9161,5.0167,34.0,D
2,1395.7809792785367,15.535,5.174,34.0,D
2,1395.840006743013,15.1115,5.3829,34.0,D
2,1395.8888207842817,14.7613,5.5557,34.0,D
2,1395.9639811763193,14.2303,5.8378,34.0,D
2,1396.060256313459,13.5501,6.1991,34.0,D
2,1396.0894580177114,13.3523,6.3234,34.0,D
2,1396.126670719256,13.1003,6.4819,34.0,D
2,1396.2274979856886,12.4298,6.9303,34.0,D
2,1396.3176749895824,11.8301,7.3313,34.0,D
2,1396.3660455158613,11.526,7.5706,34.0,D
2,1396.449505508148,11.0013,7.9835,34.0,D
2,1396.5213664035032,10.5588,8.3505,34.0,D
2,1396.5634362579865,10.2997,8.5653,34.0,D
2,1396.6720391613776,9.6775,9.1717,34.0,D
2,1396.8063035140788,8.9082,9.9213,34.0,D
2,1396.832104053075,8.7727,10.077,34.0,D
2,1396.9166727871393,8.3285,10.5873,34.0,D
2,1397.0094547122378,7.8533,11.1575,34.0,D
2,1397.0390712432002,7.7016,11.3395,34.0,D
2,1397.180475842776,7.0521,12.2657,34.0,D
2,1397.2717249951695,6.633,12.8634,34.0,D
2,1397.3588731171014,6.2822,13.4659,34.0,D
2,1397.5022136998275,5.7054,14.457,34.0,D
2,1397.543663769565,5.5637,14.7568,34.0,D
2,1397.7307459122858,4.9243,16.11,34.0,D
2,1397.734170866665,4.9148,16.1357,34.0,D
2,1397.8177989542387,4.6825,16.7631,34.0,D
2,1397.9452839043308,4.3393,17.7235,34.0,D
2,1397.955025888215,4.3131,17.7969,34.0,D
2,1398.1477912398248,3.9197,19.288,34.0,D
2,1398.180554729413,3.8527,19.5414,34.0,D
2,1398.3566736460928,3.6112,20.9295,34.0,D
2,1398.4053945091803,3.5444,21.3135,34.0,D
2,1398.5721505927463,3.4296,22.6426,34.0,D
2,1398.629865414283,3.3898,23.1026,34.0,D
2,1398.854202914283,3.3898,24.8973,34.0,T
2,1398.9948134874162,13.3665,6.3145,34.0,D
2,1401.6523259874161,34.6266,6.3145,34.0,T
2,1401.8204238548096,9.5848,9.2621,34.0,D
2,1405.4257988548097,38.4278,9.2621,34.0,T
2,1405.6356303544808,7.0914,12.2097,34.0,D
2,1409.8639803544809,40.9182,12.2097,34.0,T
2,1410.1017517073894,5.3745,15.1572,34.0,D
2,1414.7572642073894,42.6186,15.1572,34.0,T
2,1415.0139288898622,4.2319,18.1048,34.0,D
2,1419.9544288898621,43.7559,18.1048,34.0,T
2,1420.2229229564193,3.5898,21.0524,34.0,D
2,1425.3253354564192,44.4091,21.0524,34.0,T
2,1425.5995025845446,3.3898,24.0,34.0,D
2,1430.7523900845445,44.6129,24.0,34.0,T
2,1431.0265824808544,3.5898,26.9476,34.0,D
2,1436.1289949808543,44.4091,26.9476,34.0,T
2,1436.3975635138875,4.2318,29.8952,34.0,D
2,1441.3380885138874,43.756,29.8952,34.0,T
2,1441.5947186314593,5.3745,32.8428,34.0,D
2,1446.2502436314592,42.6187,32.8428,34.0,T
2,1446.4879060252067,7.0914,35.7903,34.0,D
2,1450.7162685252067,40.9183,35.7903,34.0,T
2,1450.9260814402546,9.5847,38.7379,34.0,D
2,1454.5314689402546,38.4278,38.7379,34.0,T
2,1454.699695254909,13.3666,41.6855,34.0,D
2,1457.357207754909,34.6267,41.6855,34.0,T
2,1467.4167237345687,1000.0,-600.0,1000.0,W
2,1558.9803693495437,1000.0,-600.0,1000.0,W
2,1642.7611777189113,1000.0,-600.0,1000.0,T
2,1652.8679505320233,6.911,24.8828,40.0,D
2,1652.9325403943278,6.9649,25.3967,40.0,D
2,1653.089231939449,7.0956,26.6434,40.0,D
2,1653.1789430844158,7.2439,27.3456,40.0,D
2,1653.3124102181275,7.4645,28.3903,40.0,D
2,1653.4537342529288,7.8094,29.467,40.0,D
2,1653.5385761978912,8.0164,30.1134,40.0,D
2,1653.7688341246005,8.7495,31.8033,40.0,D
2,1653.7751062105772,8.7738,31.8472,40.0,D
2,1654.001588229731,9.7014,33.4036,40.0,D
2,1654.196508439368,10.6242,34.6606,40.0,D
2,1654.2482736017,10.8693,34.9944,40.0,D
2,1654.2854749646622,11.0665,35.2173,40.0,D
2,1654.5035993629422,12.2781,36.4731,40.0,D
2,1654.6331509121658,13.0592,37.1543,40.0,D
2,1654.7803687253925,13.9846,37.8828,40.0,D
2,1654.8990087336633,14.7739,38.4099,40.0,D
2,1655.0981077813287,16.145,39.2205,40.0,D
2,1655.1181933560654,16.2885,39.2928,40.0,D
2,1655.146744639421,16.498,39.3838,40.0,D
2,1655.3163537566768,17.7424,39.9247,40.0,D
2,1655.4918954259642,19.0623,40.4043,40.0,D
2,1655.4936233672972,19.0753,40.409,40.0,D
2,1655.497867867415,19.1079,40.4185,40.0,D
2,1655.6462673246451,20.2607,40.7022,40.0,D
2,1655.6870118373124,20.5814,40.7605,40.0,D
2,1655.7974176937014,21.4504,40.9185,40.0,D
2,1655.8656625309604,21.9927,40.9816,40.0,D
2,1655.9417467000185,22.5973,41.0519,40.0,D
2,1656.0219471374005,23.2381,41.084,40.0,D
2,1656.0823342027063,23.7206,41.108,40.0,D
2,1656.1637578949355,24.3719,41.0972,40.0,D
2,1656.2221910297992,24.8393,41.0894,40.0,D
2,1656.2965468392981,25.4321,41.0401,40.0,D
2,1656.3642808088039,25.9721,40.9951,40.0,D
2,1656.4243630402143,26.4475,40.9242,40.0,D
2,1656.5116181582591,27.1379,40.8212,40.0,D
2,1656.5502736579488,27.4403,40.7565,40.0,D
2,1656.667449308683,28.3569,40.5601,40.0,D
2,1656.6768416010682,28.4293,40.54,40.0,D
2,1656.727214853209,28.8176,40.4322,40.0,D
2,1656.8035535659471,29.3981,40.2425,40.0,D
2,1656.8272236419928,29.5781,40.1837,40.0,D
2,1656.9264221086203,30.3151,39.8894,40.0,D
2,1657.014193346257,30.9672,39.629,40.0,D
2,1657.0552042746785,31.2642,39.4896,40.0,D
2,1657.1406711140082,31.8832,39.1992,40.0,D
2,1657.1854293622007,32.1967,39.0262,40.0,D
2,1657.2144041923339,32.3997,38.9143,40.0,D
2,1657.3180289337388,33.1011,38.4724,40.0,D
2,1657.456802114798,34.0404,37.8806,40.0,D
2,1657.5964491167574,34.9003,37.1674,40.0,D
2,1657.7374467452835,35.7681,36.4468,40.0,D
2,1657.7403282596422,35.7845,36.4306,40.0,D
2,1657.7513063201493,35.847,36.3689,40.0,D
2,1657.89411750778,36.6215,35.529,40.0,D
2,1657.9893007012151,37.1378,34.9693,40.0,D
2,1658.0465283442297,37.416,34.6057,40.0,D
2,1658.1707618347073,38.0201,33.8165,40.0,D
2,1658.215507646313,38.2266,33.5241,40.0,D
2,1658.2303410229515,38.2951,33.4272,40.0,D
2,1658.3791255299784,38.8873,32.3947,40.0,D
2,1658.4673034936725,39.2383,31.7828,40.0,D
2,1658.54933142051,39.5072,31.1842,40.0,D
2,1658.6984921559601,39.9964,30.0958,40.0,D
2,1658.7259921360737,40.0657,29.887,40.0,D
2,1658.9055938629933,40.5182,28.5233,40.0,D
2,1658.9213219628468,40.5554,28.4031,40.0,D
2,1659.122156565972,40.8773,26.829,40.0,D
2,1659.1448155356366,40.9136,26.6514,40.0,D
2,1659.3280779657232,41.0617,25.1928,40.0,D
2,1659.3667003766398,41.0929,24.8854,40.0,D
2,1659.5880503766398,41.0929,23.1146,40.0,D
2,1659.781427376468,40.9366,21.5755,40.0,D
2,1659.8099352180427,40.9136,21.3486,40.0,D
2,1660.0333110591855,40.5557,19.5978,40.0,D
2,1660.0491696579966,40.5182,19.4766,40.0,D
2,1660.2562437004608,39.9965,17.9043,40.0,D
2,1660.3141735192612,39.8065,17.4816,40.0,D
2,1660.487448887173,39.2383,16.2172,40.0,D
2,1660.6797401912536,38.4729,14.8828,40.0,D
2,1660.724394295908,38.2952,14.5729,40.0,D
2,1660.7840083266076,38.02,14.1834,40.0,D
2,1660.965459533031,37.1377,13.0307,40.0,D
2,1661.203472291355,35.8469,11.6309,40.0,D
2,1661.2172611568812,35.7684,11.5534,40.0,D
2,1661.4964428050178,34.0501,10.1266,40.0,D
2,1661.740402005308,32.3993,9.0855,40.0,D
2,1661.814073188828,31.8832,8.8009,40.0,D
2,1661.9405396400364,30.9673,8.3711,40.0,D
2,1662.0565388911116,30.1055,8.0269,40.0,D
2,1662.1275418333921,29.578,7.8162,40.0,D
2,1662.2275348581488,28.8176,7.5678,40.0,D
2,1662.2873278356315,28.3567,7.4398,40.0,D
2,1662.306080689581,28.21,7.4084,40.0,D
2,1662.4431467622658,27.1378,7.1787,40.0,D
2,1662.499993932655,26.688,7.1116,40.0,D
2,1662.5904699049486,25.9721,7.0049,40.0,D
2,1662.6662821236207,25.3677,6.9545,40.0,D
2,1662.7325347709734,24.8395,6.9106,40.0,D
2,1662.8145085949204,24.1838,6.8997,40.0,D
2,1662.8724165944218,23.7206,6.892,40.0,D
2,1662.9512518627428,23.0907,6.9234,40.0,D
2,1663.0130165801186,22.5972,6.9481,40.0,D
2,1663.0811095335903,22.0561,7.011,40.0,D
2,1663.157345586618,21.4503,7.0815,40.0,D
2,1663.207630283905,21.0545,7.1534,40.0,D
2,1663.3084836582907,20.2607,7.2978,40.0,D
2,1663.3335862602476,20.0657,7.3458,40.0,D
2,1663.4569346540352,19.1075,7.5816,40.0,D
2,1663.4610451778765,19.0759,7.5907,40.0,D
2,1663.5846397633668,18.1466,7.9284,40.0,D
2,1663.6384098322947,17.7423,8.0753,40.0,D
2,1663.7102797158082,17.215,8.3045,40.0,D
2,1663.8365029468812,16.2889,8.707,40.0,D
2,1663.8424956507783,16.2461,8.7286,40.0,D
2,1663.8566667591506,16.1448,8.7795,40.0,D
2,1663.9709107366998,15.3581,9.2447,40.0,D
2,1664.0557335271587,14.774,9.5901,40.0,D
2,1664.1082497820828,14.4246,9.8234,40.0,D
2,1664.1743943266897,13.9845,10.1172,40.0,D
2,1664.2446708485961,13.5427,10.4649,40.0,D
2,1664.3215847665906,13.0593,10.8456,40.0,D
2,1664.3913887119036,12.6384,11.2126,40.0,D
2,1664.4511539531604,12.2781,11.5269,40.0,D
2,1664.535887665644,11.8074,12.0147,40.0,D
2,1664.6692783518115,11.0665,12.7827,40.0,D
2,1664.6955436449757,10.9273,12.9401,40.0,D
2,1664.706489077813,10.8693,13.0057,40.0,D
2,1664.8497865922934,10.1909,13.9298,40.0,D
2,1664.9531744497162,9.7014,14.5965,40.0,D
2,1665.0104959457387,9.4666,14.9904,40.0,D
2,1665.1796736061472,8.7737,16.153,40.0,D
2,1665.1860185352248,8.7491,16.1974,40.0,D
2,1665.3644968799372,8.1809,17.5073,40.0,D
2,1665.4161762913357,8.0164,17.8866,40.0,D
2,1665.546170762372,7.6992,18.877,40.0,D
2,1665.6423422709518,7.4645,19.6097,40.0,D
2,1665.7359611734569,7.3098,20.3425,40.0,D
2,1665.8655083197975,7.0956,21.3565,40.0,D
2,1665.9351753964013,7.0375,21.9108,40.0,D
2,1666.0868021590663,6.911,23.1172,40.0,D
2,1666.3075021590664,6.911,24.8828,40.0,T
2,1666.4205360345197,14.5445,9.7433,40.0,D
2,1668.7827735345197,33.4424,9.7433,40.0,T
2,1668.9319529659601,11.2479,12.5947,40.0,D
2,1672.11791546596,36.7356,12.5947,40.0,T
2,1672.30250017123,9.1951,15.446,40.0,D
2,1676.00260017123,38.7959,15.446,40.0,T
2,1676.2095483486066,7.8849,18.2973,40.0,D
2,1680.2397983486067,40.1269,18.2973,40.0,T
2,1680.4605343941673,7.1395,21.1487,40.0,D
2,1684.6771843941674,40.8727,21.1487,40.0,T
2,1684.9043922753472,6.911,24.0,40.0,D
2,1689.177129775347,41.0929,24.0,40.0,T
2,1689.404282517229,7.1395,26.8513,40.0,D
2,1693.620932517229,40.8727,26.8513,40.0,T
2,1693.8416712195497,7.8849,29.7027,40.0,D
2,1697.8719212195497,40.1269,29.7027,40.0,T
2,1698.0790081416433,9.195,32.554,40.0,D
2,1701.7791206416432,38.7959,32.554,40.0,T
2,1701.9637550811524,11.2479,35.4053,40.0,D
2,1705.1497175811523,36.7356,35.4053,40.0,T
2,1705.2988751919613,14.5444,38.2567,40.0,D
2,1707.6612626919614,33.4435,38.2567,40.0,T
2,1717.6905599594388,1000.0,-600.0,1000.0,W
2,1783.6691225429497,1000.0,-600.0,1000.0,W
2,1837.6231705396733,1000.0,-600.0,1000.0,T
2,1847.6671818083792,14.4335,23.2105,46.0,D
2,1847.864531808379,14.4335,24.7893,46.0,D
2,1847.8657895966164,14.4353,24.7992,46.0,D
2,1848.065962400479,14.7165,26.3757,46.0,D
2,1848.1326765118517,14.8969,26.878,46.0,D
2,1848.2789746668511,15.2925,27.9795,46.0,D
2,1848.4924489876137,16.1093,29.4793,46.0,D
2,1848.5410952699099,16.3668,29.7711,46.0,D
2,1848.761955050441,17.536,31.0958,46.0,D
2,1848.7820011925262,17.6559,31.2023,46.0,D
2,1848.9354699128733,18.6581,31.9115,46.0,D
2,1849.0401998639677,19.342,32.3955,46.0,D
2,1849.0627094869099,19.5016,32.4789,46.0,D
2,1849.2330544283154,20.7561,33.0112,46.0,D
2,1849.326710051645,21.4792,33.2074,46.0,D
2,1849.4240076500546,22.2304,33.4113,46.0,D
2,1849.5600489012663,23.3114,33.5374,46.0,D
2,1849.6025353182133,23.649,33.5768,46.0,D
2,1849.7372876280265,24.7262,33.5348,46.0,D
2,1849.7785561560625,25.0561,33.522,46.0,D
2,1849.8891968258565,25.925,33.3533,46.0,D
2,1849.9620575716751,26.4972,33.2422,46.0,D
2,1850.0314560192892,27.0215,33.0596,46.0,D
2,1850.1628601668644,28.0143,32.714,46.0,D
2,1850.1723578721794,28.0823,32.6801,46.0,D
2,1850.21172943949,28.364,32.5392,46.0,D
2,1850.3150961932422,29.0682,32.1057,46.0,D
2,1850.3758128829268,29.4818,31.851,46.0,D
2,1850.449669435192,29.9435,31.4823,46.0,D
2,1850.5416714460396,30.5187,31.0231,46.0,D
2,1850.5862476255668,30.7685,30.7686,46.0,D
2,1850.6411568603319,31.0762,30.4551,46.0,D
2,1850.7304630138854,31.5235,29.898,46.0,D
2,1850.7885773220419,31.8146,29.5355,46.0,D
2,1850.8698023845611,32.1459,28.9765,46.0,D
2,1851.0226590663133,32.7695,27.9246,46.0,D
2,1851.1898684845028,33.1917,26.6553,46.0,D
2,1851.222013040807,33.2729,26.4113,46.0,D
2,1851.3590828964009,33.4516,25.3294,46.0,D
2,1851.4258638840583,33.5387,24.8023,46.0,D
2,1851.6264388840584,33.5387,23.1977,46.0,D
2,1851.7751646394356,33.3448,22.0238,46.0,D
2,1851.830289727304,33.2729,21.5887,46.0,D
2,1852.0296437015088,32.7695,20.0754,46.0,D
2,1852.2637254453773,31.8146,18.4645,46.0,D
2,1852.411145906983,31.0762,17.5449,46.0,D
2,1852.5106313212718,30.5187,16.9769,46.0,D
2,1852.6764801158295,29.4819,16.149,46.0,D
2,1852.8405570056746,28.3641,15.4609,46.0,D
2,1852.889498943532,28.0139,15.2858,46.0,D
2,1852.9299598525215,27.7082,15.1794,46.0,D
2,1853.0902342934228,26.4973,14.7578,46.0,D
2,1853.2128677169358,25.5342,14.5709,46.0,D
2,1853.2737749068335,25.0559,14.4779,46.0,D
2,1853.4128173065044,23.9444,14.4347,46.0,D
2,1853.449770277038,23.649,14.4232,46.0,D
2,1853.5747612692135,22.6558,14.539,46.0,D
2,1853.6282964971012,22.2304,14.5886,46.0,D
2,1853.7204545212026,21.5189,14.7818,46.0,D
2,1853.8192529934834,20.7561,14.9888,46.0,D
2,1853.861305796972,20.4464,15.1202,46.0,D
2,1853.989570038384,19.5018,15.521,46.0,D
2,1854.0111964581351,19.3485,15.6012,46.0,D
2,1854.0121413456945,19.3418,15.6047,46.0,D
2,1854.1408330952602,18.5014,16.1994,46.0,D
2,1854.2703400171313,17.6557,16.7979,46.0,D
2,1854.2802660325076,17.5963,16.8506,46.0,D
2,1854.2903249216113,17.5361,16.904,46.0,D
2,1854.416797757751,16.8666,17.6626,46.0,D
2,1854.559857999651,16.1093,18.5207,46.0,D
2,1854.7106615375117,15.5323,19.5802,46.0,D
2,1854.773343298216,15.2925,20.0206,46.0,D
2,1854.8593051438586,15.06,20.6678,46.0,D
2,1854.986355565075,14.7165,21.6244,46.0,D
2,1855.0148745198462,14.6764,21.849,46.0,D
2,1855.1877492333313,14.4335,23.2105,46.0,T
2,1855.2285349416616,16.9082,17.6155,46.0,D
2,1857.0066224416616,31.1329,17.6155,46.0,T
2,1857.116196261416,15.0098,20.8077,46.0,D
2,1859.366608761416,33.0131,20.8077,46.0,T
2,1859.4922877732677,14.4335,24.0,46.0,D
2,1861.8804377732677,33.5387,24.0,46.0,T
2,1862.0057836794633,15.0098,27.1923,46.0,D
2,1864.2561961794634,33.0131,27.1923,46.0,T
2,1864.3656509788302,16.9082,30.3845,46.0,D
2,1866.1437384788303,31.1329,30.3845,46.0,T
2,1876.135299529821,1000.0,-600.0,1000.0,W
2,1902.3681433655772,1000.0,-600.0,1000.0,W
2,1902.4681433655771,1000.0,-600.0,1000.0,F
3,0.0,0.0,1200.0,1000.0,W
3,28.535828582585804,0.0,1200.0,1000.0,W
3,70.35478931792362,0.0,1200.0,1000.0,T
3,80.61607845921138,10.9913,24.8577,6.0,D
3,80.77463436861323,11.1628,26.1145,6.0,D
3,80.83227704079496,11.2252,26.5714,6.0,D
3,80.95694006784188,11.4893,27.5331,6.0,D
3,81.05361943886409,11.6942,28.2789,6.0,D
3,81.12905886199616,11.9263,28.836,6.0,D
3,81.28312040053271,12.4003,29.9737,6.0,D
3,81.29345880738532,12.441,30.0457,6.0,D
3,81.33562198185369,12.6067,30.3395,6.0,D
3,81.46196416231018,13.15,31.1918,6.0,D
3,81.51842046454917,13.3927,31.5727,6.0,D
3,81.6124285027693,13.8673,32.1561,6.0,D
3,81.75296215087538,14.5767,33.0283,6.0,D
3,81.76528907770245,14.6443,33.1001,6.0,D
3,81.77066544380791,14.6738,33.1314,6.0,D
3,81.90984997172859,15.5171,33.8585,6.0,D
3,82.04156258561295,16.3151,34.5466,6.0,D
3,82.05172705344211,16.3811,34.5941,6.0,D
3,82.06624947145703,16.4753,34.6621,6.0,D
3,82.19540302892352,17.362,35.1925,6.0,D
3,82.27230735666261,17.89,35.5083,6.0,D
3,82.33429626822145,18.3376,35.7218,6.0,D
3,82.46374820971423,19.2724,36.1675,6.0,D
3,82.47622230787802,19.365,36.2047,6.0,D
3,82.62278614049455,20.4892,36.5378,6.0,D
3,82.6697210838337,20.8492,36.6445,6.0,D
3,82.76934077079994,21.6322,36.793,6.0,D
3,82.85046091414455,22.2698,36.9139,6.0,D
3,82.9217836160879,22.8385,36.9602,6.0,D
3,83.0242712746437,23.6557,37.0267,6.0,D
3,83.08719424342299,24.1589,37.0131,6.0,D
3,83.19670999928145,25.0347,36.9892,6.0,D
3,83.27680964425569,25.6697,36.9032,6.0,D
3,83.37328444099687,26.4345,36.7995,6.0,D
3,83.50937699337392,27.4924,36.5422,6.0,D
3,83.55960104762086,27.8828,36.4472,6.0,D
3,83.67686192797957,28.7685,36.1381,6.0,D
3,83.75084663184631,29.3152,35.9113,6.0,D
3,83.8431928181509,29.9658,35.5613,6.0,D
3,83.98099587338281,30.9367,35.0391,6.0,D
3,84.05770200192708,31.4494,34.7019,6.0,D
3,84.2393829869324,32.5887,33.7994,6.0,D
3,84.35406919537199,33.2602,33.1742,6.0,D
3,84.57648530490826,34.4297,31.8332,6.0,D
3,84.61133659613255,34.5989,31.6116,6.0,D
3,84.66161788148058,34.8054,31.2664,6.0,D
3,84.85471905517264,35.5983,29.9406,6.0,D
3,85.08548757691032,36.3441,28.2518,6.0,D
3,85.10174957728697,36.3805,28.1269,6.0,D
3,85.30062018377521,36.7815,26.5873,6.0,D
3,85.33625260624758,36.8181,26.3046,6.0,D
3,85.51790312923059,37.0045,24.8634,6.0,D
3,85.73375312923059,37.0045,23.1366,6.0,D
3,85.78314886854584,36.9538,22.7447,6.0,D
3,85.95106086791232,36.7815,21.4125,6.0,D
3,85.97550056730184,36.7322,21.2233,6.0,D
3,86.14993147455812,36.3805,19.8729,6.0,D
3,86.16605097458914,36.3444,19.7491,6.0,D
3,86.33717794545069,35.7915,18.4967,6.0,D
3,86.39692107397816,35.5984,18.0595,6.0,D
3,86.49593587716436,35.1918,17.3797,6.0,D
3,86.64029280514583,34.599,16.3886,6.0,D
3,86.64979064207063,34.5529,16.3282,6.0,D
3,86.67519900990979,34.4296,16.1666,6.0,D
3,86.80762093561037,33.7333,15.3682,6.0,D
3,86.89759748290187,33.2602,14.8257,6.0,D
3,86.9526277075516,32.938,14.5257,6.0,D
3,87.01227517449279,32.5887,14.2006,6.0,D
3,87.09925322219019,32.0433,13.7685,6.0,D
3,87.19396392149338,31.4494,13.298,6.0,D
3,87.2406255391518,31.1375,13.0929,6.0,D
3,87.27064587080386,30.9368,12.961,6.0,D
3,87.38277303145752,30.1468,12.5361,6.0,D
3,87.50079511228353,29.3153,12.0888,6.0,D
3,87.5186326298028,29.1835,12.0341,6.0,D
3,87.57481248884943,28.7684,11.8618,6.0,D
3,87.66726286236138,28.0701,11.6181,6.0,D
3,87.69203384462895,27.883,11.5528,6.0,D
3,87.81274023750542,26.9447,11.3246,6.0,D
3,87.87837474276942,26.4345,11.2005,6.0,D
3,87.96151499512952,25.7754,11.1112,6.0,D
3,88.05496157077572,25.0346,11.0108,6.0,D
3,88.11937318900178,24.5195,10.9967,6.0,D
3,88.22740029569843,23.6556,10.9733,6.0,D
3,88.29511052618467,23.1157,11.0172,6.0,D
3,88.40119819777048,22.2698,11.0861,6.0,D
3,88.50314451483246,21.4685,11.238,6.0,D
3,88.58193802860421,20.8492,11.3555,6.0,D
3,88.76868526795798,19.4168,11.78,6.0,D
3,88.7753218380435,19.3659,11.7951,6.0,D
3,88.78790966078017,19.2724,11.8325,6.0,D
3,88.97935051326469,17.89,12.4917,6.0,D
3,89.1854148152738,16.4753,13.338,6.0,D
3,89.21009438678549,16.3151,13.4534,6.0,D
3,89.48103625439734,14.6735,14.8688,6.0,D
3,89.49866886800112,14.5768,14.9715,6.0,D
3,89.73324753351122,13.3927,16.4274,6.0,D
3,89.9160460154524,12.6067,17.6606,6.0,D
3,89.96851967700036,12.4004,18.0262,6.0,D
3,90.00222929404431,12.2966,18.2751,6.0,D
3,90.19803698669197,11.6942,19.7211,6.0,D
3,90.32919574366706,11.4163,20.7329,6.0,D
3,90.41937938443688,11.2252,21.4286,6.0,D
3,90.58970703284577,11.0409,22.7787,6.0,D
3,90.635577965908,10.9913,23.1423,6.0,D
3,90.850002965908,10.9913,24.8577,6.0,T
3,90.93006516950274,15.8341,13.8681,6.0,D
3,92.97192766950273,32.169,13.8681,6.0,T
3,93.09999146663873,13.1788,16.7629,6.0,D
3,95.80550396663872,34.8229,16.7629,6.0,T
3,95.96072376939884,11.7206,19.6578,6.0,D
3,99.03366126939883,36.3041,19.6578,6.0,T
3,99.2029800129081,11.0718,22.5526,6.0,D
3,102.4351300129081,36.929,22.5526,6.0,T
3,102.60858825749996,11.0718,25.4474,6.0,D
3,105.84073825749996,36.929,25.4474,6.0,T
3,106.00989870698835,11.7206,28.3422,6.0,D
3,109.08284870698836,36.3042,28.3422,6.0,T
3,109.23822131592428,13.1788,31.2371,6.0,D
3,111.94373381592428,34.8229,31.2371,6.0,T
3,112.07178838631953,15.8341,34.1319,6.0,D
3,114.11365088631952,32.169,34.1319,6.0,T
3,124.32980208845171,0.0,1200.0,1000.0,W
3,190.90916542854563,0.0,1200.0,1000.0,W
3,266.095212620759,0.0,1200.0,1000.0,T
3,276.3394300336931,5.451,23.1117,12.0,D
3,276.5614175336931,5.451,24.8876,12.0,D
3,276.77646644164776,5.6197,26.5997,12.0,D
3,276.7838396723677,5.6255,26.6584,12.0,D
3,276.97747763231166,5.9269,28.1779,12.0,D
3,277.007488343941,5.9736,28.4134,12.0,D
3,277.1705667041318,6.3495,29.6627,12.0,D
3,277.23334146269366,6.4942,30.1436,12.0,D
3,277.3564903119067,6.8661,31.0559,12.0,D
3,277.4620695571742,7.1848,31.8381,12.0,D
3,277.5355896649679,7.4562,32.3599,12.0,D
3,277.6943260600542,8.0422,33.4865,12.0,D
3,277.7076933300167,8.0998,33.5766,12.0,D
3,277.7617368440239,8.3331,33.9406,12.0,D
3,277.88594791941574,8.8929,34.7616,12.0,D
3,277.92798975126215,9.0825,35.0394,12.0,D
3,278.0461354564581,9.6825,35.7697,12.0,D
3,278.174769196443,10.3358,36.5648,12.0,D
3,278.19900693174355,10.4713,36.7035,12.0,D
3,278.2445212855921,10.7257,36.964,12.0,D
3,278.357233363472,11.3789,37.5856,12.0,D
3,278.42777174176706,11.7878,37.9745,12.0,D
3,278.49990709306064,12.2369,38.3369,12.0,D
3,278.58244367301916,12.7508,38.7515,12.0,D
3,278.64408247091666,13.1472,39.0448,12.0,D
3,278.69842861412155,13.4967,39.3034,12.0,D
3,278.77715373419926,14.0297,39.6389,12.0,D
3,278.83991521970194,14.4546,39.9064,12.0,D
3,278.91053460554076,14.9458,40.1855,12.0,D
3,279.0019174540409,15.5814,40.5467,12.0,D
3,279.0333148763077,15.8076,40.6559,12.0,D
3,279.0501260797893,15.9287,40.7144,12.0,D
3,279.1596356755447,16.7342,41.0589,12.0,D
3,279.2393698912632,17.3207,41.3097,12.0,D
3,279.27793828830016,17.6101,41.4167,12.0,D
3,279.3698854546853,18.3001,41.6716,12.0,D
3,279.3923179715414,18.4714,41.7251,12.0,D
3,279.39659970965226,18.5041,41.7353,12.0,D
3,279.50937287869635,19.377,41.9633,12.0,D
3,279.5468343922803,19.667,42.0389,12.0,D
3,279.6225768836573,20.2602,42.1625,12.0,D
3,279.68559824040443,20.7538,42.2652,12.0,D
3,279.7335922406805,21.1333,42.3235,12.0,D
3,279.8161127248799,21.7858,42.4238,12.0,D
3,279.84430964680854,22.0103,42.4458,12.0,D
3,279.94117539233423,22.7815,42.5217,12.0,D
3,279.9569642976557,22.9077,42.527,12.0,D
3,280.0632340877244,23.7571,42.5629,12.0,D
3,280.0740226305477,23.8434,42.5617,12.0,D
3,280.1847586546376,24.7292,42.5492,12.0,D
3,280.1989314774422,24.8423,42.5412,12.0,D
3,280.30801256038626,25.7128,42.48,12.0,D
3,280.33585526589417,25.9338,42.4522,12.0,D
3,280.4354645337863,26.7244,42.3524,12.0,D
3,280.49101407530105,27.1617,42.2733,12.0,D
3,280.5697236879605,27.7813,42.1611,12.0,D
3,280.67348209876417,28.5894,41.9714,12.0,D
3,280.7138137802472,28.9035,41.8976,12.0,D
3,280.82183077254473,29.7341,41.6592,12.0,D
3,280.861763047242,30.0366,41.5565,12.0,D
3,280.89565943578486,30.2885,41.4561,12.0,D
3,281.0393528643272,31.3562,41.0301,12.0,D
3,281.1901789277455,32.4542,40.5298,12.0,D
3,281.2302209466912,32.7365,40.3784,12.0,D
3,281.3955498924705,33.871,39.6985,12.0,D
3,281.4745400036,34.413,39.3736,12.0,D
3,281.48610915709105,34.4903,39.3227,12.0,D
3,281.7605884871985,36.2267,37.9786,12.0,D
3,282.01564612345453,37.6778,36.5441,12.0,D
3,282.1550315294562,38.4006,35.695,12.0,D
3,282.2565526725743,38.9062,35.0594,12.0,D
3,282.33647194825295,39.2584,34.5258,12.0,D
3,282.4948578619456,39.9564,33.4683,12.0,D
3,282.7098244629125,40.7687,31.9525,12.0,D
3,282.72841936308697,40.839,31.8214,12.0,D
3,282.7932388540311,41.0398,31.3433,12.0,D
3,282.95282614401685,41.5104,30.1565,12.0,D
3,282.9877301552477,41.5888,29.8885,12.0,D
3,283.1785572616326,42.0178,28.4234,12.0,D
3,283.25404902028873,42.1322,27.8304,12.0,D
3,283.40249019182227,42.3573,26.6644,12.0,D
3,283.49984670322493,42.4316,25.8891,12.0,D
3,283.6253194517602,42.5274,24.8899,12.0,D
3,283.8477944517602,42.5274,23.1101,12.0,D
3,283.94722313615887,42.4515,22.3183,12.0,D
3,284.0706237116488,42.3573,21.3356,12.0,D
3,284.15429115696804,42.2304,20.6784,12.0,D
3,284.294556641853,42.0178,19.5766,12.0,D
3,284.35251717395244,41.8875,19.1316,12.0,D
3,284.52026376575833,41.5104,17.8437,12.0,D
3,284.5427353102647,41.4441,17.6766,12.0,D
3,284.6798742965614,41.0398,16.6567,12.0,D
3,284.73959568746324,40.8548,16.2162,12.0,D
3,284.74469378759954,40.839,16.1786,12.0,D
3,284.9149213457754,40.1957,14.9783,12.0,D
3,284.97825528834375,39.9564,14.5317,12.0,D
3,285.084103583382,39.4899,13.825,12.0,D
3,285.2165777960849,38.9061,12.9405,12.0,D
3,285.24641490594826,38.7575,12.7537,12.0,D
3,285.3180715928745,38.4006,12.3051,12.0,D
3,285.4139812003833,37.9033,11.7208,12.0,D
3,285.4574760366429,37.6778,11.4558,12.0,D
3,285.56555918172114,37.0628,10.848,12.0,D
3,285.7125248861601,36.2267,10.0214,12.0,D
3,285.8594018159347,35.2975,9.3022,12.0,D
3,285.9870141010506,34.4902,8.6773,12.0,D
3,285.9920584822069,34.4565,8.6551,12.0,D
3,285.9985659418687,34.413,8.6265,12.0,D
3,286.1311257868445,33.5034,8.0813,12.0,D
3,286.2428635553306,32.7367,7.6217,12.0,D
3,286.2591878566173,32.6216,7.56,12.0,D
3,286.28294453002184,32.4541,7.4702,12.0,D
3,286.3835100691307,31.722,7.1366,12.0,D
3,286.4337705935261,31.3561,6.9699,12.0,D
3,286.5056393552119,30.8221,6.7568,12.0,D
3,286.61129772641954,30.037,6.4436,12.0,D
3,286.62038936062356,29.9681,6.4203,12.0,D
3,286.651305044851,29.7339,6.3408,12.0,D
3,286.7373718103589,29.0721,6.1508,12.0,D
3,286.7593100225981,28.9034,6.1024,12.0,D
3,286.8522835411733,28.1793,5.9324,12.0,D
3,286.90337291904433,27.7814,5.839,12.0,D
3,286.9641716199453,27.3028,5.7523,12.0,D
3,287.037661127062,26.7243,5.6475,12.0,D
3,287.0748157553908,26.4294,5.6103,12.0,D
3,287.1651255001584,25.7126,5.5199,12.0,D
3,287.1862395838764,25.5441,5.5081,12.0,D
3,287.28840346723297,24.7288,5.4508,12.0,D
3,287.300767389042,24.6299,5.4493,12.0,D
3,287.40987804674785,23.7571,5.4371,12.0,D
3,287.4212504709067,23.6662,5.4409,12.0,D
3,287.5319117650942,22.7817,5.4783,12.0,D
3,287.5514431260939,22.6262,5.4936,12.0,D
3,287.65698687072734,21.7859,5.5762,12.0,D
3,287.6966082230831,21.4726,5.6243,12.0,D
3,287.78750135573074,20.7539,5.7348,12.0,D
3,287.86403060361187,20.1545,5.8595,12.0,D
3,287.9262626554923,19.6671,5.961,12.0,D
3,288.0650400114667,18.5929,6.2415,12.0,D
3,288.0765125874634,18.5041,6.2647,12.0,D
3,288.10321491063013,18.3002,6.3284,12.0,D
3,288.23375392359657,17.3206,6.6903,12.0,D
3,288.3630711014965,16.3694,7.0971,12.0,D
3,288.42301414347173,15.9285,7.2857,12.0,D
3,288.47116687249616,15.5816,7.4532,12.0,D
3,288.6331970182253,14.4546,8.0936,12.0,D
3,288.7746836237088,13.4967,8.6966,12.0,D
3,288.8906685648111,12.7508,9.2485,12.0,D
3,289.0453404958458,11.7878,10.0255,12.0,D
3,289.2286000065983,10.7256,11.036,12.0,D
3,289.2983346296793,10.3359,11.4352,12.0,D
3,289.39191419559114,9.8606,12.0136,12.0,D
3,289.5451123526052,9.0825,12.9605,12.0,D
3,289.71136525671517,8.3331,14.0593,12.0,D
3,289.7788248800557,8.0421,14.5138,12.0,D
3,289.8109110774387,7.9236,14.7415,12.0,D
3,290.01105343653904,7.1848,16.162,12.0,D
3,290.1354533662014,6.8092,17.0836,12.0,D
3,290.23976995464733,6.4942,17.8564,12.0,D
3,290.4207309354208,6.0771,19.2427,12.0,D
3,290.4655955320561,5.9737,19.5864,12.0,D
3,290.6784014038325,5.6424,21.2563,12.0,D
3,290.6893103737655,5.6254,21.3419,12.0,D
3,290.9116068888642,5.451,23.1117,12.0,T
3,291.02612244868806,14.138,8.2929,12.0,D
3,293.49093494868805,33.8565,8.2929,12.0,T
3,293.6470403611944,10.6155,11.1488,12.0,D
3,296.9909903611944,37.3671,11.1488,12.0,T
3,297.1852369632845,8.3704,14.0046,12.0,D
3,301.0899994632845,39.6085,14.0046,12.0,T
3,301.3088843627718,6.9002,16.8604,12.0,D
3,305.5864343627718,41.1206,16.8604,12.0,T
3,305.82169072318646,5.9479,19.7163,12.0,D
3,310.33379072318644,42.0447,19.7163,12.0,T
3,310.5781369014654,5.5042,22.5721,12.0,D
3,315.1995869014654,42.4758,22.5721,12.0,T
3,315.4467984438245,5.5042,25.4279,12.0,D
3,320.0682484438245,42.4758,25.4279,12.0,T
3,320.3125108775624,5.9479,28.2837,12.0,D
3,324.82461087756235,42.0447,28.2837,12.0,T
3,325.05967985515167,6.9002,31.1396,12.0,D
3,329.3372298551517,41.1206,31.1396,12.0,T
3,329.556392366509,8.3705,33.9954,12.0,D
3,333.46114236650897,39.6085,33.9954,12.0,T
3,333.6553637572579,10.6156,36.8512,12.0,D
3,336.99930125725786,37.3671,36.8512,12.0,T
3,337.15532792899774,14.138,39.7071,12.0,D
3,339.6201654289977,33.8567,39.7071,12.0,T
3,349.7823390589634,0.0,1200.0,1000.0,W
3,441.86612200163864,0.0,1200.0,1000.0,W
3,536.9338837522788,0.0,1200.0,1000.0,T
3,547.1432315826182,2.6833,24.8994,18.0,D
3,547.2217822430229,2.7359,25.5256,18.0,D
3,547.3680970027235,2.834,26.692,18.0,D
3,547.4393847482079,2.9292,27.2543,18.0,D
3,547.5932154003266,3.1345,28.4677,18.0,D
3,547.6517919341306,3.251,28.9216,18.0,D
3,547.818680924649,3.5829,30.2148,18.0,D
3,547.8589637140882,3.6887,30.5192,18.0,D
3,548.0446363864178,4.1765,31.9222,18.0,D
3,548.0607867395486,4.2289,32.0403,18.0,D
3,548.2306681549903,4.78,33.2826,18.0,D
3,548.2693763683468,4.9086,33.5643,18.0,D
3,548.4637438621729,5.6703,34.9199,18.0,D
3,548.4978946491331,5.8041,35.1581,18.0,D
3,548.6502226797323,6.4873,36.1672,18.0,D
3,548.7279415501082,6.8358,36.6821,18.0,D
3,548.8302630753668,7.3489,37.3199,18.0,D
3,548.9593997066194,7.9964,38.1249,18.0,D
3,549.0025833985644,8.2342,38.3755,18.0,D
3,549.1338953559646,8.957,39.1378,18.0,D
3,549.1801949577447,9.2166,39.402,18.0,D
3,549.1900329024614,9.2718,39.4581,18.0,D
3,549.3416191042164,10.1885,40.252,18.0,D
3,549.4297022254713,10.7211,40.7134,18.0,D
3,549.4925347210448,11.1259,41.0114,18.0,D
3,549.5970288596363,11.7991,41.507,18.0,D
3,549.6457549948207,12.1177,41.7316,18.0,D
3,549.6700207532315,12.2764,41.8434,18.0,D
3,549.7832725005966,13.0547,42.3072,18.0,D
3,549.9079203677313,13.9113,42.8177,18.0,D
3,549.9168090983071,13.9732,42.8527,18.0,D
3,549.9195068983367,13.992,42.8633,18.0,D
3,550.0390868950963,14.8568,43.2723,18.0,D
3,550.1297026782482,15.5121,43.5823,18.0,D
3,550.1564405522522,15.7076,43.6691,18.0,D
3,550.1864630698432,15.9271,43.7666,18.0,D
3,550.2610400277877,16.4875,43.9713,18.0,D
3,550.2997381947339,16.7783,44.0775,18.0,D
3,550.3658821204282,17.2794,44.2475,18.0,D
3,550.449185596121,17.9105,44.4616,18.0,D
3,550.4595402222006,17.9896,44.4862,18.0,D
3,550.4813210372968,18.156,44.5379,18.0,D
3,550.5448078297225,18.6489,44.6604,18.0,D
3,550.5624401907739,18.7858,44.6944,18.0,D
3,550.6313767841497,19.3239,44.8152,18.0,D
3,550.6703091072405,19.6278,44.8834,18.0,D
3,550.7106551494876,19.9444,44.9462,18.0,D
3,550.765646162958,20.3759,45.0319,18.0,D
3,550.784291324026,20.5229,45.0572,18.0,D
3,550.8513586968685,21.0517,45.148,18.0,D
3,550.8533279924278,21.0673,45.1502,18.0,D
3,550.8771822438832,21.2562,45.1773,18.0,D
3,550.9211685574506,21.606,45.2156,18.0,D
3,550.9238465347657,21.6273,45.2179,18.0,D
3,550.9899221968888,22.1539,45.2639,18.0,D
3,550.9981790879501,22.2197,45.2697,18.0,D
3,551.056650268084,22.6865,45.2998,18.0,D
3,551.0689380287629,22.7846,45.3061,18.0,D
3,551.1223713546233,23.2117,45.3238,18.0,D
3,551.1372589595767,23.3307,45.3287,18.0,D
3,551.1880167191435,23.7367,45.3358,18.0,D
3,551.2043069817643,23.867,45.3382,18.0,D
3,551.2547203743922,24.2703,45.3358,18.0,D
3,551.270983181845,24.4004,45.335,18.0,D
3,551.3235685306245,24.8209,45.3226,18.0,D
3,551.3385249308013,24.9405,45.3191,18.0,D
3,551.3958922410159,25.3988,45.2949,18.0,D
3,551.4078599057839,25.4944,45.2897,18.0,D
3,551.4733223234371,26.0166,45.2501,18.0,D
3,551.4803170535963,26.0724,45.2459,18.0,D
3,551.5558566179401,26.6738,45.1866,18.0,D
3,551.5633578261761,26.7334,45.1796,18.0,D
3,551.6323114813548,27.2783,45.0937,18.0,D
3,551.6491815963885,27.411,45.0691,18.0,D
3,551.7225216881699,27.9879,44.9622,18.0,D
3,551.7741672651828,28.3921,44.8766,18.0,D
3,551.823689633866,28.7797,44.7946,18.0,D
3,551.9297435418857,29.6053,44.5991,18.0,D
3,551.9393760795186,29.6803,44.5814,18.0,D
3,551.9583734683195,29.8274,44.5432,18.0,D
3,552.0639804579082,30.6308,44.2818,18.0,D
3,552.1926251478492,31.6014,43.9396,18.0,D
3,552.2283520131783,31.871,43.8447,18.0,D
3,552.2534764565801,32.059,43.7736,18.0,D
3,552.4227126238509,33.2895,43.2089,18.0,D
3,552.5191826297141,33.9836,42.8715,18.0,D
3,552.6831469751143,35.1177,42.2124,18.0,D
3,552.7695222546,35.7077,41.8527,18.0,D
3,552.9592679664257,36.9389,40.9648,18.0,D
3,553.0151429272759,37.3015,40.7034,18.0,D
3,553.0458362312077,37.4887,40.5445,18.0,D
3,553.2491442906427,38.7082,39.4683,18.0,D
3,553.3943545616723,39.5147,38.6322,18.0,D
3,553.4841278220634,40.0132,38.1152,18.0,D
3,553.6695794266838,40.9525,36.9668,18.0,D
3,553.7135252047091,41.1709,36.6913,18.0,D
3,553.7233156656278,41.2143,36.6261,18.0,D
3,553.9425470605767,42.1876,35.1671,18.0,D
3,554.0177173776074,42.4789,34.641,18.0,D
3,554.1704631861628,43.0707,33.5719,18.0,D
3,554.2928350815524,43.4721,32.679,18.0,D
3,554.3974267907124,43.8151,31.9158,18.0,D
3,554.5533530578429,44.2294,30.7392,18.0,D
3,554.623577427055,44.416,30.2093,18.0,D
3,554.8024462695416,44.7761,28.8244,18.0,D
3,554.8490728127466,44.87,28.4634,18.0,D
3,555.0422868076137,45.1311,26.9399,18.0,D
3,555.0740428528059,45.174,26.6895,18.0,D
3,555.274453737771,45.3101,25.092,18.0,D
3,555.2987539242414,45.3266,24.8983,18.0,D
3,555.5233414242414,45.3266,23.1016,18.0,D
3,555.7198626464573,45.1932,21.5351,18.0,D
3,555.7480400420964,45.174,21.3105,18.0,D
3,555.9344437391661,44.9221,19.8407,18.0,D
3,555.9730245148193,44.8699,19.5365,18.0,D
3,556.1440377841326,44.5257,18.2124,18.0,D
3,556.1985046576659,44.416,17.7907,18.0,D
3,556.3487459391309,44.0168,16.657,18.0,D
3,556.4246552939975,43.8151,16.0842,18.0,D
3,556.5484207235911,43.4092,15.1811,18.0,D
3,556.6516188983873,43.0707,14.4281,18.0,D
3,556.742718325526,42.7177,13.7905,18.0,D
3,556.8795520139263,42.1875,12.8328,18.0,D
3,556.9310281931866,41.959,12.4902,18.0,D
3,557.1084490558269,41.1714,11.3094,18.0,D
3,557.1122480071624,41.1525,11.2856,18.0,D
3,557.1525099948959,40.9524,11.0332,18.0,D
3,557.303210916115,40.1891,10.1,18.0,D
3,557.3379440100241,40.0132,9.8849,18.0,D
3,557.4743763564683,39.2556,9.0992,18.0,D
3,557.5729278610864,38.7083,8.5317,18.0,D
3,557.6366833767792,38.3258,8.1943,18.0,D
3,557.7762276512273,37.4888,7.4556,18.0,D
3,557.8015478661009,37.3343,7.3246,18.0,D
3,557.8069833542345,37.3012,7.2964,18.0,D
3,557.9519790098806,36.3603,6.618,18.0,D
3,558.052569126505,35.7076,6.1473,18.0,D
3,558.0896288270737,35.4545,5.9929,18.0,D
3,558.1389230616504,35.1178,5.7876,18.0,D
3,558.23248485941,34.4706,5.4116,18.0,D
3,558.3028982159643,33.9836,5.1285,18.0,D
3,558.3545601851728,33.6119,4.9478,18.0,D
3,558.3993961709989,33.2893,4.791,18.0,D
3,558.479855521178,32.7043,4.5225,18.0,D
3,558.5686044032133,32.059,4.2264,18.0,D
3,558.5838549411136,31.9449,4.1832,18.0,D
3,558.5937288492811,31.871,4.1553,18.0,D
3,558.6952369170024,31.1051,3.8854,18.0,D
3,558.7580886124847,30.6309,3.7182,18.0,D
3,558.7941553908271,30.3565,3.629,18.0,D
3,558.8636917358651,29.8275,3.4569,18.0,D
3,558.8783779592139,29.7138,3.4273,18.0,D
3,558.8826649307557,29.6806,3.4187,18.0,D
3,558.9693449394442,29.0058,3.259,18.0,D
3,558.9984179563586,28.7795,3.2053,18.0,D
3,559.0520418680609,28.3598,3.1165,18.0,D
3,559.0995466260463,27.988,3.0378,18.0,D
3,559.1283026172698,27.7618,2.9959,18.0,D
3,559.1897422649943,27.2785,2.9064,18.0,D
3,559.1994853795502,27.2015,2.8943,18.0,D
3,559.258975353758,26.7314,2.8201,18.0,D
3,559.2638344946287,26.6928,2.8155,18.0,D
3,559.3361600660488,26.117,2.7586,18.0,D
3,559.3417758084307,26.0723,2.7541,18.0,D
3,559.40369100497,25.5784,2.7166,18.0,D
3,559.4141457063646,25.495,2.7103,18.0,D
3,559.4697858026307,25.0505,2.6868,18.0,D
3,559.4835549030007,24.9405,2.681,18.0,D
3,559.5353652211091,24.5262,2.6687,18.0,D
3,559.5510970211095,24.4004,2.665,18.0,D
3,559.6014104155115,23.9979,2.6626,18.0,D
3,559.6178232201545,23.8666,2.6618,18.0,D
3,559.669018631631,23.4571,2.669,18.0,D
3,559.6848087491892,23.3308,2.6713,18.0,D
3,559.7394426000168,22.8941,2.6893,18.0,D
3,559.7531047054548,22.7849,2.6939,18.0,D
3,559.8141061091271,22.2979,2.7253,18.0,D
3,559.823876120642,22.2199,2.7303,18.0,D
3,559.8947321123611,21.6552,2.7796,18.0,D
3,559.8982709372013,21.627,2.7821,18.0,D
3,559.9448979478818,21.2562,2.8227,18.0,D
3,559.9706207277909,21.0525,2.8519,18.0,D
3,559.9749958349324,21.018,2.8578,18.0,D
3,560.0564462540918,20.3758,2.9681,18.0,D
3,560.0888152593284,20.1218,3.0185,18.0,D
3,560.1517587880863,19.6279,3.1166,18.0,D
3,560.2274975176522,19.0367,3.2493,18.0,D
3,560.2596277044903,18.7859,3.3056,18.0,D
3,560.3407589889156,18.156,3.4621,18.0,D
3,560.3729220135907,17.9103,3.5385,18.0,D
3,560.4094823682286,17.6333,3.6324,18.0,D
3,560.5223258722784,16.7784,3.9224,18.0,D
3,560.6356170271903,15.9271,4.2334,18.0,D
3,560.6923774185847,15.5121,4.4177,18.0,D
3,560.9025844980325,13.9919,5.1367,18.0,D
3,560.914132231847,13.9115,5.1822,18.0,D
3,561.1520425842516,12.2765,6.1565,18.0,D
3,561.2250693141609,11.799,6.4931,18.0,D
3,561.3923784712997,10.7211,7.2866,18.0,D
3,561.585249855339,9.5548,8.2968,18.0,D
3,561.6320654259994,9.2717,8.542,18.0,D
3,561.6881942092795,8.957,8.8623,18.0,D
3,561.8626454435113,7.9966,9.8749,18.0,D
3,561.9438795044479,7.5893,10.3813,18.0,D
3,562.0941484893133,6.8358,11.318,18.0,D
3,562.2618871592921,6.0835,12.4292,18.0,D
3,562.3241676801734,5.8042,12.8418,18.0,D
3,562.5521711851493,4.9107,14.432,18.0,D
3,562.5528705151859,4.908,14.4369,18.0,D
3,562.5913945681431,4.7801,14.7173,18.0,D
3,562.7774428317906,4.1765,16.0778,18.0,D
3,562.7985805683358,4.1209,16.2375,18.0,D
3,563.0033982956111,3.5829,17.7852,18.0,D
3,563.0510695985616,3.4881,18.1546,18.0,D
3,563.228863819942,3.1345,19.5323,18.0,D
3,563.2944448218595,3.047,20.0496,18.0,D
3,563.4539698928711,2.834,21.3079,18.0,D
3,563.5301122349023,2.783,21.9149,18.0,D
3,563.6788602249097,2.6833,23.1007,18.0,D
3,563.9036977249098,2.6833,24.8994,18.0,T
3,564.0513010905955,13.3666,5.5069,18.0,D
3,566.7098010905955,34.6346,5.5069,18.0,T
3,566.8784941302017,9.4911,8.352,18.0,D
3,570.5051816302017,38.5046,8.352,18.0,T
3,570.7165111997014,6.9331,11.1971,18.0,D
3,574.9851611997013,41.0823,11.1971,18.0,T
3,575.225594516007,5.1297,14.0422,18.0,D
3,579.941507016007,42.857,14.0422,18.0,T
3,580.2019452823547,3.895,16.8873,18.0,D
3,585.2273077823547,44.0979,16.8873,18.0,T
3,585.5012798005407,3.1007,19.7324,18.0,D
3,590.7266298005408,44.9035,19.7324,18.0,T
3,591.0084434852846,2.7273,22.5775,18.0,D
3,596.3277809852846,45.282,22.5775,18.0,T
3,596.6121129530843,2.7272,25.4225,18.0,D
3,601.9314504530843,45.2819,25.4225,18.0,T
3,602.2132973955863,3.1007,28.2676,18.0,D
3,607.4386473955864,44.9035,28.2676,18.0,T
3,607.7126939013372,3.8951,31.1127,18.0,D
3,612.7380439013372,44.0979,31.1127,18.0,T
3,612.998523391274,5.1297,33.9578,18.0,D
3,617.714448391274,42.8571,33.9578,18.0,T
3,617.9546923001869,6.933,36.8029,18.0,D
3,622.223367300187,41.0824,36.8029,18.0,T
3,622.434828337281,9.4911,39.648,18.0,D
3,626.061515837281,38.5046,39.648,18.0,T
3,626.2301724427793,13.3666,42.4931,18.0,D
3,628.8886849427794,34.6347,42.4931,18.0,T
3,639.0109284051123,0.0,1200.0,1000.0,W
3,743.399192667194,0.0,1200.0,1000.0,W
3,848.7387892476537,0.0,1200.0,1000.0,T
3,858.9225106067643,1.6603,24.902,24.0,D
3,859.032441412416,1.731,25.7786,24.0,D
3,859.1479663556102,1.8054,26.6998,24.0,D
3,859.2570932098326,1.9455,27.5615,24.0,D
3,859.3734476038193,2.0947,28.4803,24.0,D
3,859.4809247707258,2.3006,29.3151,24.0,D
3,859.5989281055569,2.5265,30.2317,24.0,D
3,859.703880160831,2.7924,31.0281,24.0,D
3,859.8244064319558,3.0977,31.9427,24.0,D
3,859.9258490858606,3.4158,32.6893,24.0,D
3,860.049873217207,3.8047,33.6021,24.0,D
3,860.1467246828968,4.1647,34.2882,24.0,D
3,860.2753458836424,4.6429,35.1993,24.0,D
3,860.3662737809018,5.0317,35.8141,24.0,D
3,860.500827797123,5.607,36.7239,24.0,D
3,860.5842803379021,6.0081,37.2576,24.0,D
3,860.7263153973945,6.6907,38.166,24.0,D
3,860.8004138643996,7.0838,38.6097,24.0,D
3,860.9517987144095,7.8869,39.5162,24.0,D
3,861.0140897902149,8.2463,39.8614,24.0,D
3,861.1772611174488,9.1877,40.7657,24.0,D
3,861.2245332369406,9.4807,41.0048,24.0,D
3,861.4027422688736,10.585,41.9065,24.0,D
3,861.4307063138689,10.7691,42.0336,24.0,D
3,861.6281290788303,12.0689,42.9308,24.0,D
3,861.6304811058816,12.0852,42.9402,24.0,D
3,861.7005009713663,12.5703,43.2203,24.0,D
3,861.8431876062739,13.5605,43.7882,24.0,D
3,861.8539383329935,13.6351,43.831,24.0,D
3,862.0346386512002,14.9427,44.4474,24.0,D
3,862.0808037032554,15.2768,44.6048,24.0,D
3,862.2140859255554,16.2746,44.9807,24.0,D
3,862.3077906429527,16.9761,45.245,24.0,D
3,862.3742320692243,17.4869,45.392,24.0,D
3,862.4886673436429,18.3667,45.6451,24.0,D
3,862.5247142315113,18.6441,45.7239,24.0,D
3,862.5348875191437,18.7224,45.7461,24.0,D
3,862.6529690442122,19.6487,45.9314,24.0,D
3,862.737002356989,20.3079,46.0633,24.0,D
3,862.7547338305953,20.4471,46.0906,24.0,D
3,862.7655104836008,20.5317,46.1072,24.0,D
3,862.8346513237841,21.0811,46.1713,24.0,D
3,862.8532013406304,21.2285,46.1885,24.0,D
3,862.9044900043998,21.6362,46.2347,24.0,D
3,862.9331083824549,21.8637,46.2604,24.0,D
3,862.955001453562,22.0378,46.2795,24.0,D
3,862.9870928854402,22.293,46.3075,24.0,D
3,862.9930245931412,22.3402,46.3124,24.0,D
3,862.9933765963372,22.343,46.3127,24.0,D
3,863.0082451085777,22.4613,46.3251,24.0,D
3,863.012872962427,22.4983,46.3264,24.0,D
3,863.0435271882776,22.7434,46.3345,24.0,D
3,863.0681265086442,22.9401,46.3406,24.0,D
3,863.0885724510902,23.1036,46.3453,24.0,D
3,863.1059785967361,23.2428,46.349,24.0,D
3,863.1210829473097,23.3636,46.3519,24.0,D
3,863.1346107427694,23.4718,46.3541,24.0,D
3,863.1469752901226,23.5707,46.3559,24.0,D
3,863.1581516602846,23.6601,46.3573,24.0,D
3,863.1687398981574,23.7448,46.3583,24.0,D
3,863.1789652725392,23.8266,46.359,24.0,D
3,863.1886904733726,23.9044,46.3595,24.0,D
3,863.198215506181,23.9806,46.3597,24.0,D
3,863.207815514319,24.0574,46.3596,24.0,D
3,863.2175405866195,24.1352,46.3593,24.0,D
3,863.2273157864256,24.2134,46.3588,24.0,D
3,863.2376915394103,24.2964,46.3578,24.0,D
3,863.2486549016911,24.3841,46.3567,24.0,D
3,863.2603441127958,24.4776,46.3551,24.0,D
3,863.2731840468397,24.5803,46.3531,24.0,D
3,863.2875130220734,24.6949,46.3504,24.0,D
3,863.30370515944,24.8244,46.3473,24.0,D
3,863.3224874982188,24.9746,46.3431,24.0,D
3,863.3448598095098,25.1535,46.3378,24.0,D
3,863.3721738283463,25.3719,46.3308,24.0,D
3,863.393448685132,25.542,46.325,24.0,D
3,863.395158993949,25.5556,46.3235,24.0,D
3,863.4387825326065,25.9026,46.2863,24.0,D
3,863.4654338019243,26.1145,46.2627,24.0,D
3,863.5038087652794,26.4196,46.2286,24.0,D
3,863.5896713016748,27.102,46.1501,24.0,D
3,863.6045810352824,27.2205,46.1365,24.0,D
3,863.6354059491103,27.4654,46.1076,24.0,D
3,863.7698118600899,28.5201,45.8984,24.0,D
3,863.8657764792212,29.2727,45.7468,24.0,D
3,864.027451591812,30.5162,45.391,24.0,D
3,864.0942500351415,31.03,45.2441,24.0,D
3,864.1657139038532,31.5654,45.0436,24.0,D
3,864.3203698061816,32.7226,44.6058,24.0,D
3,864.3641564997225,33.0392,44.4559,24.0,D
3,864.546371462061,34.3568,43.8323,24.0,D
3,864.6427454609209,35.0249,43.4475,24.0,D
3,864.7723206188891,35.9232,42.9302,24.0,D
3,864.9043334639081,36.793,42.3312,24.0,D
3,864.9982234011351,37.4117,41.9053,24.0,D
3,865.1557267488178,38.3887,41.1096,24.0,D
3,865.224070896336,38.8127,40.7644,24.0,D
3,865.4004281730855,39.8314,39.7883,24.0,D
3,865.4498572905796,40.1169,39.5147,24.0,D
3,865.6405172697474,41.1298,38.3743,24.0,D
3,865.6755894564664,41.3161,38.1645,24.0,D
3,865.8772424202742,42.2868,36.876,24.0,D
3,865.9012799722763,42.4025,36.7224,24.0,D
3,866.1114593636602,43.3028,35.3023,24.0,D
3,866.1269223689065,43.369,35.1978,24.0,D
3,866.3436103159785,44.1762,33.6637,24.0,D
3,866.3524501848265,44.2091,33.6011,24.0,D
3,866.5742416793236,44.9061,31.9694,24.0,D
3,866.5779822716897,44.9179,31.9419,24.0,D
3,866.8035832776853,45.4907,30.2304,24.0,D
3,866.8035957776854,45.4907,30.2303,24.0,D
3,867.0289637524788,45.9232,28.48,24.0,D
3,867.2543993727926,46.2133,26.7,24.0,D
3,867.4799837420567,46.3588,24.9012,24.0,D
3,867.7053212420567,46.3588,23.0985,24.0,D
3,867.9308567824933,46.2132,21.3001,24.0,D
3,868.1562780551279,45.9232,19.5202,24.0,D
3,868.3816975685496,45.4906,17.7695,24.0,D
3,868.6045197299811,44.9248,16.0791,24.0,D
3,868.6072709229041,44.9179,16.0582,24.0,D
3,868.8257748251863,44.2312,14.4507,24.0,D
3,868.8327866009956,44.2092,14.3991,24.0,D
3,869.0459744630592,43.415,12.8898,24.0,D
3,869.0583982557571,43.3688,12.8018,24.0,D
3,869.2649086690085,42.4842,11.4065,24.0,D
3,869.2840128447627,42.4024,11.2774,24.0,D
3,869.4823633000811,41.4476,10.01,24.0,D
3,869.5096583660272,41.3162,9.8356,24.0,D
3,869.6979899594005,40.3157,8.7091,24.0,D
3,869.7353998782891,40.117,8.4853,24.0,D
3,869.911279967057,39.101,7.5119,24.0,D
3,869.9612043239006,38.8126,7.2356,24.0,D
3,870.1215423048191,37.818,6.4256,24.0,D
3,870.1870421259066,37.4117,6.0947,24.0,D
3,870.3277299391004,36.4847,5.4564,24.0,D
3,870.4129449071592,35.9232,5.0698,24.0,D
3,870.5282017561964,35.1242,4.6096,24.0,D
3,870.63889406411,34.3568,4.1677,24.0,D
3,870.7203898174503,33.7675,3.8888,24.0,D
3,870.8648844215883,32.7227,3.3942,24.0,D
3,870.8997247829706,32.462,3.2956,24.0,D
3,871.019552015372,31.5654,2.9564,24.0,D
3,871.0809927706266,31.1051,2.784,24.0,D
3,871.0910158845389,31.03,2.7559,24.0,D
3,871.2403628824372,29.8813,2.4273,24.0,D
3,871.3194894394915,29.2727,2.2532,24.0,D
3,871.3691804126405,28.883,2.1747,24.0,D
3,871.4154418048186,28.5202,2.1016,24.0,D
3,871.4924493663385,27.9159,1.9818,24.0,D
3,871.5498330230929,27.4656,1.8925,24.0,D
3,871.5723381093236,27.2868,1.8714,24.0,D
3,871.5725396657673,27.2852,1.8712,24.0,D
3,871.5807587175678,27.2199,1.8635,24.0,D
3,871.6566312834267,26.6169,1.7941,24.0,D
3,871.6814440605033,26.4197,1.7714,24.0,D
3,871.7156046760751,26.1481,1.7411,24.0,D
3,871.7464827148932,25.9026,1.7137,24.0,D
3,871.7592928793144,25.8007,1.7028,24.0,D
3,871.7918662700076,25.5416,1.675,24.0,D
3,871.8130911559025,25.3719,1.6692,24.0,D
3,871.840405174739,25.1535,1.6622,24.0,D
3,871.8627774860299,24.9746,1.6569,24.0,D
3,871.8815598248087,24.8244,1.6527,24.0,D
3,871.8977519621753,24.6949,1.6496,24.0,D
3,871.9120809374091,24.5803,1.6469,24.0,D
3,871.924920871453,24.4776,1.6449,24.0,D
3,871.9366100825576,24.3841,1.6433,24.0,D
3,871.9475734448384,24.2964,1.6422,24.0,D
3,871.9579491978232,24.2134,1.6412,24.0,D
3,871.9677243976292,24.1352,1.6407,24.0,D
3,871.9774494699298,24.0574,1.6404,24.0,D
3,871.9870494780678,23.9806,1.6403,24.0,D
3,871.9965745108761,23.9044,1.6405,24.0,D
3,872.0062997117095,23.8266,1.641,24.0,D
3,872.0165250860914,23.7448,1.6417,24.0,D
3,872.0271133239642,23.6601,1.6427,24.0,D
3,872.0382896941262,23.5707,1.6441,24.0,D
3,872.0506542414794,23.4718,1.6459,24.0,D
3,872.0641820369391,23.3636,1.6481,24.0,D
3,872.0792863875126,23.2428,1.651,24.0,D
3,872.0966925331586,23.1036,1.6547,24.0,D
3,872.1171384756045,22.9401,1.6594,24.0,D
3,872.1417377959712,22.7434,1.6655,24.0,D
3,872.1723920218218,22.4983,1.6736,24.0,D
3,872.1770573527318,22.461,1.6749,24.0,D
3,872.1979956251056,22.2944,1.6923,24.0,D
3,872.2098932417261,22.1998,1.7028,24.0,D
3,872.2521692470365,21.8636,1.7396,24.0,D
3,872.3014438887145,21.4719,1.7839,24.0,D
3,872.3320390272172,21.2287,1.8115,24.0,D
3,872.4197671316792,20.5316,1.8928,24.0,D
3,872.4482629921242,20.3079,1.9367,24.0,D
3,872.6503533157576,18.7226,2.2539,24.0,D
3,872.6966095653353,18.3666,2.3549,24.0,D
3,872.8774622406162,16.9762,2.755,24.0,D
3,872.9913770614528,16.1234,3.0763,24.0,D
3,873.1044447741574,15.2769,3.3951,24.0,D
3,873.3036925521407,13.8351,4.0748,24.0,D
3,873.3313154734425,13.6352,4.169,24.0,D
3,873.4847745218276,12.5702,4.7797,24.0,D
3,873.5569277842711,12.0703,5.0683,24.0,D
3,873.559254430194,12.055,5.0789,24.0,D
3,873.5595145383445,12.0533,5.0801,24.0,D
3,873.782539929626,10.5849,6.0936,24.0,D
3,873.8104982831406,10.4116,6.235,24.0,D
3,874.0079938103843,9.1878,7.2343,24.0,D
3,874.0552912105506,8.9149,7.4964,24.0,D
3,874.2334829024516,7.8868,8.4839,24.0,D
3,874.2957774710852,7.5563,8.8569,24.0,D
3,874.4589485742446,6.6907,9.834,24.0,D
3,874.5330385965569,6.3347,10.3079,24.0,D
3,874.684426183771,5.607,11.276,24.0,D
3,874.7678742757954,5.2503,11.8403,24.0,D
3,874.9099119826068,4.643,12.8007,24.0,D
3,875.0008315564413,4.3049,13.4447,24.0,D
3,875.1353904585065,3.8047,14.3979,24.0,D
3,875.2322127603021,3.5011,15.1105,24.0,D
3,875.3608621439238,3.0976,16.0573,24.0,D
3,875.462304064653,2.8407,16.8271,24.0,D
3,875.5863365125246,2.5265,17.7683,24.0,D
3,875.6913004267105,2.3255,18.5836,24.0,D
3,875.8118170133542,2.0947,19.5197,24.0,D
3,875.9192814551478,1.9569,20.3683,24.0,D
3,876.037285923416,1.8054,21.3001,24.0,D
3,876.1464142939252,1.7352,22.1703,24.0,D
3,876.2627665909857,1.6603,23.0981,24.0,D
3,876.4882540909857,1.6603,24.902,24.0,T
3,876.6426579296715,12.8459,4.6216,24.0,D
3,879.4300454296715,35.145,4.6216,24.0,T
3,879.6067732719966,8.804,7.6029,24.0,D
3,883.4057732719966,39.196,7.6029,24.0,T
3,883.6271273785208,6.127,10.5842,24.0,D
3,888.0962773785208,41.8802,10.5842,24.0,T
3,888.3479879607713,4.2415,13.5655,24.0,D
3,893.2891129607713,43.7705,13.5655,24.0,T
3,893.5620788422477,2.9343,16.5468,24.0,D
3,898.8304538422477,45.0813,16.5468,24.0,T
3,899.1177288783824,2.0933,19.5281,24.0,D
3,904.5966288783824,45.9245,19.5281,24.0,T
3,904.8920761632897,1.7078,22.5094,24.0,D
3,910.4674886632897,46.3111,22.5094,24.0,T
3,910.7655074490011,1.7078,25.4906,24.0,D
3,916.3409199490011,46.3111,25.4906,24.0,T
3,916.6363745506297,2.0933,28.4719,24.0,D
3,922.1152745506297,45.9245,28.4719,24.0,T
3,922.4025642182886,2.9343,31.4532,24.0,D
3,927.6709517182886,45.0814,31.4532,24.0,T
3,927.9439422009635,4.2415,34.4345,24.0,D
3,932.8850797009635,43.7706,34.4345,24.0,T
3,933.1368228478988,6.127,37.4158,24.0,D
3,937.6059603478988,41.8801,37.4158,24.0,T
3,937.8273615966054,8.804,40.3971,24.0,D
3,941.6263615966054,39.196,40.3971,24.0,T
3,941.8031490584145,12.846,43.3784,24.0,D
3,944.5905115584145,35.1449,43.3784,24.0,T
3,954.6824988961935,0.0,1200.0,1000.0,W
3,1060.9551351335085,0.0,1200.0,1000.0,W
3,1166.2434693067626,0.0,1200.0,1000.0,T
3,1176.4016915772395,2.1664,24.9006,30.0,D
3,1176.535468558747,2.2543,25.9672,30.0,D
3,1176.626876764068,2.3143,26.696,30.0,D
3,1176.7679270321464,2.4989,27.8092,30.0,D
3,1176.8521753722637,2.6092,28.4741,30.0,D
3,1177.0054671334985,2.9083,29.6634,30.0,D
3,1177.0776458007072,3.0491,30.2234,30.0,D
3,1177.2488116874406,3.4906,31.5196,30.0,D
3,1177.3033621371408,3.6313,31.9327,30.0,D
3,1177.4990918012345,4.2556,33.3687,30.0,D
3,1177.5293551144207,4.3522,33.5907,30.0,D
3,1177.7557671848256,5.2072,35.1875,30.0,D
3,1177.7829470544445,5.3251,35.3702,30.0,D
3,1177.981824153742,6.2001,36.699,30.0,D
3,1178.0181268503534,6.3791,36.9277,30.0,D
3,1178.2107822454245,7.3289,38.1415,30.0,D
3,1178.3191452652352,7.9168,38.7786,30.0,D
3,1178.4406457314124,8.5758,39.4931,30.0,D
3,1178.6514382482535,9.8154,40.6364,30.0,D
3,1178.671421370038,9.9329,40.7448,30.0,D
3,1178.7151013783368,10.2079,40.9604,30.0,D
3,1178.903854978468,11.4086,41.8761,30.0,D
3,1179.1006578811396,12.7318,42.7293,30.0,D
3,1179.1414295490752,13.0059,42.9061,30.0,D
3,1179.1664239265679,13.1819,43.001,30.0,D
3,1179.3837539132817,14.7241,43.8038,30.0,D
3,1179.4532166697145,15.235,44.0224,30.0,D
3,1179.636102664343,16.5889,44.577,30.0,D
3,1179.6515347433508,16.7062,44.6155,30.0,D
3,1179.677407925654,16.9039,44.6768,30.0,D
3,1179.8107377686422,17.9225,44.9933,30.0,D
3,1179.9093917726157,18.6801,45.2145,30.0,D
3,1179.924515894491,18.7982,45.2408,30.0,D
3,1179.9321351341184,18.8579,45.2531,30.0,D
3,1180.027925376967,19.6083,45.4085,30.0,D
3,1180.068180221396,19.9247,45.4685,30.0,D
3,1180.1155371325206,20.2969,45.5392,30.0,D
3,1180.1746617955746,20.7631,45.6191,30.0,D
3,1180.1915314289804,20.8961,45.642,30.0,D
3,1180.252065536102,21.3749,45.7146,30.0,D
3,1180.3118814320349,21.8514,45.7586,30.0,D
3,1180.3163576364816,21.8871,45.7614,30.0,D
3,1180.3686253443063,22.304,45.7936,30.0,D
3,1180.3769785809545,22.3707,45.7977,30.0,D
3,1180.4216874674453,22.7277,45.8196,30.0,D
3,1180.4326619406672,22.8154,45.8237,30.0,D
3,1180.4721654709683,23.1311,45.8381,30.0,D
3,1180.4847331999795,23.2316,45.841,30.0,D
3,1180.5209734141758,23.5214,45.8494,30.0,D
3,1180.534411896698,23.6289,45.8507,30.0,D
3,1180.5688896726015,23.9047,45.8542,30.0,D
3,1180.5825523155559,24.014,45.8537,30.0,D
3,1180.6165900932815,24.2863,45.8526,30.0,D
3,1180.6299056973796,24.3928,45.8503,30.0,D
3,1180.6648632162419,24.6724,45.8445,30.0,D
3,1180.6772718384962,24.7716,45.8408,30.0,D
3,1180.7143973098737,25.0684,45.8298,30.0,D
3,1180.7252507223554,25.1551,45.8251,30.0,D
3,1180.7660961723009,25.4814,45.8077,30.0,D
3,1180.7747669565792,25.5506,45.8029,30.0,D
3,1180.8209030663525,25.9188,45.7773,30.0,D
3,1180.8265231753371,25.9636,45.7735,30.0,D
3,1180.8799028136016,26.3891,45.7373,30.0,D
3,1180.8813842086367,26.4009,45.7362,30.0,D
3,1180.9095611745176,26.6252,45.7138,30.0,D
3,1180.9323229640452,26.8055,45.6883,30.0,D
3,1180.9355173194183,26.8308,45.6847,30.0,D
3,1180.989331915777,27.2558,45.616,30.0,D
3,1181.0068427070926,27.3941,45.5937,30.0,D
3,1181.0515059470108,27.7457,45.5301,30.0,D
3,1181.0881539964985,28.0342,45.4779,30.0,D
3,1181.1204739593697,28.2878,45.4275,30.0,D
3,1181.1830595832182,28.7789,45.33,30.0,D
3,1181.1979806777658,28.8956,45.3049,30.0,D
3,1181.2536517050714,29.331,45.2112,30.0,D
3,1181.273208561286,29.4816,45.1688,30.0,D
3,1181.2841305145225,29.5657,45.1451,30.0,D
3,1181.3601951714352,30.1483,44.9694,30.0,D
3,1181.425590819465,30.6492,44.8184,30.0,D
3,1181.460667175907,30.9165,44.733,30.0,D
3,1181.5265782725164,31.4188,44.5726,30.0,D
3,1181.5602982267349,31.6693,44.4725,30.0,D
3,1181.594013544563,31.9198,44.3725,30.0,D
3,1181.6768820067864,32.5312,44.1162,30.0,D
3,1181.7796851150201,33.2897,43.7983,30.0,D
3,1181.7981220684019,33.4211,43.7313,30.0,D
3,1181.8294503029715,33.6444,43.6175,30.0,D
3,1181.935202055321,34.3918,43.2211,30.0,D
3,1182.0208066888479,34.9968,42.9002,30.0,D
3,1182.074390758309,35.3588,42.6706,30.0,D
3,1182.188896852579,36.1324,42.18,30.0,D
3,1182.2364918578974,36.451,41.9715,30.0,D
3,1182.2568362559284,36.5872,41.8824,30.0,D
3,1182.3906691146085,37.4339,41.2271,30.0,D
3,1182.49051807085,38.0656,40.7382,30.0,D
3,1182.55670489214,38.4571,40.3817,30.0,D
3,1182.7230392701636,39.441,39.4858,30.0,D
3,1182.73198068539,39.4898,39.4335,30.0,D
3,1182.798451292146,39.8529,39.045,30.0,D
3,1182.9247138583523,40.5337,38.2988,30.0,D
3,1182.9501964259232,40.6711,38.1482,30.0,D
3,1183.10962960403,41.4517,37.1395,30.0,D
3,1183.178185030967,41.7874,36.7058,30.0,D
3,1183.3012628328343,42.3247,35.8807,30.0,D
3,1183.4055385408456,42.78,35.1817,30.0,D
3,1183.4984943939426,43.1336,34.5275,30.0,D
3,1183.6323464951588,43.6428,33.5855,30.0,D
3,1183.7005201016718,43.862,33.0861,30.0,D
3,1183.8585973973416,44.37,31.928,30.0,D
3,1183.9068045107301,44.4954,31.5633,30.0,D
3,1184.0844454591697,44.9575,30.2194,30.0,D
3,1184.11700911318,45.0216,29.9669,30.0,D
3,1184.3099141144924,45.4013,28.4711,30.0,D
3,1184.3309284250925,45.4291,28.3053,30.0,D
3,1184.5351161209908,45.6987,26.6942,30.0,D
3,1184.5485373087643,45.7076,26.5872,30.0,D
3,1184.7601641870783,45.8478,24.9,30.0,D
3,1184.9852016870784,45.8478,23.0997,30.0,D
3,1184.9953861804997,45.8411,23.0185,30.0,D
3,1185.2101999268593,45.6987,21.3059,30.0,D
3,1185.2252054466771,45.6789,21.1875,30.0,D
3,1185.4354265895392,45.4013,19.5288,30.0,D
3,1185.4601623588067,45.3526,19.337,30.0,D
3,1185.6609104363192,44.9574,17.7804,30.0,D
3,1185.701037470925,44.8531,17.4768,30.0,D
3,1185.886726729163,44.3701,16.072,30.0,D
3,1185.948989685897,44.1699,15.6159,30.0,D
3,1186.1129876755951,43.6427,14.4145,30.0,D
3,1186.2057250888247,43.29,13.7618,30.0,D
3,1186.3397956311242,42.7799,12.8183,30.0,D
3,1186.47366996644,42.1955,11.9208,30.0,D
3,1186.5671423194715,41.7874,11.2942,30.0,D
3,1186.7562815196159,40.8613,10.0976,30.0,D
3,1186.7951309243733,40.6711,9.8518,30.0,D
3,1186.9468760581503,39.8529,8.955,30.0,D
3,1187.0222880774593,39.441,8.5142,30.0,D
3,1187.0509128400129,39.2717,8.36,30.0,D
3,1187.2548092770373,38.0656,7.2618,30.0,D
3,1187.4329622002872,36.9385,6.3895,30.0,D
3,1187.48850862794,36.5871,6.1175,30.0,D
3,1187.5564202674523,36.1325,5.82,30.0,D
3,1187.7245209873533,34.9968,5.0998,30.0,D
3,1187.9158773732051,33.6444,4.3825,30.0,D
3,1187.9656425608994,33.2897,4.2017,30.0,D
3,1188.1513256595513,31.9197,3.6275,30.0,D
3,1188.2187493224042,31.4188,3.4274,30.0,D
3,1188.3197367752139,30.6492,3.1816,30.0,D
3,1188.4224589490616,29.8624,2.9444,30.0,D
3,1188.4611695358726,29.5659,2.855,30.0,D
3,1188.491703251868,29.3308,2.7887,30.0,D
3,1188.562256083358,28.779,2.67,30.0,D
3,1188.5884572283712,28.5734,2.6292,30.0,D
3,1188.6571616700944,28.0343,2.5221,30.0,D
3,1188.7081239248155,27.6331,2.4496,30.0,D
3,1188.7385098616326,27.3939,2.4063,30.0,D
3,1188.8037338626789,26.8788,2.323,30.0,D
3,1188.8096585066555,26.832,2.3155,30.0,D
3,1188.8357666740797,26.6252,2.2862,30.0,D
3,1188.8657645594217,26.3864,2.2624,30.0,D
3,1188.8677711501248,26.3704,2.2611,30.0,D
3,1188.924575376695,25.9176,2.2226,30.0,D
3,1188.9312414404699,25.8644,2.2189,30.0,D
3,1188.9792567049699,25.4812,2.1923,30.0,D
3,1188.9890707573948,25.4028,2.1881,30.0,D
3,1189.0308806713656,25.0688,2.1702,30.0,D
3,1189.0427387448285,24.974,2.1667,30.0,D
3,1189.0804897133592,24.6722,2.1555,30.0,D
3,1189.0935803708103,24.5675,2.1532,30.0,D
3,1189.1287003548828,24.2866,2.1474,30.0,D
3,1189.1423254466256,24.1776,2.147,30.0,D
3,1189.1764632761735,23.9045,2.1458,30.0,D
3,1189.1900144062001,23.7961,2.1472,30.0,D
3,1189.224342037199,23.5215,2.1506,30.0,D
3,1189.2372724760933,23.4181,2.1536,30.0,D
3,1189.2731374855907,23.1313,2.1619,30.0,D
3,1189.2848248519,23.0379,2.1662,30.0,D
3,1189.3237153793457,22.7271,2.1804,30.0,D
3,1189.3336085904018,22.6481,2.1852,30.0,D
3,1189.37666521736,22.3043,2.2064,30.0,D
3,1189.3838871565904,22.2467,2.2109,30.0,D
3,1189.4335088331163,21.8509,2.2414,30.0,D
3,1189.4372117458213,21.8214,2.2441,30.0,D
3,1189.493036149647,21.3767,2.2852,30.0,D
3,1189.5439991907895,20.9736,2.3463,30.0,D
3,1189.5538601301464,20.8956,2.3581,30.0,D
3,1189.6033735689787,20.5052,2.4251,30.0,D
3,1189.629766069097,20.2971,2.4608,30.0,D
3,1189.668812285703,19.9902,2.519,30.0,D
3,1189.717390105037,19.6084,2.5915,30.0,D
3,1189.7417825539198,19.4173,2.631,30.0,D
3,1189.8208510813581,18.7979,2.7593,30.0,D
3,1189.824526697803,18.7692,2.7657,30.0,D
3,1189.8359236820534,18.6802,2.7855,30.0,D
3,1189.8989491840844,18.1962,2.9268,30.0,D
3,1189.934589685098,17.9225,3.0067,30.0,D
3,1189.9922739144201,17.4818,3.1436,30.0,D
3,1190.0938322266416,16.7059,3.3846,30.0,D
3,1190.100816998023,16.6528,3.402,30.0,D
3,1190.1091971270494,16.5891,3.4229,30.0,D
3,1190.2000122250852,15.9168,3.6983,30.0,D
3,1190.2921062565151,15.235,3.9775,30.0,D
3,1190.3264560199787,14.9824,4.0857,30.0,D
3,1190.3615903425848,14.724,4.1963,30.0,D
3,1190.447561655024,14.1139,4.5138,30.0,D
3,1190.5788586638675,13.1822,4.9988,30.0,D
3,1190.5965883176996,13.0574,5.0662,30.0,D
3,1190.6039597257231,13.0055,5.0942,30.0,D
3,1190.735844626418,12.1188,5.666,30.0,D
3,1190.8414719525758,11.4086,6.1239,30.0,D
3,1190.8897485077682,11.1015,6.3581,30.0,D
3,1191.0302080331883,10.208,7.0395,30.0,D
3,1191.0660964561998,9.9821,7.2167,30.0,D
3,1191.0739680824613,9.9325,7.2555,30.0,D
3,1191.232568348953,8.9999,8.1158,30.0,D
3,1191.304681543394,8.5758,8.5069,30.0,D
3,1191.4087904804803,8.0111,9.1191,30.0,D
3,1191.5345450281118,7.3289,9.8585,30.0,D
3,1191.5927621916032,7.0419,10.2253,30.0,D
3,1191.7634581804987,6.2003,11.3007,30.0,D
3,1191.7829978716745,6.1144,11.4313,30.0,D
3,1191.9623734766387,5.3252,12.6298,30.0,D
3,1191.9895879087014,5.2071,12.8127,30.0,D
3,1192.1911257126148,4.4459,14.234,30.0,D
3,1192.2159220612623,4.3523,14.4089,30.0,D
3,1192.3946555264067,3.7822,15.7202,30.0,D
3,1192.4419658747727,3.6313,16.0673,30.0,D
3,1192.6026604540605,3.2168,17.2842,30.0,D
3,1192.6676822112365,3.0491,17.7766,30.0,D
3,1192.8147983940648,2.7621,18.918,30.0,D
3,1192.8931647622098,2.6092,19.526,30.0,D
3,1193.030871557272,2.4289,20.6128,30.0,D
3,1193.1184510390299,2.3143,21.304,30.0,D
3,1193.2507726530287,2.2274,22.359,30.0,D
3,1193.3436362256768,2.1664,23.0994,30.0,D
3,1193.5687862256768,2.1664,24.9006,30.0,T
3,1193.7197147182096,13.0694,5.0597,30.0,D
3,1196.4511897182097,34.9212,5.0597,30.0,T
3,1196.6240653003965,9.1541,7.9736,30.0,D
3,1200.3357153003965,38.8473,7.9736,30.0,T
3,1200.5520798004802,6.5237,10.8875,30.0,D
3,1204.9206923004801,41.4726,10.8875,30.0,T
3,1205.1667602981474,4.6776,13.8014,30.0,D
3,1209.9959852981474,43.3114,13.8014,30.0,T
3,1210.2626990151507,3.4106,16.7153,30.0,D
3,1215.4102865151508,44.5913,16.7153,30.0,T
3,1215.6909542597132,2.5921,19.6292,30.0,D
3,1221.044204259713,45.4181,19.6292,30.0,T
3,1221.3328979157277,2.2122,22.5431,30.0,D
3,1226.7815729157278,45.8016,22.5431,30.0,T
3,1227.0728174500819,2.2122,25.4569,30.0,D
3,1232.5214799500818,45.8015,25.4569,30.0,T
3,1232.8101968865492,2.5921,28.3708,30.0,D
3,1238.163446886549,45.4181,28.3708,30.0,T
3,1238.4441698317744,3.4106,31.2847,30.0,D
3,1243.5917448317743,44.5912,31.2847,30.0,T
3,1243.8585429906436,4.6777,34.1986,30.0,D
3,1248.6877554906437,43.3114,34.1986,30.0,T
3,1248.9337749735669,6.5237,37.1125,30.0,D
3,1253.3023874735668,41.4726,37.1125,30.0,T
3,1253.5187187749614,9.154,40.0264,30.0,D
3,1257.2303812749615,38.8473,40.0264,30.0,T
3,1257.4033290637701,13.0693,42.9403,30.0,D
3,1260.13481656377,34.9212,42.9403,30.0,T
3,1270.203263734287,0.0,1200.0,1000.0,W
3,1372.5028017231073,0.0,1200.0,1000.0,W
3,1467.4167237345687,0.0,1200.0,1000.0,T
3,1477.5495888832172,4.3031,24.8949,36.0,D
3,1477.753186998769,4.4483,26.5172,36.0,D
3,1477.773505501728,4.4628,26.6791,36.0,D
3,1477.9980036298523,4.7814,28.4466,36.0,D
3,1478.053399716413,4.8982,28.8741,36.0,D
3,1478.2215839963897,5.2675,30.1679,36.0,D
3,1478.2427476518512,5.3286,30.3258,36.0,D
3,1478.4492614838637,5.9245,31.8667,36.0,D
3,1478.53501585693,6.2281,32.4819,36.0,D
3,1478.679372758934,6.7392,33.5175,36.0,D
3,1478.8638889696888,7.5059,34.7789,36.0,D
3,1478.9123211000363,7.7073,35.1099,36.0,D
3,1479.008634768102,8.1626,35.7315,36.0,D
3,1479.1461003302666,8.8345,36.6021,36.0,D
3,1479.2749134167523,9.5311,37.3615,36.0,D
3,1479.3914644047898,10.1614,38.0486,36.0,D
3,1479.480088792129,10.682,38.5299,36.0,D
3,1479.6414058411738,11.6563,39.3762,36.0,D
3,1479.8106923498838,12.7453,40.1813,36.0,D
3,1479.905808050809,13.3726,40.612,36.0,D
3,1480.059484218549,14.4344,41.2317,36.0,D
3,1480.1970049448278,15.4044,41.7508,36.0,D
3,1480.2595389455794,15.8602,41.957,36.0,D
3,1480.3344782845893,16.4152,42.1837,36.0,D
3,1480.4382915499386,17.1841,42.4976,36.0,D
3,1480.5367329347825,17.9247,42.7654,36.0,D
3,1480.5832486797647,18.2809,42.8731,36.0,D
3,1480.6044111022395,18.4447,42.9159,36.0,D
3,1480.7213229453628,19.3496,43.1524,36.0,D
3,1480.7897338111848,19.8843,43.2691,36.0,D
3,1480.8470824216736,20.3325,43.3671,36.0,D
3,1480.9431411032829,21.0896,43.4988,36.0,D
3,1480.9637079341337,21.2517,43.527,36.0,D
3,1481.0739320609164,22.1263,43.6394,36.0,D
3,1481.0982633711205,22.3203,43.6553,36.0,D
3,1481.1774060606913,22.952,43.698,36.0,D
3,1481.1789943478977,22.9647,43.6984,36.0,D
3,1481.282387880094,23.7915,43.7224,36.0,D
3,1481.2867255421945,23.8262,43.7221,36.0,D
3,1481.3869052869038,24.6276,43.7143,36.0,D
3,1481.3900463705147,24.6527,43.7131,36.0,D
3,1481.4929042556341,25.4746,43.6733,36.0,D
3,1481.514748455379,25.6487,43.6582,36.0,D
3,1481.5926784279507,26.2687,43.5928,36.0,D
3,1481.5975292655073,26.3073,43.5888,36.0,D
3,1481.6878353189104,27.0216,43.4806,36.0,D
3,1481.710516602494,27.201,43.4534,36.0,D
3,1481.7846440371084,27.7829,43.3391,36.0,D
3,1481.8313836783404,28.1498,43.267,36.0,D
3,1481.8845499270326,28.5634,43.1678,36.0,D
3,1481.9628256466476,29.1723,43.0216,36.0,D
3,1481.989025566137,29.374,42.9646,36.0,D
3,1482.0852730027912,30.1151,42.7557,36.0,D
3,1482.0957639661644,30.1946,42.7288,36.0,D
3,1482.0960406654597,30.1967,42.7281,36.0,D
3,1482.0982700852273,30.2136,42.7224,36.0,D
3,1482.2028622455455,30.9944,42.4216,36.0,D
3,1482.2647502492296,31.4564,42.2436,36.0,D
3,1482.3182511399932,31.8495,42.0743,36.0,D
3,1482.4246587789341,32.6313,41.7375,36.0,D
3,1482.4361748343026,32.7134,41.6957,36.0,D
3,1482.4451249477795,32.7772,41.6632,36.0,D
3,1482.5594009876183,33.5749,41.2166,36.0,D
3,1482.6805549921435,34.4206,40.7431,36.0,D
3,1482.6947230956246,34.5175,40.6843,36.0,D
3,1482.7085202873677,34.6119,40.6271,36.0,D
3,1482.823692647333,35.3619,40.0919,36.0,D
3,1482.9646923304,36.2801,39.4367,36.0,D
3,1482.972362565077,36.3289,39.3995,36.0,D
3,1482.9739051380088,36.3387,39.392,36.0,D
3,1483.1132311103274,37.1682,38.6475,36.0,D
3,1483.2284631927198,37.8543,38.0318,36.0,D
3,1483.2638768134223,38.0489,37.8259,36.0,D
3,1483.3447398699207,38.4933,37.3558,36.0,D
3,1483.430420136756,38.9497,36.8444,36.0,D
3,1483.468257824648,39.1513,36.6186,36.0,D
3,1483.591880350533,39.7452,35.8278,36.0,D
3,1483.7064853767372,40.2958,35.0947,36.0,D
3,1483.7607917601672,40.5256,34.726,36.0,D
3,1483.9410113978665,41.2883,33.5025,36.0,D
3,1483.9503973997444,41.3222,33.4355,36.0,D
3,1484.1305531505025,41.9484,32.1374,36.0,D
3,1484.166428877847,42.0731,31.8789,36.0,D
3,1484.3184087953114,42.503,30.7416,36.0,D
3,1484.39368259761,42.7159,30.1783,36.0,D
3,1484.5130752592615,42.9726,29.2583,36.0,D
3,1484.6192570116075,43.2009,28.4401,36.0,D
3,1484.7147451432327,43.3391,27.6888,36.0,D
3,1484.8436134202154,43.5258,26.6749,36.0,D
3,1484.9238450701814,43.5841,26.0357,36.0,D
3,1485.06721523139,43.6885,24.8935,36.0,D
3,1485.29057773139,43.6885,23.1066,36.0,D
3,1485.3688153392345,43.6315,22.4833,36.0,D
3,1485.5141919906653,43.5258,21.3251,36.0,D
3,1485.6081965284548,43.3896,20.5855,36.0,D
3,1485.738548399006,43.2009,19.5599,36.0,D
3,1485.8626114430854,42.9342,18.6039,36.0,D
3,1485.964122813292,42.7159,17.8217,36.0,D
3,1486.1362821639857,42.2289,16.5334,36.0,D
3,1486.1913765333102,42.0731,16.1211,36.0,D
3,1486.407380063374,41.3223,14.5647,36.0,D
3,1486.4168778673964,41.288,14.4969,36.0,D
3,1486.6513031839952,40.2959,12.9054,36.0,D
3,1486.7914857179019,39.6224,12.0087,36.0,D
3,1486.8895582333241,39.1513,11.3813,36.0,D
3,1487.013057537472,38.4933,10.6443,36.0,D
3,1487.1293432987725,37.8543,9.9682,36.0,D
3,1487.3457062190737,36.5661,8.8121,36.0,D
3,1487.383945960345,36.3384,8.6078,36.0,D
3,1487.3930863326707,36.2803,8.5634,36.0,D
3,1487.6493034223256,34.6118,7.3728,36.0,D
3,1487.6772236882628,34.4208,7.257,36.0,D
3,1487.8111537988848,33.4859,6.7336,36.0,D
3,1487.912642826155,32.7775,6.3369,36.0,D
3,1487.9331201344803,32.6315,6.2626,36.0,D
3,1488.0930565696076,31.4564,5.7564,36.0,D
3,1488.2454459070175,30.3188,5.3181,36.0,D
3,1488.2596596877424,30.2127,5.2772,36.0,D
3,1488.2724946558471,30.1154,5.2444,36.0,D
3,1488.3949694619298,29.1724,4.9784,36.0,D
3,1488.4428541884222,28.7999,4.889,36.0,D
3,1488.5264357391675,28.1497,4.733,36.0,D
3,1488.6105651224113,27.4893,4.6032,36.0,D
3,1488.6472782842202,27.2011,4.5466,36.0,D
3,1488.7522484124115,26.3708,4.4209,36.0,D
3,1488.7603150586322,26.307,4.4112,36.0,D
3,1488.8430461365292,25.6488,4.3418,36.0,D
3,1488.8647771771164,25.4756,4.3268,36.0,D
3,1488.9709515450506,24.6272,4.2857,36.0,D
3,1488.9744517459378,24.5992,4.2854,36.0,D
3,1489.0754314530577,23.7914,4.2776,36.0,D
3,1489.079608323896,23.758,4.2786,36.0,D
3,1489.1807135058232,22.9495,4.3021,36.0,D
3,1489.1818410030517,22.9405,4.3027,36.0,D
3,1489.2595435649464,22.3203,4.3447,36.0,D
3,1489.2839745423369,22.1255,4.3606,36.0,D
3,1489.3810556054361,21.3552,4.4597,36.0,D
3,1489.3941242822054,21.2515,4.473,36.0,D
3,1489.4768745739345,20.5993,4.5865,36.0,D
3,1489.5107128496923,20.3326,4.6329,36.0,D
3,1489.5749951616062,19.8302,4.7427,36.0,D
3,1489.6364967494922,19.3495,4.8476,36.0,D
3,1489.6770267711581,19.0358,4.9296,36.0,D
3,1489.774531573123,18.2811,5.1268,36.0,D
3,1489.784405599974,18.2055,5.1497,36.0,D
3,1489.821074867164,17.9247,5.2346,36.0,D
3,1489.8892869090353,17.4115,5.4201,36.0,D
3,1489.9195162537396,17.1841,5.5024,36.0,D
3,1490.0003144127534,16.5857,5.7468,36.0,D
3,1490.098268857682,15.8602,6.043,36.0,D
3,1490.1204559633122,15.6985,6.1162,36.0,D
3,1490.1608028594908,15.4044,6.2492,36.0,D
3,1490.2372441042887,14.8652,6.5377,36.0,D
3,1490.2983235863182,14.4344,6.7683,36.0,D
3,1490.3663020870556,13.9647,7.0424,36.0,D
3,1490.4519826575267,13.3727,7.3879,36.0,D
3,1490.495603456035,13.085,7.5854,36.0,D
3,1490.5471260436182,12.7452,7.8187,36.0,D
3,1490.6369582004788,12.1673,8.2459,36.0,D
3,1490.7163950700672,11.6563,8.6237,36.0,D
3,1490.77751525137,11.2872,8.9444,36.0,D
3,1490.877728514589,10.682,9.4702,36.0,D
3,1490.9343408917694,10.3494,9.7776,36.0,D
3,1490.9663352394148,10.1615,9.9514,36.0,D
3,1491.0859208448665,9.5148,10.6564,36.0,D
3,1491.2117077641485,8.8345,11.3979,36.0,D
3,1491.2458135027603,8.6678,11.6139,36.0,D
3,1491.349190859142,8.1625,12.2686,36.0,D
3,1491.4232779805768,7.8122,12.7467,36.0,D
3,1491.44545950442,7.7074,12.8899,36.0,D
3,1491.594352832427,7.0886,13.9077,36.0,D
3,1491.6784356970606,6.7392,14.4825,36.0,D
3,1491.772513924151,6.4061,15.1574,36.0,D
3,1491.9085581816557,5.9245,16.1334,36.0,D
3,1491.9571021131121,5.7844,16.4956,36.0,D
3,1492.1362078430595,5.2676,17.832,36.0,D
3,1492.1478319828127,5.242,17.9214,36.0,D
3,1492.3043955581584,4.8982,19.1258,36.0,D
3,1492.3598311133667,4.7813,19.5536,36.0,D
3,1492.5667615666596,4.4877,21.1828,36.0,D
3,1492.584250996503,4.4629,21.3205,36.0,D
3,1492.7803832796692,4.3229,22.8833,36.0,D
3,1492.8082060811323,4.3031,23.105,36.0,D
3,1493.0319435811323,4.3031,24.8949,36.0,T
3,1493.1666766775745,13.8744,7.0951,36.0,D
3,1495.6988266775745,34.1316,7.0951,36.0,T
3,1495.859449392982,10.2035,9.9126,36.0,D
3,1499.308049392982,37.7923,9.9126,36.0,T
3,1499.5087164291565,7.8244,12.7301,36.0,D
3,1503.5511914291565,40.1642,12.7301,36.0,T
3,1503.778306767757,6.2136,15.5475,36.0,D
3,1508.226156767757,41.7964,15.5475,36.0,T
3,1508.471417089071,5.1154,18.365,36.0,D
3,1513.190429589071,42.8675,18.365,36.0,T
3,1513.4469827828916,4.4878,21.1825,36.0,D
3,1518.3234452828915,43.4995,21.1825,36.0,T
3,1518.585428834471,4.3031,24.0,36.0,D
3,1523.508603834471,43.6885,24.0,36.0,T
3,1523.7706166439025,4.4877,26.8175,36.0,D
3,1528.6470916439025,43.4995,26.8175,36.0,T
3,1528.9036740923418,5.1154,29.635,36.0,D
3,1533.6226865923418,42.8675,29.635,36.0,T
3,1533.8677667779918,6.2136,32.4525,36.0,D
3,1538.3156167779919,41.7964,32.4525,36.0,T
3,1538.5428736304611,7.8245,35.2699,36.0,D
3,1542.5853361304612,40.1642,35.2699,36.0,T
3,1542.7859560411703,10.2034,38.0874,36.0,D
3,1546.2345685411703,37.7923,38.0874,36.0,T
3,1546.395123061241,13.8745,40.9049,36.0,D
3,1548.9272605612412,34.1316,40.9049,36.0,T
3,1558.9803693495437,0.0,1200.0,1000.0,W
3,1642.7611777189113,0.0,1200.0,1000.0,W
3,1717.6905599594388,0.0,1200.0,1000.0,T
3,1727.7983245633766,8.7117,24.8764,42.0,D
3,1727.9625116613015,8.8591,26.1816,42.0,D
3,1728.0182769198636,8.9092,26.6249,42.0,D
3,1728.224649383885,9.2752,28.2348,42.0,D
3,1728.2408393595645,9.3039,28.3611,42.0,D
3,1728.3219006114823,9.5152,28.9742,42.0,D
3,1728.4629689116512,9.9125,30.0305,42.0,D
3,1728.5229921909893,10.1304,30.4584,42.0,D
3,1728.6984445928324,10.7675,31.7091,42.0,D
3,1728.9268507828892,11.7634,33.2411,42.0,D
3,1728.9339971543461,11.7968,33.2875,42.0,D
3,1728.9693537860614,11.9845,33.4991,42.0,D
3,1729.200512017177,13.2118,34.8824,42.0,D
3,1729.273119252526,13.636,35.2792,42.0,D
3,1729.4846914771917,14.9394,36.359,42.0,D
3,1729.5490781278365,15.362,36.6535,42.0,D
3,1729.7265751225293,16.5784,37.3861,42.0,D
3,1729.789545179898,17.01,37.6459,42.0,D
3,1729.8120792547902,17.171,37.727,42.0,D
3,1729.9830387369234,18.4288,38.2641,42.0,D
3,1730.0983218137928,19.3019,38.5612,42.0,D
3,1730.1689091676974,19.8365,38.7431,42.0,D
3,1730.3344702048748,21.121,39.0661,42.0,D
3,1730.497825456168,22.4158,39.2431,42.0,D
3,1730.517447422494,22.5725,39.2524,42.0,D
3,1730.656675134467,23.6844,39.3178,42.0,D
3,1730.683705479105,23.9006,39.3135,42.0,D
3,1730.8146308037178,24.9478,39.2929,42.0,D
3,1730.8364470426525,25.1215,39.2759,42.0,D
3,1730.975457784706,26.2283,39.1676,42.0,D
3,1730.9814852478953,26.2758,39.1593,42.0,D
3,1731.0578863778362,26.8778,39.0536,42.0,D
3,1731.1282762175238,27.4293,38.9398,42.0,D
3,1731.136098910874,27.4906,38.9272,42.0,D
3,1731.2586404146848,28.4306,38.6489,42.0,D
3,1731.3140988957766,28.856,38.5229,42.0,D
3,1731.3908333821973,29.4291,38.3029,42.0,D
3,1731.5091466217618,30.3127,37.9636,42.0,D
3,1731.5270128127731,30.4421,37.9029,42.0,D
3,1731.5711440375464,30.7617,37.7529,42.0,D
3,1731.6624159065013,31.4006,37.3994,42.0,D
3,1731.718590300134,31.7938,37.1818,42.0,D
3,1731.7995022053535,32.3365,36.829,42.0,D
3,1731.914468022284,33.1076,36.3277,42.0,D
3,1731.9394730780227,33.2659,36.2054,42.0,D
3,1731.9641305977937,33.422,36.0848,42.0,D
3,1732.0834386235085,34.1376,35.4532,42.0,D
3,1732.1974233545309,34.8212,34.8497,42.0,D
3,1732.2284270085495,34.9911,34.669,42.0,D
3,1732.2777711318065,35.2615,34.3814,42.0,D
3,1732.3843197548033,35.8102,33.7291,42.0,D
3,1732.4511236890064,36.1542,33.3201,42.0,D
3,1732.5373569527812,36.5431,32.7503,42.0,D
3,1732.699464203641,37.2744,31.6793,42.0,D
3,1732.707701713125,37.3055,31.6212,42.0,D
3,1732.8736719608353,37.8867,30.4274,42.0,D
3,1732.925501321783,38.0682,30.0546,42.0,D
3,1733.046574260156,38.3958,29.1431,42.0,D
3,1733.1527214236248,38.6831,28.344,42.0,D
3,1733.2273704461402,38.8208,27.7629,42.0,D
3,1733.3749614403184,39.0931,26.614,42.0,D
3,1733.4179312698502,39.1333,26.2726,42.0,D
3,1733.5941519699857,39.2981,24.8725,42.0,D
3,1733.8123019699856,39.2981,23.1273,42.0,D
3,1733.843590596114,39.2689,22.8787,42.0,D
3,1734.0314676723665,39.0931,21.386,42.0,D
3,1734.0926792240746,38.9802,20.9095,42.0,D
3,1734.2537076891435,38.6831,19.656,42.0,D
3,1734.382728298568,38.3339,18.6847,42.0,D
3,1734.4809277909928,38.0682,17.9454,42.0,D
3,1734.6987386385476,37.3055,16.3787,42.0,D
3,1734.7069930691762,37.2743,16.3205,42.0,D
3,1734.7168707112278,37.2298,16.2552,42.0,D
3,1734.9553058914262,36.1542,14.6799,42.0,D
3,1735.1286584485533,35.2615,13.6186,42.0,D
3,1735.209006225825,34.8212,13.1503,42.0,D
3,1735.4423083535746,33.4219,11.9152,42.0,D
3,1735.491961037918,33.1076,11.6723,42.0,D
3,1735.6878282801063,31.7939,10.8182,42.0,D
3,1735.8352964175547,30.7616,10.2471,42.0,D
3,1735.8972658908863,30.3128,10.0365,42.0,D
3,1735.9510948096938,29.9108,9.8821,42.0,D
3,1736.0923297668573,28.856,9.4771,42.0,D
3,1736.2489796237237,27.6544,9.1212,42.0,D
3,1736.2702902504743,27.4909,9.0729,42.0,D
3,1736.348542033601,26.8778,8.9464,42.0,D
3,1736.4310835922624,26.2274,8.8323,42.0,D
3,1736.4409805062385,26.1486,8.8246,42.0,D
3,1736.59178495018,24.9479,8.7071,42.0,D
3,1736.616914924812,24.7469,8.7031,42.0,D
3,1736.749703126707,23.6848,8.6822,42.0,D
3,1736.7755107230935,23.4787,8.6944,42.0,D
3,1736.9086526316441,22.4154,8.7569,42.0,D
3,1736.923843300038,22.295,8.7734,42.0,D
3,1737.0720872733557,21.12,8.9342,42.0,D
3,1737.2076284294671,20.0684,9.1986,42.0,D
3,1737.2375421857091,19.8363,9.2569,42.0,D
3,1737.3385711311282,19.0712,9.5174,42.0,D
3,1737.4233889515215,18.4288,9.7359,42.0,D
3,1737.472541903175,18.0672,9.8904,42.0,D
3,1737.5943599315256,17.1709,10.273,42.0,D
3,1737.6111416971135,17.051,10.3334,42.0,D
3,1737.616866055702,17.0101,10.354,42.0,D
3,1737.744210363216,16.1374,10.8796,42.0,D
3,1737.8573674201382,15.3619,11.3466,42.0,D
3,1737.8855521372957,15.1769,11.4755,42.0,D
3,1737.9217264138088,14.9395,11.641,42.0,D
3,1738.0244332668237,14.3067,12.1651,42.0,D
3,1738.1333082653887,13.636,12.7208,42.0,D
3,1738.1735650660564,13.4008,12.9408,42.0,D
3,1738.205915500752,13.2118,13.1176,42.0,D
3,1738.3192985799847,12.6098,13.7961,42.0,D
3,1738.4725102987964,11.7964,14.713,42.0,D
3,1738.4795491419186,11.7635,14.7587,42.0,D
3,1738.636033638455,11.0812,15.8083,42.0,D
3,1738.7079726251902,10.7675,16.2908,42.0,D
3,1738.7977364489864,10.4416,16.9307,42.0,D
3,1738.9434594444479,9.9125,17.9695,42.0,D
3,1738.9650930446164,9.8516,18.1315,42.0,D
3,1739.0845277450023,9.5152,19.0258,42.0,D
3,1739.1574298583118,9.3252,19.5772,42.0,D
3,1739.1655771834096,9.3039,19.6388,42.0,D
3,1739.3449645074636,8.9858,21.0382,42.0,D
3,1739.3881396232712,8.9092,21.375,42.0,D
3,1739.5438855928217,8.7694,22.6131,42.0,D
3,1739.6081168218404,8.7117,23.1237,42.0,D
3,1739.8272043218403,8.7117,24.8764,42.0,T
3,1739.9264807018913,15.1887,11.4673,42.0,D
3,1742.1269182018912,32.7922,11.4673,42.0,T
3,1742.2654156806343,12.2051,14.2523,42.0,D
3,1745.2140906806344,35.7945,14.2523,42.0,T
3,1745.384486637009,10.3873,17.0374,42.0,D
3,1748.7893491370091,37.6262,17.0374,42.0,T
3,1748.9793517944174,9.2622,19.8224,42.0,D
3,1752.6618892944175,38.7225,19.8224,42.0,T
3,1752.862434001349,8.77,22.6075,42.0,D
3,1756.670809001349,39.237,22.6075,42.0,T
3,1756.8747691623826,8.77,25.3925,42.0,D
3,1760.6831316623825,39.2369,25.3925,42.0,T
3,1760.8838237340965,9.2622,28.1776,42.0,D
3,1764.5663612340966,38.7225,28.1776,42.0,T
3,1764.7561728113153,10.3873,30.9626,42.0,D
3,1768.1610228113152,37.6261,30.9626,42.0,T
3,1768.3315102201707,12.2051,33.7477,42.0,D
3,1771.2801977201707,35.7946,33.7477,42.0,T
3,1771.418819401946,15.1887,36.5327,42.0,D
3,1773.6192569019458,32.7922,36.5327,42.0,T
3,1783.6691225429497,0.0,1200.0,1000.0,W
3,1837.6231705396733,0.0,1200.0,1000.0,W
3,1876.135299529821,0.0,1200.0,1000.0,T
3,1886.2193848083268,19.2646,24.7033,48.0,D
3,1886.3864847657812,19.6104,25.9946,48.0,D
3,1886.6124790204096,20.6762,27.455,48.0,D
3,1886.65237541749,20.913,27.669,48.0,D
3,1886.8024762549503,21.9527,28.2698,48.0,D
3,1886.8673394101793,22.402,28.5294,48.0,D
3,1886.9667851907898,23.1741,28.7212,48.0,D
3,1887.0274810926285,23.6517,28.8088,48.0,D
3,1887.1940788388993,24.982,28.7275,48.0,D
3,1887.3321177968287,26.0025,28.3055,48.0,D
3,1887.3743083263496,26.3144,28.1765,48.0,D
3,1887.4450269435058,26.7689,27.8396,48.0,D
3,1887.554731111755,27.4739,27.3169,48.0,D
3,1887.5650899998468,27.529,27.255,48.0,D
3,1887.5860299176177,27.6403,27.1298,48.0,D
3,1887.6964176221527,28.1054,26.3791,48.0,D
3,1887.7435587533441,28.304,26.0585,48.0,D
3,1887.818762019563,28.481,25.4835,48.0,D
3,1887.925731152085,28.7327,24.6656,48.0,D
3,1888.0921311520851,28.7327,23.3344,48.0,D
3,1888.1476361800105,28.6021,22.91,48.0,D
3,1888.2743035507597,28.304,21.9415,48.0,D
3,1888.4318151773148,27.6404,20.8703,48.0,D
3,1888.4631492766516,27.4738,20.683,48.0,D
3,1888.6435620204504,26.3144,19.8234,48.0,D
3,1888.8237982829296,24.9819,19.2725,48.0,D
3,1888.990408505924,23.6515,19.1912,48.0,D
3,1889.0510798181317,23.1741,19.2788,48.0,D
3,1889.150510454287,22.4021,19.4705,48.0,D
3,1889.2623833488203,21.6272,19.9183,48.0,D
3,1889.3655023471306,20.9129,20.331,48.0,D
3,1889.3831937159655,20.8079,20.4259,48.0,D
3,1889.4053810892046,20.6762,20.5449,48.0,D
3,1889.503502036573,20.2135,21.179,48.0,D
3,1889.6314130041442,19.6103,22.0056,48.0,D
3,1889.7831916886244,19.2962,23.1785,48.0,D
3,1889.7984855803788,19.2646,23.2967,48.0,D
3,1889.9743105803789,19.2646,24.7033,48.0,T
3,1889.9897688988874,19.5055,22.3971,48.0,D
3,1891.1071063988875,28.4442,22.3971,48.0,T
3,1891.1704142924905,19.5055,25.6029,48.0,D
3,1892.2877517924906,28.4442,25.6029,48.0,T
3,1902.3681433655772,0.0,1200.0,1000.0,W
3,1902.4681433655771,0.0,1200.0,1000.0,F
